lon,lat,ts_seconds,concentration,source,license,notes
37.7279,45.1349,4523682,0.0000,synthetic-blacksea-mix,CC0-1.0,Novorossiysk
39.9194,40.9860,149532430,0.2577,synthetic-blacksea-mix,CC0-1.0,Trabzon
27.7074,42.4494,128783001,0.0485,synthetic-blacksea-mix,CC0-1.0,Burgas
39.1900,41.0987,76257942,0.0000,synthetic-blacksea-mix,CC0-1.0,offshore
39.6501,43.4313,141272498,0.3940,synthetic-blacksea-mix,CC0-1.0,Sochi
37.4834,45.0986,142137652,0.2810,synthetic-blacksea-mix,CC0-1.0,Anapa
37.3943,45.1098,73937439,0.1695,synthetic-blacksea-mix,CC0-1.0,Anapa
28.0431,44.1916,25201000,0.0000,synthetic-blacksea-mix,CC0-1.0,offshore
39.9666,43.7055,5369047,0.0662,synthetic-blacksea-mix,CC0-1.0,Sochi
37.5545,44.8022,20057355,0.3872,synthetic-blacksea-mix,CC0-1.0,Novorossiysk
37.4996,44.8690,4248437,0.0000,synthetic-blacksea-mix,CC0-1.0,Anapa
37.9313,44.6933,46196308,0.4639,synthetic-blacksea-mix,CC0-1.0,Novorossiysk
39.2479,43.7566,49698015,0.1041,synthetic-blacksea-mix,CC0-1.0,offshore
40.1600,40.6846,68748717,0.0651,synthetic-blacksea-mix,CC0-1.0,offshore
28.5441,43.8327,63708646,0.0757,synthetic-blacksea-mix,CC0-1.0,Constanta
27.2362,42.5743,98728203,0.0052,synthetic-blacksea-mix,CC0-1.0,Burgas
39.8362,43.6416,119715095,0.4078,synthetic-blacksea-mix,CC0-1.0,Sochi
40.1172,44.0939,36528657,0.0000,synthetic-blacksea-mix,CC0-1.0,offshore
37.0709,44.8359,51214566,0.3716,synthetic-blacksea-mix,CC0-1.0,Anapa
36.8850,45.0492,151907774,0.1410,synthetic-blacksea-mix,CC0-1.0,Anapa
29.1128,44.3630,107754528,0.0765,synthetic-blacksea-mix,CC0-1.0,offshore
39.5005,43.4824,113314243,0.3002,synthetic-blacksea-mix,CC0-1.0,Sochi
28.7381,44.0753,39289227,0.1147,synthetic-blacksea-mix,CC0-1.0,Constanta
37.9692,44.9947,115845855,0.1688,synthetic-blacksea-mix,CC0-1.0,Novorossiysk
27.5975,42.6399,106173248,0.2204,synthetic-blacksea-mix,CC0-1.0,Burgas
37.4044,44.6952,86584027,0.1466,synthetic-blacksea-mix,CC0-1.0,Anapa
37.5056,45.0538,100436861,0.0409,synthetic-blacksea-mix,CC0-1.0,Anapa
28.4933,44.1189,53624187,0.3137,synthetic-blacksea-mix,CC0-1.0,Constanta
39.9235,40.6678,88237399,0.1079,synthetic-blacksea-mix,CC0-1.0,Trabzon
39.6608,43.4673,87523234,0.3983,synthetic-blacksea-mix,CC0-1.0,Sochi
28.3540,44.4880,138968924,0.0245,synthetic-blacksea-mix,CC0-1.0,Constanta
39.1754,41.4474,97656430,0.0277,synthetic-blacksea-mix,CC0-1.0,offshore
39.2850,43.6401,97278280,0.0234,synthetic-blacksea-mix,CC0-1.0,Sochi
40.0047,43.6122,135936793,0.0455,synthetic-blacksea-mix,CC0-1.0,Sochi
37.5095,44.7017,153651599,0.1453,synthetic-blacksea-mix,CC0-1.0,Anapa
39.8478,41.4232,65995288,0.0000,synthetic-blacksea-mix,CC0-1.0,Trabzon
28.4910,44.1290,40275041,0.0804,synthetic-blacksea-mix,CC0-1.0,Constanta
28.2896,43.9857,116284727,0.0215,synthetic-blacksea-mix,CC0-1.0,Constanta
37.5677,45.2232,80056468,0.2215,synthetic-blacksea-mix,CC0-1.0,Anapa
36.7464,44.9200,116569973,0.0744,synthetic-blacksea-mix,CC0-1.0,offshore
37.4918,44.7173,137946451,0.2261,synthetic-blacksea-mix,CC0-1.0,Anapa
27.3432,42.6850,18509235,0.2739,synthetic-blacksea-mix,CC0-1.0,Burgas
37.6391,44.9515,51243419,0.3250,synthetic-blacksea-mix,CC0-1.0,Novorossiysk
39.3619,43.8239,26189152,0.0119,synthetic-blacksea-mix,CC0-1.0,Sochi
37.1905,44.5094,52344401,0.1891,synthetic-blacksea-mix,CC0-1.0,Anapa
27.9186,42.5838,62648638,0.0171,synthetic-blacksea-mix,CC0-1.0,Burgas
37.4036,44.7568,4626180,0.0000,synthetic-blacksea-mix,CC0-1.0,Anapa
28.4705,43.7647,103836551,0.0383,synthetic-blacksea-mix,CC0-1.0,Constanta
36.9764,44.9695,136522577,0.0517,synthetic-blacksea-mix,CC0-1.0,Anapa
27.3668,42.5482,94381799,0.0000,synthetic-blacksea-mix,CC0-1.0,Burgas
37.3085,45.2170,88898799,0.2025,synthetic-blacksea-mix,CC0-1.0,Anapa
38.7462,40.9645,69701216,0.0311,synthetic-blacksea-mix,CC0-1.0,offshore
40.3964,41.2328,129540746,0.0130,synthetic-blacksea-mix,CC0-1.0,offshore
37.4221,45.1491,64983884,0.0041,synthetic-blacksea-mix,CC0-1.0,Anapa
39.7776,43.5645,11132749,0.3390,synthetic-blacksea-mix,CC0-1.0,Sochi
36.4823,45.0934,63905573,0.0000,synthetic-blacksea-mix,CC0-1.0,offshore
27.5914,42.5929,38989106,0.0718,synthetic-blacksea-mix,CC0-1.0,Burgas
27.9429,42.9601,33583267,0.0000,synthetic-blacksea-mix,CC0-1.0,offshore
36.8700,44.9796,44272834,0.0933,synthetic-blacksea-mix,CC0-1.0,Anapa
28.6090,44.2392,59339527,0.1735,synthetic-blacksea-mix,CC0-1.0,Constanta
27.2958,42.3530,28498345,0.0570,synthetic-blacksea-mix,CC0-1.0,Burgas
28.7877,44.0190,66417442,0.0281,synthetic-blacksea-mix,CC0-1.0,Constanta
39.9350,40.6833,107517139,0.0355,synthetic-blacksea-mix,CC0-1.0,Trabzon
32.8119,44.6378,111790351,0.0598,synthetic-blacksea-mix,CC0-1.0,offshore
27.5694,42.8912,146142912,0.1218,synthetic-blacksea-mix,CC0-1.0,Burgas
27.2349,42.6358,81400513,0.1476,synthetic-blacksea-mix,CC0-1.0,Burgas
39.6404,41.1884,99202728,0.0000,synthetic-blacksea-mix,CC0-1.0,Trabzon
27.7565,42.8174,29377563,0.0010,synthetic-blacksea-mix,CC0-1.0,Burgas
39.2952,43.6132,72773001,0.0000,synthetic-blacksea-mix,CC0-1.0,Sochi
37.7604,44.4707,49512184,0.4176,synthetic-blacksea-mix,CC0-1.0,Novorossiysk
37.6931,44.8604,74812383,0.2309,synthetic-blacksea-mix,CC0-1.0,Novorossiysk
38.0421,44.9224,141609705,0.1334,synthetic-blacksea-mix,CC0-1.0,Novorossiysk
37.2110,44.8280,56998627,0.5960,synthetic-blacksea-mix,CC0-1.0,Anapa
37.2623,45.0043,56935314,0.5046,synthetic-blacksea-mix,CC0-1.0,Anapa
40.4368,43.7240,60389812,0.0042,synthetic-blacksea-mix,CC0-1.0,offshore
37.5338,45.2159,48653609,0.2189,synthetic-blacksea-mix,CC0-1.0,Anapa
37.5564,44.5818,99928131,0.0661,synthetic-blacksea-mix,CC0-1.0,Novorossiysk
40.0674,40.8954,38253224,0.0000,synthetic-blacksea-mix,CC0-1.0,Trabzon
28.7617,43.8670,75217161,0.1040,synthetic-blacksea-mix,CC0-1.0,Constanta
37.6315,44.6716,91784039,0.1428,synthetic-blacksea-mix,CC0-1.0,Novorossiysk
39.2820,41.2900,70724038,0.0000,synthetic-blacksea-mix,CC0-1.0,offshore
39.4111,43.3770,105795857,0.1083,synthetic-blacksea-mix,CC0-1.0,Sochi
27.3738,42.4717,68817549,0.1123,synthetic-blacksea-mix,CC0-1.0,Burgas
37.5001,45.1448,108243771,0.2492,synthetic-blacksea-mix,CC0-1.0,Anapa
37.0853,44.7975,73837589,0.2395,synthetic-blacksea-mix,CC0-1.0,Anapa
37.7739,44.7931,16883399,0.6535,synthetic-blacksea-mix,CC0-1.0,Novorossiysk
39.8942,41.0854,146102356,0.4145,synthetic-blacksea-mix,CC0-1.0,Trabzon
27.2919,42.5369,37414028,0.0524,synthetic-blacksea-mix,CC0-1.0,Burgas
29.0359,44.4292,118624787,0.0391,synthetic-blacksea-mix,CC0-1.0,Constanta
39.5896,41.0846,133931209,0.0129,synthetic-blacksea-mix,CC0-1.0,Trabzon
27.9689,42.4631,88542096,0.0511,synthetic-blacksea-mix,CC0-1.0,offshore
37.2431,44.6936,54506873,0.3620,synthetic-blacksea-mix,CC0-1.0,Anapa
37.9245,44.4167,149218546,0.2851,synthetic-blacksea-mix,CC0-1.0,Novorossiysk
37.6156,44.5303,25665275,0.0279,synthetic-blacksea-mix,CC0-1.0,Novorossiysk
37.3330,44.3251,102134937,0.1201,synthetic-blacksea-mix,CC0-1.0,offshore
37.9875,44.7366,26934244,0.2347,synthetic-blacksea-mix,CC0-1.0,Novorossiysk
27.0895,42.6410,5649233,0.0000,synthetic-blacksea-mix,CC0-1.0,Burgas
40.3048,43.3894,13227655,0.0602,synthetic-blacksea-mix,CC0-1.0,offshore
29.1762,44.2169,142174353,0.1571,synthetic-blacksea-mix,CC0-1.0,offshore
38.0033,44.5099,154542516,0.1832,synthetic-blacksea-mix,CC0-1.0,Novorossiysk
37.5253,44.7017,1314053,0.0820,synthetic-blacksea-mix,CC0-1.0,Novorossiysk
28.6383,44.1077,65814455,0.0642,synthetic-blacksea-mix,CC0-1.0,Constanta
28.6404,44.2509,17384168,0.5130,synthetic-blacksea-mix,CC0-1.0,Constanta
40.1589,43.1644,112128759,0.0142,synthetic-blacksea-mix,CC0-1.0,offshore
37.3953,44.8901,115138325,0.1185,synthetic-blacksea-mix,CC0-1.0,Anapa
37.9911,44.5557,17356518,0.2246,synthetic-blacksea-mix,CC0-1.0,Novorossiysk
39.7482,43.4934,132752787,0.0563,synthetic-blacksea-mix,CC0-1.0,Sochi
27.3772,42.4010,25146901,0.1314,synthetic-blacksea-mix,CC0-1.0,Burgas
27.7238,42.4076,139325054,0.2944,synthetic-blacksea-mix,CC0-1.0,Burgas
27.4042,43.0124,59202367,0.0000,synthetic-blacksea-mix,CC0-1.0,offshore
28.3351,44.0357,47527038,0.1618,synthetic-blacksea-mix,CC0-1.0,Constanta
37.6423,44.6310,89872705,0.2181,synthetic-blacksea-mix,CC0-1.0,Novorossiysk
40.4334,40.8616,52482538,0.1186,synthetic-blacksea-mix,CC0-1.0,offshore
37.3450,44.8620,44451966,0.4332,synthetic-blacksea-mix,CC0-1.0,Anapa
37.9954,44.5790,11822898,0.1299,synthetic-blacksea-mix,CC0-1.0,Novorossiysk
39.7850,43.2113,156317272,0.0050,synthetic-blacksea-mix,CC0-1.0,Sochi
37.5965,44.7959,19712084,0.4626,synthetic-blacksea-mix,CC0-1.0,Novorossiysk
37.0105,44.5166,36172076,0.0000,synthetic-blacksea-mix,CC0-1.0,Anapa
39.8125,43.4472,36271863,0.1242,synthetic-blacksea-mix,CC0-1.0,Sochi
37.4661,44.9060,50234712,0.1388,synthetic-blacksea-mix,CC0-1.0,Anapa
38.0810,44.5116,65340173,0.0000,synthetic-blacksea-mix,CC0-1.0,Novorossiysk
37.8655,45.0802,81504001,0.1346,synthetic-blacksea-mix,CC0-1.0,Novorossiysk
28.8510,44.3352,62081738,0.0000,synthetic-blacksea-mix,CC0-1.0,Constanta
39.6837,43.8160,125945755,0.0000,synthetic-blacksea-mix,CC0-1.0,Sochi
40.3654,43.6738,46938752,0.0958,synthetic-blacksea-mix,CC0-1.0,offshore
27.5984,42.3716,1843692,0.0101,synthetic-blacksea-mix,CC0-1.0,Burgas
37.9061,45.1076,62013428,0.0933,synthetic-blacksea-mix,CC0-1.0,Novorossiysk
39.7359,43.6329,144643579,0.8277,synthetic-blacksea-mix,CC0-1.0,Sochi
28.7771,44.1827,107245607,0.4000,synthetic-blacksea-mix,CC0-1.0,Constanta
36.8044,44.8612,152615115,0.0117,synthetic-blacksea-mix,CC0-1.0,offshore
39.3991,41.2688,157017705,0.0831,synthetic-blacksea-mix,CC0-1.0,Trabzon
37.6642,44.7604,67565725,0.0000,synthetic-blacksea-mix,CC0-1.0,Novorossiysk
39.6317,41.5363,51829788,0.0966,synthetic-blacksea-mix,CC0-1.0,offshore
37.5058,44.9824,86061286,0.4766,synthetic-blacksea-mix,CC0-1.0,Anapa
28.6576,43.8546,42400225,0.0877,synthetic-blacksea-mix,CC0-1.0,Constanta
27.4455,42.8522,107492569,0.1159,synthetic-blacksea-mix,CC0-1.0,Burgas
33.2403,44.1342,64520983,0.0108,synthetic-blacksea-mix,CC0-1.0,offshore
37.9658,44.6267,55902814,0.1331,synthetic-blacksea-mix,CC0-1.0,Novorossiysk
33.6345,45.0380,60702291,0.0251,synthetic-blacksea-mix,CC0-1.0,offshore
39.3134,43.6772,139122495,0.1290,synthetic-blacksea-mix,CC0-1.0,Sochi
37.0066,45.1561,90325949,0.1360,synthetic-blacksea-mix,CC0-1.0,Anapa
28.7851,43.9586,3007804,0.0000,synthetic-blacksea-mix,CC0-1.0,Constanta
39.3901,43.5967,28701215,0.0000,synthetic-blacksea-mix,CC0-1.0,Sochi
28.3501,44.1110,146744931,0.1436,synthetic-blacksea-mix,CC0-1.0,Constanta
39.2258,41.2245,108015026,0.0792,synthetic-blacksea-mix,CC0-1.0,offshore
28.2125,44.0666,113670428,0.0633,synthetic-blacksea-mix,CC0-1.0,Constanta
28.7944,44.5240,19114335,0.1711,synthetic-blacksea-mix,CC0-1.0,Constanta
39.9987,43.6884,121291675,0.1922,synthetic-blacksea-mix,CC0-1.0,Sochi
28.3901,44.4799,101924137,0.0613,synthetic-blacksea-mix,CC0-1.0,Constanta
37.3179,44.7032,116713608,0.3783,synthetic-blacksea-mix,CC0-1.0,Anapa
37.2783,44.9398,152717778,0.4241,synthetic-blacksea-mix,CC0-1.0,Anapa
39.3153,43.6212,9225025,0.0644,synthetic-blacksea-mix,CC0-1.0,Sochi
39.3071,43.2114,72953394,0.0604,synthetic-blacksea-mix,CC0-1.0,offshore
37.8829,44.4183,156907462,0.0292,synthetic-blacksea-mix,CC0-1.0,Novorossiysk
28.4412,44.2503,40494547,0.0827,synthetic-blacksea-mix,CC0-1.0,Constanta
39.7571,43.3815,27203712,0.2244,synthetic-blacksea-mix,CC0-1.0,Sochi
39.6656,41.0992,60751532,0.1901,synthetic-blacksea-mix,CC0-1.0,Trabzon
40.1946,40.3030,122575237,0.0734,synthetic-blacksea-mix,CC0-1.0,offshore
39.9464,43.5538,55257936,0.2096,synthetic-blacksea-mix,CC0-1.0,Sochi
37.8486,44.9344,41361749,0.1462,synthetic-blacksea-mix,CC0-1.0,Novorossiysk
27.1044,42.8500,113883672,0.1477,synthetic-blacksea-mix,CC0-1.0,Burgas
39.3734,43.3461,123276370,0.0664,synthetic-blacksea-mix,CC0-1.0,Sochi
37.2594,45.0087,4553208,0.0113,synthetic-blacksea-mix,CC0-1.0,Anapa
37.4387,44.8658,137207806,0.3716,synthetic-blacksea-mix,CC0-1.0,Anapa
38.0116,44.6957,40863686,0.1008,synthetic-blacksea-mix,CC0-1.0,Novorossiysk
37.1859,44.5314,97016665,0.0000,synthetic-blacksea-mix,CC0-1.0,Anapa
37.8543,45.1560,136865813,0.0835,synthetic-blacksea-mix,CC0-1.0,Novorossiysk
37.6437,44.7631,134370639,0.1051,synthetic-blacksea-mix,CC0-1.0,Novorossiysk
37.6977,44.7523,29996391,0.1095,synthetic-blacksea-mix,CC0-1.0,Novorossiysk
37.7362,44.6851,103212842,0.2816,synthetic-blacksea-mix,CC0-1.0,Novorossiysk
28.9779,44.0081,28580996,0.0000,synthetic-blacksea-mix,CC0-1.0,Constanta
37.6937,44.6918,131469761,0.0622,synthetic-blacksea-mix,CC0-1.0,Novorossiysk
37.1916,44.7585,121449041,0.1992,synthetic-blacksea-mix,CC0-1.0,Anapa
28.8191,44.3693,24605715,0.0498,synthetic-blacksea-mix,CC0-1.0,Constanta
29.1217,44.3957,116777982,0.1037,synthetic-blacksea-mix,CC0-1.0,offshore
37.1622,45.0073,37482807,0.0091,synthetic-blacksea-mix,CC0-1.0,Anapa
37.2410,44.9361,126000513,0.0799,synthetic-blacksea-mix,CC0-1.0,Anapa
28.5513,43.7388,66943640,0.0335,synthetic-blacksea-mix,CC0-1.0,Constanta
37.7523,44.7303,98296135,0.0000,synthetic-blacksea-mix,CC0-1.0,Novorossiysk
39.2662,43.4865,139709203,0.0517,synthetic-blacksea-mix,CC0-1.0,Sochi
37.5386,44.6513,139400650,0.1780,synthetic-blacksea-mix,CC0-1.0,Novorossiysk
37.2639,44.7304,111278708,0.4730,synthetic-blacksea-mix,CC0-1.0,Anapa
37.1600,45.2776,154058064,0.1107,synthetic-blacksea-mix,CC0-1.0,Anapa
39.9907,43.8607,94997395,0.0000,synthetic-blacksea-mix,CC0-1.0,Sochi
27.7149,44.0632,94022001,0.0208,synthetic-blacksea-mix,CC0-1.0,offshore
28.5274,44.0000,102159743,0.1001,synthetic-blacksea-mix,CC0-1.0,Constanta
37.9622,44.5012,121502107,0.1087,synthetic-blacksea-mix,CC0-1.0,Novorossiysk
39.4057,43.3489,120382956,0.0704,synthetic-blacksea-mix,CC0-1.0,Sochi
28.5026,43.9946,64434823,0.0000,synthetic-blacksea-mix,CC0-1.0,Constanta
39.6281,41.0759,110491314,0.4150,synthetic-blacksea-mix,CC0-1.0,Trabzon
39.7050,41.0880,46018784,0.3341,synthetic-blacksea-mix,CC0-1.0,Trabzon
40.0253,40.8860,14536688,0.1374,synthetic-blacksea-mix,CC0-1.0,Trabzon
27.0231,42.1768,85553524,0.0000,synthetic-blacksea-mix,CC0-1.0,offshore
36.9866,45.0568,100042240,0.0000,synthetic-blacksea-mix,CC0-1.0,Anapa
29.3717,44.6077,45528934,0.0353,synthetic-blacksea-mix,CC0-1.0,offshore
39.2507,40.9056,85440825,0.1108,synthetic-blacksea-mix,CC0-1.0,Trabzon
39.4601,43.6827,149388765,0.2794,synthetic-blacksea-mix,CC0-1.0,Sochi
36.9119,45.0108,114704390,0.2700,synthetic-blacksea-mix,CC0-1.0,Anapa
37.7680,44.9351,58486571,0.2131,synthetic-blacksea-mix,CC0-1.0,Novorossiysk
28.3790,44.3027,131468649,0.0406,synthetic-blacksea-mix,CC0-1.0,Constanta
37.1977,44.9729,26122300,0.3489,synthetic-blacksea-mix,CC0-1.0,Anapa
28.6522,44.0726,66712939,0.0000,synthetic-blacksea-mix,CC0-1.0,Constanta
37.0532,45.3174,40556685,0.0203,synthetic-blacksea-mix,CC0-1.0,offshore
40.3706,40.7604,22552619,0.0183,synthetic-blacksea-mix,CC0-1.0,offshore
28.6316,44.4306,37785103,0.0554,synthetic-blacksea-mix,CC0-1.0,Constanta
37.6484,44.6909,64294401,0.0000,synthetic-blacksea-mix,CC0-1.0,Novorossiysk
38.0259,44.8540,106224428,0.1627,synthetic-blacksea-mix,CC0-1.0,Novorossiysk
29.0339,44.2022,126822074,0.0523,synthetic-blacksea-mix,CC0-1.0,Constanta
39.6701,43.4016,155942207,0.1002,synthetic-blacksea-mix,CC0-1.0,Sochi
39.1855,43.7322,67486210,0.0000,synthetic-blacksea-mix,CC0-1.0,offshore
39.6171,40.9615,144135064,0.3307,synthetic-blacksea-mix,CC0-1.0,Trabzon
37.4021,44.6675,141454899,0.1496,synthetic-blacksea-mix,CC0-1.0,Anapa
27.5480,44.2401,11833130,0.0730,synthetic-blacksea-mix,CC0-1.0,offshore
37.2898,44.9455,134353248,0.1822,synthetic-blacksea-mix,CC0-1.0,Anapa
38.1743,44.6214,112132511,0.1551,synthetic-blacksea-mix,CC0-1.0,Novorossiysk
40.3843,43.3851,31196221,0.0894,synthetic-blacksea-mix,CC0-1.0,offshore
27.0908,42.7602,40621034,0.0000,synthetic-blacksea-mix,CC0-1.0,Burgas
37.6826,44.8646,101915640,0.0651,synthetic-blacksea-mix,CC0-1.0,Novorossiysk
38.0974,44.9356,70449307,0.0000,synthetic-blacksea-mix,CC0-1.0,Novorossiysk
39.3499,41.0823,4624123,0.0197,synthetic-blacksea-mix,CC0-1.0,Trabzon
37.5224,44.6751,148106144,0.3443,synthetic-blacksea-mix,CC0-1.0,Novorossiysk
27.0994,42.6568,102914023,0.0795,synthetic-blacksea-mix,CC0-1.0,Burgas
39.2785,43.7833,27578893,0.0000,synthetic-blacksea-mix,CC0-1.0,Sochi
39.5597,43.3436,44240043,0.1626,synthetic-blacksea-mix,CC0-1.0,Sochi
39.6130,43.8555,148126155,0.2127,synthetic-blacksea-mix,CC0-1.0,Sochi
37.8272,44.6809,121031300,0.0422,synthetic-blacksea-mix,CC0-1.0,Novorossiysk
37.9225,44.2618,98200565,0.0000,synthetic-blacksea-mix,CC0-1.0,Novorossiysk
27.3189,42.5636,130749451,0.0333,synthetic-blacksea-mix,CC0-1.0,Burgas
29.1442,44.2626,98618370,0.0419,synthetic-blacksea-mix,CC0-1.0,offshore
39.3454,41.1364,105289183,0.0888,synthetic-blacksea-mix,CC0-1.0,Trabzon
36.9593,45.1261,125577435,0.0717,synthetic-blacksea-mix,CC0-1.0,Anapa
37.9760,44.6051,12170005,0.2747,synthetic-blacksea-mix,CC0-1.0,Novorossiysk
28.2477,43.9285,31263054,0.0340,synthetic-blacksea-mix,CC0-1.0,Constanta
27.5128,42.5817,5177095,0.0632,synthetic-blacksea-mix,CC0-1.0,Burgas
39.7080,43.6238,134492094,0.1247,synthetic-blacksea-mix,CC0-1.0,Sochi
28.7726,44.3524,326608,0.0074,synthetic-blacksea-mix,CC0-1.0,Constanta
37.2796,45.1178,44610019,0.3478,synthetic-blacksea-mix,CC0-1.0,Anapa
37.3636,45.4167,129809838,0.0500,synthetic-blacksea-mix,CC0-1.0,offshore
40.0189,40.7084,27048162,0.1262,synthetic-blacksea-mix,CC0-1.0,Trabzon
39.5745,40.9516,84513486,0.4625,synthetic-blacksea-mix,CC0-1.0,Trabzon
28.2771,44.2161,126904675,0.0000,synthetic-blacksea-mix,CC0-1.0,Constanta
37.5899,44.7939,143545526,0.3644,synthetic-blacksea-mix,CC0-1.0,Novorossiysk
27.5092,42.5337,34627578,0.0125,synthetic-blacksea-mix,CC0-1.0,Burgas
32.9677,44.5369,12233959,0.0006,synthetic-blacksea-mix,CC0-1.0,offshore
27.3689,42.3687,63203316,0.0000,synthetic-blacksea-mix,CC0-1.0,Burgas
39.5872,43.8723,125268768,0.0774,synthetic-blacksea-mix,CC0-1.0,Sochi
38.1261,44.8813,93416810,0.0167,synthetic-blacksea-mix,CC0-1.0,Novorossiysk
39.5807,41.1507,107169329,0.0422,synthetic-blacksea-mix,CC0-1.0,Trabzon
37.3863,45.1375,12882865,0.2329,synthetic-blacksea-mix,CC0-1.0,Anapa
27.9322,43.9136,112955539,0.0575,synthetic-blacksea-mix,CC0-1.0,offshore
28.7596,44.4155,125570356,0.0500,synthetic-blacksea-mix,CC0-1.0,Constanta
39.6667,43.5533,11182102,0.3082,synthetic-blacksea-mix,CC0-1.0,Sochi
37.9297,44.5276,50301425,0.3673,synthetic-blacksea-mix,CC0-1.0,Novorossiysk
37.2568,44.9058,7468666,0.2000,synthetic-blacksea-mix,CC0-1.0,Anapa
37.4794,44.7807,54930391,0.3734,synthetic-blacksea-mix,CC0-1.0,Anapa
37.3420,44.6962,157461930,0.0782,synthetic-blacksea-mix,CC0-1.0,Anapa
39.7866,43.4745,115046162,0.5088,synthetic-blacksea-mix,CC0-1.0,Sochi
39.6196,40.9652,144248544,0.4067,synthetic-blacksea-mix,CC0-1.0,Trabzon
28.7396,44.1078,155098097,0.0412,synthetic-blacksea-mix,CC0-1.0,Constanta
28.3967,44.3997,89954363,0.0000,synthetic-blacksea-mix,CC0-1.0,Constanta
28.8424,43.8565,132132397,0.0338,synthetic-blacksea-mix,CC0-1.0,Constanta
38.0888,44.8617,11461095,0.1152,synthetic-blacksea-mix,CC0-1.0,Novorossiysk
37.6507,45.3054,81173115,0.1715,synthetic-blacksea-mix,CC0-1.0,offshore
39.9011,40.7488,95959813,0.0724,synthetic-blacksea-mix,CC0-1.0,Trabzon
37.9839,44.6267,19745689,0.3689,synthetic-blacksea-mix,CC0-1.0,Novorossiysk
39.7408,41.2519,74419100,0.0093,synthetic-blacksea-mix,CC0-1.0,Trabzon
40.1289,40.4769,82356106,0.0770,synthetic-blacksea-mix,CC0-1.0,offshore
27.6842,42.1083,106331223,0.0413,synthetic-blacksea-mix,CC0-1.0,Burgas
27.1030,42.7466,18450592,0.1035,synthetic-blacksea-mix,CC0-1.0,Burgas
37.8558,44.6033,129193665,0.0000,synthetic-blacksea-mix,CC0-1.0,Novorossiysk
39.7602,43.3912,90093408,0.1657,synthetic-blacksea-mix,CC0-1.0,Sochi
39.2664,41.2734,135429329,0.0000,synthetic-blacksea-mix,CC0-1.0,offshore
37.5873,45.2956,116299607,0.1311,synthetic-blacksea-mix,CC0-1.0,Anapa
37.8611,44.6152,87170944,0.4461,synthetic-blacksea-mix,CC0-1.0,Novorossiysk
36.8669,45.2006,72031373,0.0670,synthetic-blacksea-mix,CC0-1.0,offshore
39.5640,41.3937,125310852,0.0210,synthetic-blacksea-mix,CC0-1.0,Trabzon
28.6665,44.0866,15558064,0.6275,synthetic-blacksea-mix,CC0-1.0,Constanta
27.3733,42.0840,26175742,0.0202,synthetic-blacksea-mix,CC0-1.0,Burgas
39.5828,43.7843,40721255,0.0381,synthetic-blacksea-mix,CC0-1.0,Sochi
36.9426,44.5753,124219744,0.0463,synthetic-blacksea-mix,CC0-1.0,Anapa
39.6925,43.3326,73034493,0.0902,synthetic-blacksea-mix,CC0-1.0,Sochi
37.2186,44.6046,33301104,0.0343,synthetic-blacksea-mix,CC0-1.0,Anapa
38.0375,44.8396,11452196,0.1233,synthetic-blacksea-mix,CC0-1.0,Novorossiysk
37.2848,44.6274,62994402,0.0034,synthetic-blacksea-mix,CC0-1.0,Anapa
36.9079,44.9382,108247111,0.0684,synthetic-blacksea-mix,CC0-1.0,Anapa
29.0106,44.1039,84245090,0.1424,synthetic-blacksea-mix,CC0-1.0,Constanta
37.6013,44.9581,152661554,0.1775,synthetic-blacksea-mix,CC0-1.0,Anapa
37.9712,44.6175,50189913,0.4574,synthetic-blacksea-mix,CC0-1.0,Novorossiysk
38.0396,44.7020,108739870,0.2341,synthetic-blacksea-mix,CC0-1.0,Novorossiysk
28.8103,44.1759,155763339,0.0814,synthetic-blacksea-mix,CC0-1.0,Constanta
39.9691,41.3307,152919256,0.0185,synthetic-blacksea-mix,CC0-1.0,Trabzon
27.7387,42.4267,1858501,0.0567,synthetic-blacksea-mix,CC0-1.0,Burgas
39.6807,41.3427,155652818,0.0118,synthetic-blacksea-mix,CC0-1.0,Trabzon
29.2438,44.4249,131982007,0.0773,synthetic-blacksea-mix,CC0-1.0,offshore
33.5604,44.0213,24138136,0.1126,synthetic-blacksea-mix,CC0-1.0,offshore
36.7078,44.6344,122452666,0.0991,synthetic-blacksea-mix,CC0-1.0,offshore
37.7574,44.5926,70671454,0.0171,synthetic-blacksea-mix,CC0-1.0,Novorossiysk
28.0963,44.0389,4722018,0.0087,synthetic-blacksea-mix,CC0-1.0,offshore
27.6290,42.7767,139845253,0.1816,synthetic-blacksea-mix,CC0-1.0,Burgas
28.3122,43.9127,10605330,0.1863,synthetic-blacksea-mix,CC0-1.0,Constanta
37.6675,44.8418,90334830,0.0887,synthetic-blacksea-mix,CC0-1.0,Novorossiysk
37.8973,44.7906,70201605,0.0962,synthetic-blacksea-mix,CC0-1.0,Novorossiysk
37.9790,44.9423,32318790,0.0654,synthetic-blacksea-mix,CC0-1.0,Novorossiysk
37.8622,44.8448,8013938,0.0000,synthetic-blacksea-mix,CC0-1.0,Novorossiysk
39.6627,43.5552,121942682,0.3209,synthetic-blacksea-mix,CC0-1.0,Sochi
28.3710,44.2002,141629593,0.1739,synthetic-blacksea-mix,CC0-1.0,Constanta
37.4494,44.7455,29456930,0.0909,synthetic-blacksea-mix,CC0-1.0,Anapa
36.9057,45.2453,123509130,0.0000,synthetic-blacksea-mix,CC0-1.0,offshore
37.8105,44.9130,48778710,0.4669,synthetic-blacksea-mix,CC0-1.0,Novorossiysk
39.8184,43.6943,90006030,0.2410,synthetic-blacksea-mix,CC0-1.0,Sochi
37.7065,44.6383,29262389,0.1266,synthetic-blacksea-mix,CC0-1.0,Novorossiysk
39.4735,40.9991,104942592,0.0788,synthetic-blacksea-mix,CC0-1.0,Trabzon
39.7666,43.9249,116220146,0.1329,synthetic-blacksea-mix,CC0-1.0,Sochi
39.7390,41.1243,67131966,0.0521,synthetic-blacksea-mix,CC0-1.0,Trabzon
29.2810,44.2483,21022286,0.0000,synthetic-blacksea-mix,CC0-1.0,offshore
39.5849,43.4978,62338088,0.1357,synthetic-blacksea-mix,CC0-1.0,Sochi
37.7060,44.6960,52484183,0.1733,synthetic-blacksea-mix,CC0-1.0,Novorossiysk
37.3492,44.8129,21461895,0.7308,synthetic-blacksea-mix,CC0-1.0,Anapa
27.6875,42.2522,22139700,0.1454,synthetic-blacksea-mix,CC0-1.0,Burgas
38.4706,44.5130,148635856,0.0620,synthetic-blacksea-mix,CC0-1.0,offshore
39.6506,43.2970,73883874,0.0828,synthetic-blacksea-mix,CC0-1.0,Sochi
37.5887,44.7588,143092936,0.2990,synthetic-blacksea-mix,CC0-1.0,Novorossiysk
39.8093,43.3928,22027594,0.3055,synthetic-blacksea-mix,CC0-1.0,Sochi
39.6501,40.6461,26917248,0.0964,synthetic-blacksea-mix,CC0-1.0,Trabzon
28.1206,44.4094,123312845,0.0244,synthetic-blacksea-mix,CC0-1.0,offshore
39.5596,43.8252,24145785,0.2042,synthetic-blacksea-mix,CC0-1.0,Sochi
37.9111,44.9472,148597675,0.3007,synthetic-blacksea-mix,CC0-1.0,Novorossiysk
39.6263,40.9110,141651705,0.3102,synthetic-blacksea-mix,CC0-1.0,Trabzon
39.6003,41.0433,104794914,0.0252,synthetic-blacksea-mix,CC0-1.0,Trabzon
40.4513,43.6203,127551226,0.0000,synthetic-blacksea-mix,CC0-1.0,offshore
37.0856,45.1821,88530382,0.1562,synthetic-blacksea-mix,CC0-1.0,Anapa
39.8113,43.5746,11842785,0.3180,synthetic-blacksea-mix,CC0-1.0,Sochi
39.8086,43.4777,62841493,0.0594,synthetic-blacksea-mix,CC0-1.0,Sochi
37.9603,44.8583,43143767,0.2181,synthetic-blacksea-mix,CC0-1.0,Novorossiysk
37.2821,45.1234,54728184,0.3944,synthetic-blacksea-mix,CC0-1.0,Anapa
37.3464,44.9620,97127054,0.0312,synthetic-blacksea-mix,CC0-1.0,Anapa
29.2023,43.9547,88339198,0.0000,synthetic-blacksea-mix,CC0-1.0,offshore
39.6069,41.0175,101095247,0.0234,synthetic-blacksea-mix,CC0-1.0,Trabzon
28.7121,43.7716,54612445,0.0000,synthetic-blacksea-mix,CC0-1.0,Constanta
39.5530,43.5495,64105570,0.0148,synthetic-blacksea-mix,CC0-1.0,Sochi
28.5665,43.8957,151810496,0.0842,synthetic-blacksea-mix,CC0-1.0,Constanta
39.6462,43.8729,57863795,0.0813,synthetic-blacksea-mix,CC0-1.0,Sochi
39.3667,43.0945,109799425,0.0805,synthetic-blacksea-mix,CC0-1.0,offshore
27.6488,42.6069,11957544,0.2252,synthetic-blacksea-mix,CC0-1.0,Burgas
39.4888,41.2450,46229285,0.1092,synthetic-blacksea-mix,CC0-1.0,Trabzon
33.0858,44.8509,84900531,0.0847,synthetic-blacksea-mix,CC0-1.0,offshore
27.6093,42.6179,119231638,0.2170,synthetic-blacksea-mix,CC0-1.0,Burgas
28.5244,43.4502,123290494,0.0000,synthetic-blacksea-mix,CC0-1.0,offshore
37.1394,44.7240,71956648,0.1265,synthetic-blacksea-mix,CC0-1.0,Anapa
38.2639,44.8975,142143257,0.1186,synthetic-blacksea-mix,CC0-1.0,offshore
28.9201,44.2597,127581356,0.0000,synthetic-blacksea-mix,CC0-1.0,Constanta
37.1414,45.1624,16972624,0.2859,synthetic-blacksea-mix,CC0-1.0,Anapa
39.7908,40.9231,18410087,0.5335,synthetic-blacksea-mix,CC0-1.0,Trabzon
28.5169,44.1409,73277199,0.2235,synthetic-blacksea-mix,CC0-1.0,Constanta
39.3529,43.5684,77351549,0.0877,synthetic-blacksea-mix,CC0-1.0,Sochi
38.1333,44.7871,12070213,0.0000,synthetic-blacksea-mix,CC0-1.0,Novorossiysk
36.9997,44.7811,80745402,0.1649,synthetic-blacksea-mix,CC0-1.0,Anapa
37.5081,44.8254,25155276,0.4765,synthetic-blacksea-mix,CC0-1.0,Anapa
28.4909,44.2558,73400218,0.1168,synthetic-blacksea-mix,CC0-1.0,Constanta
37.7361,44.7571,114133036,0.0985,synthetic-blacksea-mix,CC0-1.0,Novorossiysk
39.9348,43.4201,92567491,0.0413,synthetic-blacksea-mix,CC0-1.0,Sochi
28.0203,44.2391,141987551,0.1018,synthetic-blacksea-mix,CC0-1.0,offshore
37.4352,44.8589,91867491,0.2311,synthetic-blacksea-mix,CC0-1.0,Anapa
28.9032,43.7544,149326756,0.0828,synthetic-blacksea-mix,CC0-1.0,Constanta
39.4144,43.6115,126554616,0.1162,synthetic-blacksea-mix,CC0-1.0,Sochi
37.7201,44.7761,9140165,0.2323,synthetic-blacksea-mix,CC0-1.0,Novorossiysk
37.8323,44.7558,110922857,0.7096,synthetic-blacksea-mix,CC0-1.0,Novorossiysk
28.6373,44.3056,156106582,0.0729,synthetic-blacksea-mix,CC0-1.0,Constanta
37.9383,44.8056,44202247,0.2281,synthetic-blacksea-mix,CC0-1.0,Novorossiysk
27.7610,42.4551,126758446,0.0000,synthetic-blacksea-mix,CC0-1.0,Burgas
28.0751,44.2537,58731572,0.0253,synthetic-blacksea-mix,CC0-1.0,offshore
37.7633,44.8292,114137934,0.7116,synthetic-blacksea-mix,CC0-1.0,Novorossiysk
27.9345,42.9049,11489318,0.0000,synthetic-blacksea-mix,CC0-1.0,offshore
37.3123,44.9270,94783134,0.0913,synthetic-blacksea-mix,CC0-1.0,Anapa
39.3592,41.2389,127650070,0.0902,synthetic-blacksea-mix,CC0-1.0,Trabzon
28.5356,44.4548,29158511,0.0000,synthetic-blacksea-mix,CC0-1.0,Constanta
37.6410,44.8127,61555603,0.2139,synthetic-blacksea-mix,CC0-1.0,Novorossiysk
37.3775,44.9704,76582890,0.5662,synthetic-blacksea-mix,CC0-1.0,Anapa
38.8894,40.5504,11194094,0.0000,synthetic-blacksea-mix,CC0-1.0,offshore
37.4061,44.6302,124792221,0.0498,synthetic-blacksea-mix,CC0-1.0,Anapa
37.7811,44.8767,6629491,0.0675,synthetic-blacksea-mix,CC0-1.0,Novorossiysk
39.9125,40.7176,106767582,0.0131,synthetic-blacksea-mix,CC0-1.0,Trabzon
37.8056,44.7650,3310083,0.0704,synthetic-blacksea-mix,CC0-1.0,Novorossiysk
28.6608,44.3749,98273584,0.1549,synthetic-blacksea-mix,CC0-1.0,Constanta
36.8865,44.4988,40431020,0.0396,synthetic-blacksea-mix,CC0-1.0,offshore
38.0976,44.9295,19802350,0.1728,synthetic-blacksea-mix,CC0-1.0,Novorossiysk
37.6654,44.9172,45588387,0.2604,synthetic-blacksea-mix,CC0-1.0,Novorossiysk
40.0704,43.2946,79937131,0.1581,synthetic-blacksea-mix,CC0-1.0,Sochi
39.9053,40.6303,107504055,0.0000,synthetic-blacksea-mix,CC0-1.0,Trabzon
37.9943,44.6641,76140472,0.2963,synthetic-blacksea-mix,CC0-1.0,Novorossiysk
37.2551,44.8760,60702073,0.2907,synthetic-blacksea-mix,CC0-1.0,Anapa
27.3239,41.8969,58716784,0.0110,synthetic-blacksea-mix,CC0-1.0,offshore
39.7514,41.0645,95490306,0.1756,synthetic-blacksea-mix,CC0-1.0,Trabzon
39.5660,43.6527,9134862,0.1089,synthetic-blacksea-mix,CC0-1.0,Sochi
37.0772,44.9837,96780510,0.0473,synthetic-blacksea-mix,CC0-1.0,Anapa
28.7653,43.5269,111668957,0.0560,synthetic-blacksea-mix,CC0-1.0,offshore
37.6749,44.8084,109585879,0.1439,synthetic-blacksea-mix,CC0-1.0,Novorossiysk
37.2028,44.9547,112103647,0.5804,synthetic-blacksea-mix,CC0-1.0,Anapa
28.5426,44.2409,18399692,0.3898,synthetic-blacksea-mix,CC0-1.0,Constanta
40.0993,40.7897,104116190,0.0131,synthetic-blacksea-mix,CC0-1.0,Trabzon
37.3312,44.6583,73199582,0.1167,synthetic-blacksea-mix,CC0-1.0,Anapa
39.9889,41.2074,115885665,0.2194,synthetic-blacksea-mix,CC0-1.0,Trabzon
39.7909,40.8318,87795601,0.4317,synthetic-blacksea-mix,CC0-1.0,Trabzon
39.6490,43.5317,83845900,0.6319,synthetic-blacksea-mix,CC0-1.0,Sochi
39.4733,43.5432,65081111,0.0920,synthetic-blacksea-mix,CC0-1.0,Sochi
28.0601,42.5389,47673310,0.0312,synthetic-blacksea-mix,CC0-1.0,offshore
27.9123,42.4626,40292747,0.1064,synthetic-blacksea-mix,CC0-1.0,Burgas
37.4233,44.7032,102516013,0.1456,synthetic-blacksea-mix,CC0-1.0,Anapa
28.6613,44.2746,67849633,0.0948,synthetic-blacksea-mix,CC0-1.0,Constanta
40.0050,43.4583,56544585,0.1120,synthetic-blacksea-mix,CC0-1.0,Sochi
38.0007,44.3953,116955069,0.1670,synthetic-blacksea-mix,CC0-1.0,Novorossiysk
39.9200,43.8090,136989346,0.1650,synthetic-blacksea-mix,CC0-1.0,Sochi
37.7816,44.9703,59924400,0.0854,synthetic-blacksea-mix,CC0-1.0,Novorossiysk
40.4124,41.0307,59579676,0.0187,synthetic-blacksea-mix,CC0-1.0,offshore
37.6539,44.6592,119700059,0.2015,synthetic-blacksea-mix,CC0-1.0,Novorossiysk
34.0627,45.0226,145315227,0.0705,synthetic-blacksea-mix,CC0-1.0,offshore
28.6084,44.5373,87721686,0.0799,synthetic-blacksea-mix,CC0-1.0,Constanta
40.2147,40.9975,17519936,0.1152,synthetic-blacksea-mix,CC0-1.0,Trabzon
37.9945,44.8848,16058711,0.3234,synthetic-blacksea-mix,CC0-1.0,Novorossiysk
27.3331,42.2907,38848695,0.0416,synthetic-blacksea-mix,CC0-1.0,Burgas
37.5593,44.6526,67315882,0.0000,synthetic-blacksea-mix,CC0-1.0,Novorossiysk
37.3513,44.6842,54612322,0.4224,synthetic-blacksea-mix,CC0-1.0,Anapa
37.3867,44.7265,125129875,0.1380,synthetic-blacksea-mix,CC0-1.0,Anapa
37.9870,44.5502,36321235,0.0000,synthetic-blacksea-mix,CC0-1.0,Novorossiysk
37.3129,45.1296,120680057,0.1909,synthetic-blacksea-mix,CC0-1.0,Anapa
27.8319,42.5012,16679476,0.1335,synthetic-blacksea-mix,CC0-1.0,Burgas
37.8186,44.7324,40452778,0.0357,synthetic-blacksea-mix,CC0-1.0,Novorossiysk
27.9619,42.5348,121738617,0.0838,synthetic-blacksea-mix,CC0-1.0,offshore
28.4320,44.0849,21633398,0.2287,synthetic-blacksea-mix,CC0-1.0,Constanta
28.0384,42.3597,40838615,0.0906,synthetic-blacksea-mix,CC0-1.0,offshore
28.6983,44.2932,96005624,0.0069,synthetic-blacksea-mix,CC0-1.0,Constanta
27.8834,42.4183,103172177,0.0089,synthetic-blacksea-mix,CC0-1.0,Burgas
39.6694,40.8174,137147318,0.0212,synthetic-blacksea-mix,CC0-1.0,Trabzon
39.1456,41.1890,5168287,0.0000,synthetic-blacksea-mix,CC0-1.0,offshore
36.8678,44.8525,152861154,0.0619,synthetic-blacksea-mix,CC0-1.0,Anapa
37.0917,44.9310,94690148,0.0609,synthetic-blacksea-mix,CC0-1.0,Anapa
32.7914,44.8046,113480062,0.0332,synthetic-blacksea-mix,CC0-1.0,offshore
36.8363,44.5240,91734177,0.0000,synthetic-blacksea-mix,CC0-1.0,offshore
39.5482,40.8842,9296913,0.0170,synthetic-blacksea-mix,CC0-1.0,Trabzon
39.8510,41.0091,28033647,0.4882,synthetic-blacksea-mix,CC0-1.0,Trabzon
28.9269,43.9800,128321401,0.0288,synthetic-blacksea-mix,CC0-1.0,Constanta
39.3213,44.0709,98415330,0.0023,synthetic-blacksea-mix,CC0-1.0,offshore
40.1228,43.6440,102145125,0.0197,synthetic-blacksea-mix,CC0-1.0,Sochi
27.4675,42.0207,19639437,0.1166,synthetic-blacksea-mix,CC0-1.0,Burgas
39.7192,43.6123,75353144,0.3540,synthetic-blacksea-mix,CC0-1.0,Sochi
37.6375,44.7520,142943678,0.5007,synthetic-blacksea-mix,CC0-1.0,Novorossiysk
37.2434,44.6984,21505916,0.3817,synthetic-blacksea-mix,CC0-1.0,Anapa
27.7422,42.7801,9425323,0.0516,synthetic-blacksea-mix,CC0-1.0,Burgas
28.5986,44.5016,112955843,0.0854,synthetic-blacksea-mix,CC0-1.0,Constanta
28.8952,44.0908,93127557,0.0000,synthetic-blacksea-mix,CC0-1.0,Constanta
37.8152,44.4799,124058273,0.1507,synthetic-blacksea-mix,CC0-1.0,Novorossiysk
39.3683,41.5590,88073677,0.1423,synthetic-blacksea-mix,CC0-1.0,offshore
39.8243,43.7501,125553284,0.0993,synthetic-blacksea-mix,CC0-1.0,Sochi
29.2943,43.9915,105378650,0.0022,synthetic-blacksea-mix,CC0-1.0,offshore
39.7401,43.7415,148024178,0.4660,synthetic-blacksea-mix,CC0-1.0,Sochi
40.1623,40.6966,61229764,0.0840,synthetic-blacksea-mix,CC0-1.0,offshore
39.8179,40.9022,49017762,0.4046,synthetic-blacksea-mix,CC0-1.0,Trabzon
37.9881,44.8349,118181611,0.2300,synthetic-blacksea-mix,CC0-1.0,Novorossiysk
36.8581,44.6038,77987947,0.1282,synthetic-blacksea-mix,CC0-1.0,offshore
37.3122,45.0459,151785016,0.4101,synthetic-blacksea-mix,CC0-1.0,Anapa
37.5451,44.5862,121420060,0.1396,synthetic-blacksea-mix,CC0-1.0,Novorossiysk
39.7793,41.3171,2841543,0.0132,synthetic-blacksea-mix,CC0-1.0,Trabzon
37.5190,44.8333,45468466,0.3494,synthetic-blacksea-mix,CC0-1.0,Anapa
37.0832,44.9062,84853076,0.3890,synthetic-blacksea-mix,CC0-1.0,Anapa
37.8803,44.8571,96714836,0.0757,synthetic-blacksea-mix,CC0-1.0,Novorossiysk
37.4229,44.8216,25125565,0.1582,synthetic-blacksea-mix,CC0-1.0,Anapa
37.7148,45.1315,10406497,0.0886,synthetic-blacksea-mix,CC0-1.0,Novorossiysk
37.4526,44.8179,139842776,0.1850,synthetic-blacksea-mix,CC0-1.0,Anapa
29.1170,44.4374,123206299,0.0000,synthetic-blacksea-mix,CC0-1.0,offshore
37.2296,44.8994,88150140,0.5956,synthetic-blacksea-mix,CC0-1.0,Anapa
28.5402,44.0897,121789479,0.1284,synthetic-blacksea-mix,CC0-1.0,Constanta
39.3874,40.8984,139884012,0.0108,synthetic-blacksea-mix,CC0-1.0,Trabzon
39.8210,43.5511,133523840,0.0230,synthetic-blacksea-mix,CC0-1.0,Sochi
39.5187,40.6389,106292983,0.0530,synthetic-blacksea-mix,CC0-1.0,Trabzon
37.1573,44.8177,150732434,0.3887,synthetic-blacksea-mix,CC0-1.0,Anapa
39.5426,43.4291,30376851,0.1551,synthetic-blacksea-mix,CC0-1.0,Sochi
40.1834,43.5130,45204214,0.0259,synthetic-blacksea-mix,CC0-1.0,Sochi
39.6910,40.9725,138830243,0.2702,synthetic-blacksea-mix,CC0-1.0,Trabzon
37.7178,44.6749,118062713,0.6071,synthetic-blacksea-mix,CC0-1.0,Novorossiysk
28.5565,44.1924,24621926,0.2642,synthetic-blacksea-mix,CC0-1.0,Constanta
28.4722,44.2230,45597261,0.2279,synthetic-blacksea-mix,CC0-1.0,Constanta
37.9650,44.7346,56273411,0.3062,synthetic-blacksea-mix,CC0-1.0,Novorossiysk
37.9231,44.8419,66482046,0.0779,synthetic-blacksea-mix,CC0-1.0,Novorossiysk
37.5819,44.7892,3872821,0.0370,synthetic-blacksea-mix,CC0-1.0,Novorossiysk
40.0591,43.9857,123046396,0.0933,synthetic-blacksea-mix,CC0-1.0,offshore
40.0080,43.6311,28149707,0.1395,synthetic-blacksea-mix,CC0-1.0,Sochi
36.8811,44.9458,60199894,0.0530,synthetic-blacksea-mix,CC0-1.0,Anapa
39.8774,43.7130,65384611,0.0443,synthetic-blacksea-mix,CC0-1.0,Sochi
28.9234,43.9434,151877121,0.0836,synthetic-blacksea-mix,CC0-1.0,Constanta
40.4719,43.4257,26343841,0.0585,synthetic-blacksea-mix,CC0-1.0,offshore
38.9140,40.9666,48720191,0.0068,synthetic-blacksea-mix,CC0-1.0,offshore
39.4498,43.5452,2255222,0.0000,synthetic-blacksea-mix,CC0-1.0,Sochi
27.1984,42.5261,101989128,0.0000,synthetic-blacksea-mix,CC0-1.0,Burgas
37.5963,44.7705,65228017,0.0420,synthetic-blacksea-mix,CC0-1.0,Novorossiysk
39.7200,41.1104,150010392,0.5416,synthetic-blacksea-mix,CC0-1.0,Trabzon
36.9263,44.8647,38203567,0.0000,synthetic-blacksea-mix,CC0-1.0,Anapa
37.7104,44.9326,105756719,0.2407,synthetic-blacksea-mix,CC0-1.0,Novorossiysk
27.5748,42.7739,8079555,0.1008,synthetic-blacksea-mix,CC0-1.0,Burgas
37.0343,44.7050,117641127,0.2457,synthetic-blacksea-mix,CC0-1.0,Anapa
37.1093,44.9533,127798451,0.0788,synthetic-blacksea-mix,CC0-1.0,Anapa
39.3644,43.7873,76053702,0.0917,synthetic-blacksea-mix,CC0-1.0,Sochi
39.6119,43.6490,62226859,0.1700,synthetic-blacksea-mix,CC0-1.0,Sochi
27.6335,42.3419,26749432,0.0000,synthetic-blacksea-mix,CC0-1.0,Burgas
39.8980,44.0355,144602826,0.0812,synthetic-blacksea-mix,CC0-1.0,Sochi
37.5535,45.2376,28373931,0.1210,synthetic-blacksea-mix,CC0-1.0,Anapa
39.4815,43.7843,87243823,0.1638,synthetic-blacksea-mix,CC0-1.0,Sochi
37.5606,44.9881,68360463,0.0199,synthetic-blacksea-mix,CC0-1.0,Anapa
37.5991,44.4458,57331914,0.1421,synthetic-blacksea-mix,CC0-1.0,Novorossiysk
28.2414,44.3584,126086792,0.0080,synthetic-blacksea-mix,CC0-1.0,Constanta
39.6449,40.9924,110621170,0.3833,synthetic-blacksea-mix,CC0-1.0,Trabzon
27.6456,42.4039,38796564,0.1211,synthetic-blacksea-mix,CC0-1.0,Burgas
37.3875,45.0455,53822881,0.5193,synthetic-blacksea-mix,CC0-1.0,Anapa
37.9252,44.2977,100385814,0.0000,synthetic-blacksea-mix,CC0-1.0,Novorossiysk
39.6553,41.0841,108065417,0.3204,synthetic-blacksea-mix,CC0-1.0,Trabzon
39.6801,43.6708,103811903,0.2096,synthetic-blacksea-mix,CC0-1.0,Sochi
39.6804,43.4035,116771614,0.4275,synthetic-blacksea-mix,CC0-1.0,Sochi
28.8634,44.6723,39459679,0.0440,synthetic-blacksea-mix,CC0-1.0,offshore
37.3015,44.8842,84764892,0.9058,synthetic-blacksea-mix,CC0-1.0,Anapa
37.5161,44.9406,131415972,0.0491,synthetic-blacksea-mix,CC0-1.0,Anapa
39.6591,43.8096,104969117,0.1602,synthetic-blacksea-mix,CC0-1.0,Sochi
27.4414,42.5367,26680922,0.1516,synthetic-blacksea-mix,CC0-1.0,Burgas
27.9492,43.7505,2066475,0.0351,synthetic-blacksea-mix,CC0-1.0,offshore
39.6748,40.6790,93614993,0.0891,synthetic-blacksea-mix,CC0-1.0,Trabzon
39.8055,40.9555,149357308,0.5179,synthetic-blacksea-mix,CC0-1.0,Trabzon
39.6972,43.5466,155516577,0.1511,synthetic-blacksea-mix,CC0-1.0,Sochi
39.9883,43.5363,130910547,0.0412,synthetic-blacksea-mix,CC0-1.0,Sochi
37.5352,44.8742,13899790,0.2827,synthetic-blacksea-mix,CC0-1.0,Anapa
29.1408,43.8740,106060165,0.0677,synthetic-blacksea-mix,CC0-1.0,offshore
37.4794,44.7564,31303558,0.0007,synthetic-blacksea-mix,CC0-1.0,Anapa
37.5803,44.9341,2866813,0.0000,synthetic-blacksea-mix,CC0-1.0,Anapa
27.2072,42.4597,67685178,0.0000,synthetic-blacksea-mix,CC0-1.0,Burgas
40.4915,41.0207,90182151,0.0370,synthetic-blacksea-mix,CC0-1.0,offshore
39.9073,41.2421,74454744,0.1062,synthetic-blacksea-mix,CC0-1.0,Trabzon
39.8209,40.8146,86234765,0.2799,synthetic-blacksea-mix,CC0-1.0,Trabzon
37.7090,44.6820,154482133,0.3072,synthetic-blacksea-mix,CC0-1.0,Novorossiysk
37.4609,44.9502,14498842,0.4637,synthetic-blacksea-mix,CC0-1.0,Anapa
28.6870,44.6655,104478288,0.1104,synthetic-blacksea-mix,CC0-1.0,offshore
38.0734,44.5423,62041203,0.0372,synthetic-blacksea-mix,CC0-1.0,Novorossiysk
27.0505,42.7828,64969697,0.0647,synthetic-blacksea-mix,CC0-1.0,Burgas
32.6489,44.5998,144780893,0.0073,synthetic-blacksea-mix,CC0-1.0,offshore
39.5943,43.3865,128756261,0.1043,synthetic-blacksea-mix,CC0-1.0,Sochi
38.0104,44.5320,100101327,0.0283,synthetic-blacksea-mix,CC0-1.0,Novorossiysk
39.7204,43.3896,20443701,0.3975,synthetic-blacksea-mix,CC0-1.0,Sochi
39.7307,41.4125,108355632,0.1309,synthetic-blacksea-mix,CC0-1.0,Trabzon
37.6293,44.5084,48912441,0.3586,synthetic-blacksea-mix,CC0-1.0,Novorossiysk
37.4514,44.7147,31493603,0.0212,synthetic-blacksea-mix,CC0-1.0,Anapa
39.2191,40.8625,67070814,0.0205,synthetic-blacksea-mix,CC0-1.0,offshore
27.4498,42.4446,106250227,0.4243,synthetic-blacksea-mix,CC0-1.0,Burgas
37.2167,44.8447,44445697,0.4099,synthetic-blacksea-mix,CC0-1.0,Anapa
37.9074,44.4573,118072278,0.2633,synthetic-blacksea-mix,CC0-1.0,Novorossiysk
37.2323,44.7634,86785532,0.4291,synthetic-blacksea-mix,CC0-1.0,Anapa
39.0685,40.6451,103988448,0.0286,synthetic-blacksea-mix,CC0-1.0,offshore
38.1665,44.9072,50646065,0.0580,synthetic-blacksea-mix,CC0-1.0,Novorossiysk
39.7610,40.7308,104928976,0.0145,synthetic-blacksea-mix,CC0-1.0,Trabzon
27.0931,42.7934,77077248,0.0861,synthetic-blacksea-mix,CC0-1.0,Burgas
37.7281,45.0074,72978199,0.1048,synthetic-blacksea-mix,CC0-1.0,Novorossiysk
40.3080,43.9055,82657822,0.1026,synthetic-blacksea-mix,CC0-1.0,offshore
28.3296,44.4199,65816529,0.0497,synthetic-blacksea-mix,CC0-1.0,Constanta
40.2068,41.2541,143245918,0.0697,synthetic-blacksea-mix,CC0-1.0,offshore
39.6812,43.5314,136566217,0.3887,synthetic-blacksea-mix,CC0-1.0,Sochi
39.4891,43.5706,67095560,0.0000,synthetic-blacksea-mix,CC0-1.0,Sochi
39.6756,40.8911,33495178,0.1726,synthetic-blacksea-mix,CC0-1.0,Trabzon
27.2968,42.6837,52087955,0.1741,synthetic-blacksea-mix,CC0-1.0,Burgas
37.6129,44.8609,146103739,0.2559,synthetic-blacksea-mix,CC0-1.0,Novorossiysk
36.9257,44.9028,105094861,0.0964,synthetic-blacksea-mix,CC0-1.0,Anapa
39.8042,43.2509,6121871,0.0000,synthetic-blacksea-mix,CC0-1.0,Sochi
27.1957,41.9570,27962211,0.0538,synthetic-blacksea-mix,CC0-1.0,offshore
39.9724,41.4062,88576705,0.0853,synthetic-blacksea-mix,CC0-1.0,Trabzon
28.2451,44.2198,121667589,0.0000,synthetic-blacksea-mix,CC0-1.0,Constanta
40.1072,41.1142,126368645,0.1185,synthetic-blacksea-mix,CC0-1.0,Trabzon
37.7133,44.9331,19350586,0.2495,synthetic-blacksea-mix,CC0-1.0,Novorossiysk
37.8050,44.6117,91980205,0.1480,synthetic-blacksea-mix,CC0-1.0,Novorossiysk
29.0466,44.0759,75009254,0.0798,synthetic-blacksea-mix,CC0-1.0,Constanta
28.5656,43.6765,130554994,0.0330,synthetic-blacksea-mix,CC0-1.0,Constanta
39.3789,41.0734,30258994,0.1448,synthetic-blacksea-mix,CC0-1.0,Trabzon
37.7112,44.7677,58871586,0.2945,synthetic-blacksea-mix,CC0-1.0,Novorossiysk
27.1646,42.5663,13297393,0.1583,synthetic-blacksea-mix,CC0-1.0,Burgas
40.2253,41.0943,110776726,0.0678,synthetic-blacksea-mix,CC0-1.0,offshore
38.4288,44.5339,124413890,0.0195,synthetic-blacksea-mix,CC0-1.0,offshore
39.9998,43.3737,106022177,0.0819,synthetic-blacksea-mix,CC0-1.0,Sochi
37.5126,44.5833,142205695,0.2760,synthetic-blacksea-mix,CC0-1.0,Novorossiysk
39.5020,43.5849,63382836,0.0455,synthetic-blacksea-mix,CC0-1.0,Sochi
37.7732,44.6888,68746215,0.0902,synthetic-blacksea-mix,CC0-1.0,Novorossiysk
29.2012,43.7106,107198362,0.0034,synthetic-blacksea-mix,CC0-1.0,offshore
27.5831,42.4627,42512661,0.2287,synthetic-blacksea-mix,CC0-1.0,Burgas
28.5809,43.7913,1859020,0.0063,synthetic-blacksea-mix,CC0-1.0,Constanta
39.8285,40.9859,17036812,0.3819,synthetic-blacksea-mix,CC0-1.0,Trabzon
38.0227,44.7437,48465225,0.3275,synthetic-blacksea-mix,CC0-1.0,Novorossiysk
39.3659,43.4662,3670814,0.0000,synthetic-blacksea-mix,CC0-1.0,Sochi
28.5288,44.5294,85004857,0.1800,synthetic-blacksea-mix,CC0-1.0,Constanta
37.9275,44.8192,131965746,0.0422,synthetic-blacksea-mix,CC0-1.0,Novorossiysk
40.0824,43.4230,70339847,0.0112,synthetic-blacksea-mix,CC0-1.0,Sochi
39.3697,40.4797,71871667,0.0000,synthetic-blacksea-mix,CC0-1.0,offshore
29.3877,44.0124,59333686,0.0000,synthetic-blacksea-mix,CC0-1.0,offshore
37.9280,44.7111,45081466,0.3740,synthetic-blacksea-mix,CC0-1.0,Novorossiysk
39.9665,43.8644,49034211,0.2227,synthetic-blacksea-mix,CC0-1.0,Sochi
37.4299,45.0849,115808058,0.4369,synthetic-blacksea-mix,CC0-1.0,Anapa
37.6657,44.5941,97882104,0.0821,synthetic-blacksea-mix,CC0-1.0,Novorossiysk
27.5001,42.9108,50416207,0.1852,synthetic-blacksea-mix,CC0-1.0,Burgas
39.2155,41.3781,147964212,0.0333,synthetic-blacksea-mix,CC0-1.0,offshore
37.1437,44.9791,5562787,0.1264,synthetic-blacksea-mix,CC0-1.0,Anapa
28.4380,44.0092,60961969,0.0123,synthetic-blacksea-mix,CC0-1.0,Constanta
32.9823,44.5961,153568035,0.1378,synthetic-blacksea-mix,CC0-1.0,offshore
37.4716,44.7291,147995738,0.4620,synthetic-blacksea-mix,CC0-1.0,Anapa
37.7107,44.6726,149752814,0.5605,synthetic-blacksea-mix,CC0-1.0,Novorossiysk
28.7663,44.1712,43658162,0.3308,synthetic-blacksea-mix,CC0-1.0,Constanta
39.5763,40.7231,115443511,0.2828,synthetic-blacksea-mix,CC0-1.0,Trabzon
39.7176,43.6300,36222295,0.0019,synthetic-blacksea-mix,CC0-1.0,Sochi
37.7443,44.7924,115533349,0.6936,synthetic-blacksea-mix,CC0-1.0,Novorossiysk
28.6583,44.0208,155522160,0.0120,synthetic-blacksea-mix,CC0-1.0,Constanta
39.9951,40.6242,74103573,0.0000,synthetic-blacksea-mix,CC0-1.0,Trabzon
37.8075,44.7264,83712288,0.7999,synthetic-blacksea-mix,CC0-1.0,Novorossiysk
27.3396,42.6342,146953080,0.2036,synthetic-blacksea-mix,CC0-1.0,Burgas
27.1787,42.3695,29929099,0.0000,synthetic-blacksea-mix,CC0-1.0,Burgas
27.5090,42.5768,95533019,0.0313,synthetic-blacksea-mix,CC0-1.0,Burgas
27.4764,42.5884,143758242,0.5297,synthetic-blacksea-mix,CC0-1.0,Burgas
37.4912,44.7783,147325770,0.3842,synthetic-blacksea-mix,CC0-1.0,Anapa
28.4142,44.0948,88304996,0.1836,synthetic-blacksea-mix,CC0-1.0,Constanta
27.2766,42.7449,34837119,0.0771,synthetic-blacksea-mix,CC0-1.0,Burgas
28.2895,44.4542,8870068,0.0737,synthetic-blacksea-mix,CC0-1.0,Constanta
27.3192,42.4556,51583935,0.3137,synthetic-blacksea-mix,CC0-1.0,Burgas
27.6723,44.1135,126517501,0.0000,synthetic-blacksea-mix,CC0-1.0,offshore
37.7812,44.7627,71835856,0.1633,synthetic-blacksea-mix,CC0-1.0,Novorossiysk
27.7292,42.5859,65331570,0.0000,synthetic-blacksea-mix,CC0-1.0,Burgas
37.8187,44.8295,39445606,0.1340,synthetic-blacksea-mix,CC0-1.0,Novorossiysk
39.3105,41.2077,40424815,0.0000,synthetic-blacksea-mix,CC0-1.0,Trabzon
33.0370,44.7843,83636995,0.0152,synthetic-blacksea-mix,CC0-1.0,offshore
37.0404,44.8106,97526250,0.0743,synthetic-blacksea-mix,CC0-1.0,Anapa
29.3641,44.4323,73921267,0.1205,synthetic-blacksea-mix,CC0-1.0,offshore
28.8528,44.1658,143648362,0.2923,synthetic-blacksea-mix,CC0-1.0,Constanta
39.1941,40.9237,127439182,0.0870,synthetic-blacksea-mix,CC0-1.0,offshore
38.3158,44.7177,2128096,0.1425,synthetic-blacksea-mix,CC0-1.0,offshore
39.2887,43.5435,18507157,0.1290,synthetic-blacksea-mix,CC0-1.0,Sochi
27.4829,42.9891,24535768,0.0531,synthetic-blacksea-mix,CC0-1.0,Burgas
39.6821,40.7999,26182805,0.2220,synthetic-blacksea-mix,CC0-1.0,Trabzon
38.1186,44.8150,68826268,0.0068,synthetic-blacksea-mix,CC0-1.0,Novorossiysk
37.8658,44.7922,48517163,0.5962,synthetic-blacksea-mix,CC0-1.0,Novorossiysk
37.7416,44.6909,25031253,0.6220,synthetic-blacksea-mix,CC0-1.0,Novorossiysk
28.3702,44.1959,111112449,0.2194,synthetic-blacksea-mix,CC0-1.0,Constanta
39.2885,43.7744,68112365,0.0410,synthetic-blacksea-mix,CC0-1.0,Sochi
37.4321,44.8780,50951817,0.7205,synthetic-blacksea-mix,CC0-1.0,Anapa
28.1882,44.0802,97790436,0.0000,synthetic-blacksea-mix,CC0-1.0,Constanta
37.7178,45.0712,91456254,0.0852,synthetic-blacksea-mix,CC0-1.0,Novorossiysk
27.3124,42.3852,19040679,0.2255,synthetic-blacksea-mix,CC0-1.0,Burgas
39.6439,43.7624,32716444,0.0216,synthetic-blacksea-mix,CC0-1.0,Sochi
37.7386,44.6444,81060328,0.6706,synthetic-blacksea-mix,CC0-1.0,Novorossiysk
40.0808,43.3188,17788160,0.1159,synthetic-blacksea-mix,CC0-1.0,Sochi
36.7940,45.0814,66360914,0.0144,synthetic-blacksea-mix,CC0-1.0,offshore
39.6154,41.0403,53171189,0.5607,synthetic-blacksea-mix,CC0-1.0,Trabzon
40.1582,41.3796,32402100,0.0128,synthetic-blacksea-mix,CC0-1.0,offshore
28.7421,44.3733,64009550,0.0000,synthetic-blacksea-mix,CC0-1.0,Constanta
33.0651,44.2003,81672642,0.0891,synthetic-blacksea-mix,CC0-1.0,offshore
37.1645,44.5741,99415601,0.0000,synthetic-blacksea-mix,CC0-1.0,Anapa
40.1782,43.7119,103380299,0.0696,synthetic-blacksea-mix,CC0-1.0,Sochi
27.4589,42.5866,17795126,0.5276,synthetic-blacksea-mix,CC0-1.0,Burgas
28.2712,44.1505,95358689,0.0000,synthetic-blacksea-mix,CC0-1.0,Constanta
27.9796,42.7070,83631434,0.0538,synthetic-blacksea-mix,CC0-1.0,offshore
39.8270,40.8819,147393872,0.5114,synthetic-blacksea-mix,CC0-1.0,Trabzon
37.7136,44.8397,80339723,0.5966,synthetic-blacksea-mix,CC0-1.0,Novorossiysk
39.9482,43.3164,73960339,0.0473,synthetic-blacksea-mix,CC0-1.0,Sochi
37.3967,44.7961,103495008,0.2046,synthetic-blacksea-mix,CC0-1.0,Anapa
38.0393,44.6321,13309110,0.2320,synthetic-blacksea-mix,CC0-1.0,Novorossiysk
37.8744,44.7052,127081181,0.0753,synthetic-blacksea-mix,CC0-1.0,Novorossiysk
36.9778,44.9150,9885564,0.0000,synthetic-blacksea-mix,CC0-1.0,Anapa
28.4457,43.5160,37807507,0.0540,synthetic-blacksea-mix,CC0-1.0,offshore
37.7986,44.8771,122756752,0.2378,synthetic-blacksea-mix,CC0-1.0,Novorossiysk
27.2808,42.5420,157641453,0.0000,synthetic-blacksea-mix,CC0-1.0,Burgas
27.2138,42.5732,45520868,0.1864,synthetic-blacksea-mix,CC0-1.0,Burgas
37.3849,44.5803,133868410,0.0367,synthetic-blacksea-mix,CC0-1.0,Anapa
37.9859,44.5595,48915176,0.0100,synthetic-blacksea-mix,CC0-1.0,Novorossiysk
37.9989,44.6694,125310368,0.0375,synthetic-blacksea-mix,CC0-1.0,Novorossiysk
27.3280,42.4733,37457931,0.0906,synthetic-blacksea-mix,CC0-1.0,Burgas
28.2203,43.7919,81003363,0.0208,synthetic-blacksea-mix,CC0-1.0,offshore
27.7263,42.7269,47802912,0.2007,synthetic-blacksea-mix,CC0-1.0,Burgas
37.4905,44.8913,40637444,0.0775,synthetic-blacksea-mix,CC0-1.0,Anapa
39.8519,43.8941,101024304,0.0000,synthetic-blacksea-mix,CC0-1.0,Sochi
37.7458,44.4678,99715162,0.0000,synthetic-blacksea-mix,CC0-1.0,Novorossiysk
36.6506,44.4604,8211285,0.0000,synthetic-blacksea-mix,CC0-1.0,offshore
37.6011,44.7737,53293400,0.3917,synthetic-blacksea-mix,CC0-1.0,Novorossiysk
37.4937,45.2262,125643242,0.0000,synthetic-blacksea-mix,CC0-1.0,Anapa
37.2694,44.7626,151846576,0.5637,synthetic-blacksea-mix,CC0-1.0,Anapa
39.4408,41.3021,83101843,0.1505,synthetic-blacksea-mix,CC0-1.0,Trabzon
37.9427,44.8610,84063332,0.3669,synthetic-blacksea-mix,CC0-1.0,Novorossiysk
39.5478,43.9422,126048935,0.0000,synthetic-blacksea-mix,CC0-1.0,Sochi
28.3531,43.7243,19273684,0.0000,synthetic-blacksea-mix,CC0-1.0,offshore
37.7648,44.6295,147918666,0.6208,synthetic-blacksea-mix,CC0-1.0,Novorossiysk
36.9389,45.2795,3533747,0.0000,synthetic-blacksea-mix,CC0-1.0,offshore
34.5048,45.1852,75840896,0.0000,synthetic-blacksea-mix,CC0-1.0,offshore
38.0444,44.7914,10282027,0.0570,synthetic-blacksea-mix,CC0-1.0,Novorossiysk
28.9266,44.0815,26381983,0.0411,synthetic-blacksea-mix,CC0-1.0,Constanta
39.7762,40.5047,138728113,0.0000,synthetic-blacksea-mix,CC0-1.0,Trabzon
39.1367,41.2032,45970926,0.0161,synthetic-blacksea-mix,CC0-1.0,offshore
39.9324,43.5365,156246619,0.1247,synthetic-blacksea-mix,CC0-1.0,Sochi
37.2096,45.0362,12995840,0.3831,synthetic-blacksea-mix,CC0-1.0,Anapa
28.8488,44.0056,70830170,0.1202,synthetic-blacksea-mix,CC0-1.0,Constanta
39.7001,41.0532,96675146,0.1955,synthetic-blacksea-mix,CC0-1.0,Trabzon
39.6287,43.2979,39984553,0.1455,synthetic-blacksea-mix,CC0-1.0,Sochi
37.2782,44.5934,104748209,0.0317,synthetic-blacksea-mix,CC0-1.0,Anapa
37.7482,44.7292,152290306,0.4729,synthetic-blacksea-mix,CC0-1.0,Novorossiysk
28.4432,44.0366,120544114,0.1334,synthetic-blacksea-mix,CC0-1.0,Constanta
27.6315,42.6092,44750438,0.2389,synthetic-blacksea-mix,CC0-1.0,Burgas
37.3716,44.9121,10435475,0.3339,synthetic-blacksea-mix,CC0-1.0,Anapa
37.5376,45.0361,130331033,0.0470,synthetic-blacksea-mix,CC0-1.0,Anapa
39.9104,40.8969,109908949,0.2266,synthetic-blacksea-mix,CC0-1.0,Trabzon
39.7032,44.1420,118580242,0.0170,synthetic-blacksea-mix,CC0-1.0,offshore
39.2975,43.9683,91318450,0.1109,synthetic-blacksea-mix,CC0-1.0,offshore
37.8895,44.5294,105204234,0.2225,synthetic-blacksea-mix,CC0-1.0,Novorossiysk
39.8430,43.4530,86752600,0.3536,synthetic-blacksea-mix,CC0-1.0,Sochi
37.7918,44.5812,111430684,0.6363,synthetic-blacksea-mix,CC0-1.0,Novorossiysk
27.2124,42.3291,94326292,0.0000,synthetic-blacksea-mix,CC0-1.0,Burgas
37.8617,44.5550,121625768,0.1709,synthetic-blacksea-mix,CC0-1.0,Novorossiysk
37.5483,44.8484,109108252,0.2842,synthetic-blacksea-mix,CC0-1.0,Anapa
37.8681,44.3818,12496537,0.1298,synthetic-blacksea-mix,CC0-1.0,Novorossiysk
28.8810,44.2439,20258623,0.1899,synthetic-blacksea-mix,CC0-1.0,Constanta
39.3753,43.4460,99773134,0.0055,synthetic-blacksea-mix,CC0-1.0,Sochi
37.9966,44.7916,122973293,0.1838,synthetic-blacksea-mix,CC0-1.0,Novorossiysk
39.4610,43.6519,45865289,0.2663,synthetic-blacksea-mix,CC0-1.0,Sochi
37.4825,44.4865,92335675,0.0876,synthetic-blacksea-mix,CC0-1.0,Novorossiysk
39.7577,41.2570,40044984,0.0000,synthetic-blacksea-mix,CC0-1.0,Trabzon
37.2806,44.8210,90462907,0.3798,synthetic-blacksea-mix,CC0-1.0,Anapa
37.8552,44.5737,8834536,0.0890,synthetic-blacksea-mix,CC0-1.0,Novorossiysk
39.2798,41.1594,13861716,0.0857,synthetic-blacksea-mix,CC0-1.0,Trabzon
27.3858,42.3471,149086645,0.2133,synthetic-blacksea-mix,CC0-1.0,Burgas
29.2532,44.1347,112449917,0.0003,synthetic-blacksea-mix,CC0-1.0,offshore
39.7301,41.6406,62358549,0.0000,synthetic-blacksea-mix,CC0-1.0,offshore
39.2704,43.6718,153493072,0.1334,synthetic-blacksea-mix,CC0-1.0,Sochi
37.9980,44.7172,36450575,0.0000,synthetic-blacksea-mix,CC0-1.0,Novorossiysk
39.7951,43.3545,82121625,0.3817,synthetic-blacksea-mix,CC0-1.0,Sochi
40.5159,40.9422,82564703,0.1061,synthetic-blacksea-mix,CC0-1.0,offshore
37.9385,44.6128,110909132,0.3893,synthetic-blacksea-mix,CC0-1.0,Novorossiysk
39.2360,43.4214,105640960,0.0824,synthetic-blacksea-mix,CC0-1.0,offshore
38.0453,44.3947,98953152,0.0000,synthetic-blacksea-mix,CC0-1.0,Novorossiysk
39.7054,40.8141,62434071,0.1834,synthetic-blacksea-mix,CC0-1.0,Trabzon
28.3320,44.4767,63553490,0.0890,synthetic-blacksea-mix,CC0-1.0,Constanta
37.1697,44.9171,44730669,0.3980,synthetic-blacksea-mix,CC0-1.0,Anapa
39.6573,43.3853,41258573,0.0305,synthetic-blacksea-mix,CC0-1.0,Sochi
39.7293,43.7689,36392170,0.0172,synthetic-blacksea-mix,CC0-1.0,Sochi
28.9943,44.3784,116439733,0.1521,synthetic-blacksea-mix,CC0-1.0,Constanta
29.1199,44.1468,156135083,0.0421,synthetic-blacksea-mix,CC0-1.0,Constanta
39.3723,40.8148,24890728,0.0747,synthetic-blacksea-mix,CC0-1.0,Trabzon
40.2774,43.4260,5913902,0.0282,synthetic-blacksea-mix,CC0-1.0,offshore
34.3807,43.9935,84563245,0.1243,synthetic-blacksea-mix,CC0-1.0,offshore
38.2376,44.7576,133507027,0.0376,synthetic-blacksea-mix,CC0-1.0,Novorossiysk
28.4148,44.3008,151330891,0.0836,synthetic-blacksea-mix,CC0-1.0,Constanta
37.9097,44.7736,1487043,0.1594,synthetic-blacksea-mix,CC0-1.0,Novorossiysk
32.9596,44.6635,139872604,0.0000,synthetic-blacksea-mix,CC0-1.0,offshore
37.1096,44.6071,102491895,0.0904,synthetic-blacksea-mix,CC0-1.0,Anapa
39.2578,43.3243,24097910,0.0534,synthetic-blacksea-mix,CC0-1.0,offshore
39.4718,40.6088,122633406,0.1244,synthetic-blacksea-mix,CC0-1.0,Trabzon
39.5231,43.6897,145061109,0.3279,synthetic-blacksea-mix,CC0-1.0,Sochi
28.6686,44.8669,61813122,0.0000,synthetic-blacksea-mix,CC0-1.0,offshore
37.1535,45.1214,116315634,0.2376,synthetic-blacksea-mix,CC0-1.0,Anapa
37.4944,44.5269,70592161,0.0000,synthetic-blacksea-mix,CC0-1.0,Novorossiysk
39.9448,40.7386,11043506,0.1613,synthetic-blacksea-mix,CC0-1.0,Trabzon
28.9937,44.3581,90256339,0.0000,synthetic-blacksea-mix,CC0-1.0,Constanta
39.0770,43.5915,41673370,0.0421,synthetic-blacksea-mix,CC0-1.0,offshore
38.1210,44.6719,89769555,0.1349,synthetic-blacksea-mix,CC0-1.0,Novorossiysk
39.6787,43.7775,148149294,0.4077,synthetic-blacksea-mix,CC0-1.0,Sochi
37.6162,44.5788,33474442,0.0253,synthetic-blacksea-mix,CC0-1.0,Novorossiysk
37.5927,45.2783,130026231,0.0150,synthetic-blacksea-mix,CC0-1.0,Anapa
33.4915,44.0328,59404240,0.0858,synthetic-blacksea-mix,CC0-1.0,offshore
37.9360,44.7157,71724876,0.1095,synthetic-blacksea-mix,CC0-1.0,Novorossiysk
39.6918,41.2757,149207791,0.3038,synthetic-blacksea-mix,CC0-1.0,Trabzon
40.0798,40.9371,78630356,0.1379,synthetic-blacksea-mix,CC0-1.0,Trabzon
32.9978,44.4474,14565979,0.0204,synthetic-blacksea-mix,CC0-1.0,offshore
28.9243,44.3344,30178672,0.0000,synthetic-blacksea-mix,CC0-1.0,Constanta
39.5000,43.6646,152953136,0.1218,synthetic-blacksea-mix,CC0-1.0,Sochi
28.2384,43.8005,133077952,0.0012,synthetic-blacksea-mix,CC0-1.0,offshore
27.4324,42.6469,34318507,0.0045,synthetic-blacksea-mix,CC0-1.0,Burgas
37.4971,44.8495,113707211,0.5985,synthetic-blacksea-mix,CC0-1.0,Anapa
39.9563,43.5658,13122873,0.2620,synthetic-blacksea-mix,CC0-1.0,Sochi
27.7298,42.7874,38877021,0.0114,synthetic-blacksea-mix,CC0-1.0,Burgas
37.5610,44.9321,141201702,0.2967,synthetic-blacksea-mix,CC0-1.0,Anapa
39.6888,41.1185,115806587,0.5256,synthetic-blacksea-mix,CC0-1.0,Trabzon
37.3017,44.7475,5225073,0.1072,synthetic-blacksea-mix,CC0-1.0,Anapa
27.2320,42.5907,37926840,0.0955,synthetic-blacksea-mix,CC0-1.0,Burgas
28.7749,43.8074,5417990,0.0553,synthetic-blacksea-mix,CC0-1.0,Constanta
37.4020,45.1396,87602851,0.2236,synthetic-blacksea-mix,CC0-1.0,Anapa
37.5647,44.7004,54289740,0.4238,synthetic-blacksea-mix,CC0-1.0,Novorossiysk
37.1003,44.5423,52107790,0.1967,synthetic-blacksea-mix,CC0-1.0,Anapa
40.3840,41.0657,3897796,0.0000,synthetic-blacksea-mix,CC0-1.0,offshore
28.1747,43.9394,99210753,0.0000,synthetic-blacksea-mix,CC0-1.0,offshore
37.6960,44.7586,137874815,0.0939,synthetic-blacksea-mix,CC0-1.0,Novorossiysk
28.6612,44.3751,103618733,0.1075,synthetic-blacksea-mix,CC0-1.0,Constanta
37.8036,44.7420,5710110,0.0368,synthetic-blacksea-mix,CC0-1.0,Novorossiysk
39.6591,40.9020,157176002,0.2324,synthetic-blacksea-mix,CC0-1.0,Trabzon
28.6050,44.0279,5676592,0.0890,synthetic-blacksea-mix,CC0-1.0,Constanta
28.8037,44.1168,14043110,0.5336,synthetic-blacksea-mix,CC0-1.0,Constanta
39.4096,43.5767,104983427,0.1046,synthetic-blacksea-mix,CC0-1.0,Sochi
28.9696,44.2161,49231295,0.2475,synthetic-blacksea-mix,CC0-1.0,Constanta
28.5402,43.7047,153512893,0.0809,synthetic-blacksea-mix,CC0-1.0,Constanta
37.1193,44.8079,155643014,0.1142,synthetic-blacksea-mix,CC0-1.0,Anapa
37.1221,44.6783,137585323,0.1535,synthetic-blacksea-mix,CC0-1.0,Anapa
37.7113,44.8875,110131143,0.2561,synthetic-blacksea-mix,CC0-1.0,Novorossiysk
37.5952,44.6084,99566183,0.0171,synthetic-blacksea-mix,CC0-1.0,Novorossiysk
40.1226,40.9924,80624019,0.0877,synthetic-blacksea-mix,CC0-1.0,Trabzon
39.7646,43.7400,152869915,0.2167,synthetic-blacksea-mix,CC0-1.0,Sochi
29.1986,44.4672,70706942,0.0000,synthetic-blacksea-mix,CC0-1.0,offshore
38.0884,44.9171,24116572,0.1372,synthetic-blacksea-mix,CC0-1.0,Novorossiysk
27.5824,42.4235,113427835,0.3536,synthetic-blacksea-mix,CC0-1.0,Burgas
39.9435,41.0539,33813026,0.1065,synthetic-blacksea-mix,CC0-1.0,Trabzon
27.5524,42.1798,32481139,0.0450,synthetic-blacksea-mix,CC0-1.0,Burgas
39.6077,41.3021,140740646,0.0778,synthetic-blacksea-mix,CC0-1.0,Trabzon
37.8230,44.9808,75762144,0.0000,synthetic-blacksea-mix,CC0-1.0,Novorossiysk
37.3383,44.7149,112772743,0.0133,synthetic-blacksea-mix,CC0-1.0,Anapa
34.8535,44.5748,127958886,0.0000,synthetic-blacksea-mix,CC0-1.0,offshore
39.9884,41.0983,50147728,0.2425,synthetic-blacksea-mix,CC0-1.0,Trabzon
27.8059,42.7676,90369142,0.0099,synthetic-blacksea-mix,CC0-1.0,Burgas
37.6279,44.7406,88536366,0.3714,synthetic-blacksea-mix,CC0-1.0,Novorossiysk
37.7455,44.5000,111415377,0.3520,synthetic-blacksea-mix,CC0-1.0,Novorossiysk
39.7057,41.2307,9574880,0.0000,synthetic-blacksea-mix,CC0-1.0,Trabzon
37.6778,45.0123,26798888,0.1203,synthetic-blacksea-mix,CC0-1.0,Novorossiysk
37.2537,44.9922,80288928,0.7088,synthetic-blacksea-mix,CC0-1.0,Anapa
40.2144,43.6047,89559327,0.1195,synthetic-blacksea-mix,CC0-1.0,Sochi
28.5999,44.1324,23134637,0.3968,synthetic-blacksea-mix,CC0-1.0,Constanta
37.1572,45.2389,84704215,0.2759,synthetic-blacksea-mix,CC0-1.0,Anapa
28.7058,44.5394,45240024,0.1146,synthetic-blacksea-mix,CC0-1.0,Constanta
37.1207,44.7702,137702620,0.2618,synthetic-blacksea-mix,CC0-1.0,Anapa
39.7105,43.3255,60922267,0.1814,synthetic-blacksea-mix,CC0-1.0,Sochi
39.5912,43.5008,51335983,0.4492,synthetic-blacksea-mix,CC0-1.0,Sochi
39.4953,43.5241,58037944,0.2014,synthetic-blacksea-mix,CC0-1.0,Sochi
37.6511,44.8975,121860926,0.3158,synthetic-blacksea-mix,CC0-1.0,Novorossiysk
39.7701,43.6218,57659358,0.4286,synthetic-blacksea-mix,CC0-1.0,Sochi
27.5821,42.3915,37514799,0.0615,synthetic-blacksea-mix,CC0-1.0,Burgas
27.6194,42.8623,92027421,0.0494,synthetic-blacksea-mix,CC0-1.0,Burgas
27.8294,44.1390,61549182,0.0334,synthetic-blacksea-mix,CC0-1.0,offshore
40.0159,40.5814,40426802,0.0000,synthetic-blacksea-mix,CC0-1.0,offshore
28.6552,43.6972,136972302,0.0642,synthetic-blacksea-mix,CC0-1.0,Constanta
39.7006,40.9449,53824139,0.6885,synthetic-blacksea-mix,CC0-1.0,Trabzon
28.6274,44.1797,11351569,0.4315,synthetic-blacksea-mix,CC0-1.0,Constanta
28.3121,42.7055,943161,0.1251,synthetic-blacksea-mix,CC0-1.0,offshore
39.6283,43.8528,124103345,0.0000,synthetic-blacksea-mix,CC0-1.0,Sochi
36.8428,44.9200,45571262,0.2007,synthetic-blacksea-mix,CC0-1.0,Anapa
37.8099,44.8165,127939050,0.0255,synthetic-blacksea-mix,CC0-1.0,Novorossiysk
28.3188,43.9756,119953486,0.0000,synthetic-blacksea-mix,CC0-1.0,Constanta
29.1696,44.0300,23240211,0.0915,synthetic-blacksea-mix,CC0-1.0,offshore
39.5302,43.4959,76247490,0.3545,synthetic-blacksea-mix,CC0-1.0,Sochi
34.5930,44.1244,60727065,0.0043,synthetic-blacksea-mix,CC0-1.0,offshore
37.4374,45.0310,52092379,0.4262,synthetic-blacksea-mix,CC0-1.0,Anapa
27.5406,42.4521,105761079,0.3664,synthetic-blacksea-mix,CC0-1.0,Burgas
39.8085,44.1286,121667001,0.0634,synthetic-blacksea-mix,CC0-1.0,offshore
39.7159,40.9332,13878791,0.2315,synthetic-blacksea-mix,CC0-1.0,Trabzon
37.9754,45.0537,109205955,0.0764,synthetic-blacksea-mix,CC0-1.0,Novorossiysk
37.5562,44.6870,97536644,0.0624,synthetic-blacksea-mix,CC0-1.0,Novorossiysk
39.8314,41.1178,99458011,0.0000,synthetic-blacksea-mix,CC0-1.0,Trabzon
28.9139,44.3906,22412060,0.1928,synthetic-blacksea-mix,CC0-1.0,Constanta
40.0878,40.6891,94364903,0.0657,synthetic-blacksea-mix,CC0-1.0,Trabzon
37.1371,44.4452,84109548,0.0153,synthetic-blacksea-mix,CC0-1.0,Anapa
39.7116,41.2367,146521042,0.2401,synthetic-blacksea-mix,CC0-1.0,Trabzon
39.6529,43.3512,57978008,0.3288,synthetic-blacksea-mix,CC0-1.0,Sochi
37.2614,44.4979,10936334,0.0906,synthetic-blacksea-mix,CC0-1.0,Anapa
37.5733,44.7458,122112162,0.2133,synthetic-blacksea-mix,CC0-1.0,Novorossiysk
39.7105,40.5483,137049954,0.0000,synthetic-blacksea-mix,CC0-1.0,Trabzon
37.8432,44.5614,39398144,0.1704,synthetic-blacksea-mix,CC0-1.0,Novorossiysk
36.7654,44.7801,92304417,0.0893,synthetic-blacksea-mix,CC0-1.0,offshore
34.5654,44.9593,124414100,0.0000,synthetic-blacksea-mix,CC0-1.0,offshore
28.8134,43.4732,46850666,0.0908,synthetic-blacksea-mix,CC0-1.0,offshore
37.7601,44.5859,110980825,0.6465,synthetic-blacksea-mix,CC0-1.0,Novorossiysk
38.0560,44.9217,135864808,0.0694,synthetic-blacksea-mix,CC0-1.0,Novorossiysk
37.3383,45.3815,13654438,0.1459,synthetic-blacksea-mix,CC0-1.0,Anapa
27.8934,43.1538,76012125,0.0441,synthetic-blacksea-mix,CC0-1.0,offshore
39.7358,41.3245,136132396,0.0000,synthetic-blacksea-mix,CC0-1.0,Trabzon
39.4118,43.6428,5256074,0.0788,synthetic-blacksea-mix,CC0-1.0,Sochi
37.7306,44.8731,152016226,0.4380,synthetic-blacksea-mix,CC0-1.0,Novorossiysk
37.9854,44.6236,93031652,0.0001,synthetic-blacksea-mix,CC0-1.0,Novorossiysk
39.8867,43.3002,97669998,0.0016,synthetic-blacksea-mix,CC0-1.0,Sochi
40.3429,43.5045,92519965,0.0000,synthetic-blacksea-mix,CC0-1.0,offshore
38.0007,44.7465,2644139,0.0000,synthetic-blacksea-mix,CC0-1.0,Novorossiysk
29.1864,44.1278,11835020,0.1882,synthetic-blacksea-mix,CC0-1.0,offshore
28.7534,44.1405,68789758,0.1215,synthetic-blacksea-mix,CC0-1.0,Constanta
37.3837,44.4947,104628310,0.0001,synthetic-blacksea-mix,CC0-1.0,Anapa
36.9636,45.2186,115462944,0.1754,synthetic-blacksea-mix,CC0-1.0,Anapa
37.8213,45.1833,150853509,0.0961,synthetic-blacksea-mix,CC0-1.0,Novorossiysk
38.0354,44.8074,6498835,0.0895,synthetic-blacksea-mix,CC0-1.0,Novorossiysk
37.6692,44.7578,29731860,0.1270,synthetic-blacksea-mix,CC0-1.0,Novorossiysk
28.2492,44.3025,14775363,0.1179,synthetic-blacksea-mix,CC0-1.0,Constanta
37.2804,45.0408,128837220,0.0323,synthetic-blacksea-mix,CC0-1.0,Anapa
37.6132,44.8669,110300507,0.2782,synthetic-blacksea-mix,CC0-1.0,Novorossiysk
37.8107,44.7940,139494506,0.5060,synthetic-blacksea-mix,CC0-1.0,Novorossiysk
37.5369,44.9424,56825346,0.4244,synthetic-blacksea-mix,CC0-1.0,Anapa
37.9954,44.8222,21099074,0.3381,synthetic-blacksea-mix,CC0-1.0,Novorossiysk
38.3663,44.5920,15516476,0.0225,synthetic-blacksea-mix,CC0-1.0,offshore
38.4017,44.6680,20084987,0.0535,synthetic-blacksea-mix,CC0-1.0,offshore
38.0864,44.7853,139209405,0.1409,synthetic-blacksea-mix,CC0-1.0,Novorossiysk
37.3620,44.7433,97961322,0.0000,synthetic-blacksea-mix,CC0-1.0,Anapa
38.9410,40.9473,5134125,0.0577,synthetic-blacksea-mix,CC0-1.0,offshore
37.6185,44.8703,115321405,0.4994,synthetic-blacksea-mix,CC0-1.0,Novorossiysk
37.2696,45.1805,123255113,0.0248,synthetic-blacksea-mix,CC0-1.0,Anapa
29.1357,43.5676,37925149,0.0000,synthetic-blacksea-mix,CC0-1.0,offshore
39.8207,41.0499,114277398,0.5170,synthetic-blacksea-mix,CC0-1.0,Trabzon
37.6707,44.5785,153567355,0.1824,synthetic-blacksea-mix,CC0-1.0,Novorossiysk
37.7717,44.8489,76477965,0.4925,synthetic-blacksea-mix,CC0-1.0,Novorossiysk
40.0661,43.5688,124334328,0.0010,synthetic-blacksea-mix,CC0-1.0,Sochi
39.5372,40.7562,91627817,0.1025,synthetic-blacksea-mix,CC0-1.0,Trabzon
37.7181,44.5631,130676496,0.0000,synthetic-blacksea-mix,CC0-1.0,Novorossiysk
38.0452,44.7598,32960769,0.0251,synthetic-blacksea-mix,CC0-1.0,Novorossiysk
37.3282,44.7981,44440670,0.4403,synthetic-blacksea-mix,CC0-1.0,Anapa
39.4177,40.4542,51003977,0.0000,synthetic-blacksea-mix,CC0-1.0,offshore
37.6911,44.8589,39302824,0.0532,synthetic-blacksea-mix,CC0-1.0,Novorossiysk
37.5590,44.6347,157104588,0.0420,synthetic-blacksea-mix,CC0-1.0,Novorossiysk
27.2428,42.3797,112709248,0.2503,synthetic-blacksea-mix,CC0-1.0,Burgas
37.0043,44.6054,148558698,0.1796,synthetic-blacksea-mix,CC0-1.0,Anapa
27.4824,42.5540,139878277,0.5049,synthetic-blacksea-mix,CC0-1.0,Burgas
27.1537,42.3030,78820110,0.1365,synthetic-blacksea-mix,CC0-1.0,Burgas
37.5258,44.7789,74613146,0.2510,synthetic-blacksea-mix,CC0-1.0,Anapa
37.5402,44.6940,38143939,0.0012,synthetic-blacksea-mix,CC0-1.0,Novorossiysk
39.2145,43.2602,89626827,0.0808,synthetic-blacksea-mix,CC0-1.0,offshore
27.7035,42.1692,39700930,0.0634,synthetic-blacksea-mix,CC0-1.0,Burgas
39.4749,43.6539,31014200,0.1262,synthetic-blacksea-mix,CC0-1.0,Sochi
39.5971,40.7479,26909932,0.1547,synthetic-blacksea-mix,CC0-1.0,Trabzon
40.1202,40.7389,132731037,0.0408,synthetic-blacksea-mix,CC0-1.0,Trabzon
38.9404,41.1105,150940786,0.0010,synthetic-blacksea-mix,CC0-1.0,offshore
37.3926,44.8281,148414253,0.7706,synthetic-blacksea-mix,CC0-1.0,Anapa
37.8959,44.6992,81148616,0.0829,synthetic-blacksea-mix,CC0-1.0,Novorossiysk
39.7900,40.9976,155952037,0.3243,synthetic-blacksea-mix,CC0-1.0,Trabzon
37.3676,44.7597,7329151,0.0000,synthetic-blacksea-mix,CC0-1.0,Anapa
27.8154,43.0995,114296469,0.0458,synthetic-blacksea-mix,CC0-1.0,offshore
39.4365,41.2995,89578678,0.1725,synthetic-blacksea-mix,CC0-1.0,Trabzon
37.7232,44.7320,110234433,0.7385,synthetic-blacksea-mix,CC0-1.0,Novorossiysk
39.7359,40.3088,99992273,0.0000,synthetic-blacksea-mix,CC0-1.0,offshore
27.4012,42.6517,24488677,0.1803,synthetic-blacksea-mix,CC0-1.0,Burgas
28.5420,44.2296,99319799,0.0600,synthetic-blacksea-mix,CC0-1.0,Constanta
39.3673,40.7894,85726895,0.1600,synthetic-blacksea-mix,CC0-1.0,Trabzon
37.3284,44.9043,35746139,0.0000,synthetic-blacksea-mix,CC0-1.0,Anapa
40.0629,40.7985,14035010,0.0397,synthetic-blacksea-mix,CC0-1.0,Trabzon
37.7743,44.8682,17807034,0.1305,synthetic-blacksea-mix,CC0-1.0,Novorossiysk
37.7164,44.7382,50535623,0.7494,synthetic-blacksea-mix,CC0-1.0,Novorossiysk
28.2394,44.0341,79271942,0.1357,synthetic-blacksea-mix,CC0-1.0,Constanta
28.3462,44.1380,12053760,0.2701,synthetic-blacksea-mix,CC0-1.0,Constanta
39.9003,43.2199,20966457,0.1812,synthetic-blacksea-mix,CC0-1.0,Sochi
29.2741,44.3692,30409090,0.0000,synthetic-blacksea-mix,CC0-1.0,offshore
27.6532,42.7081,26871863,0.1248,synthetic-blacksea-mix,CC0-1.0,Burgas
27.0904,42.9730,129370320,0.0143,synthetic-blacksea-mix,CC0-1.0,offshore
39.0732,40.8853,42357151,0.0000,synthetic-blacksea-mix,CC0-1.0,offshore
38.0313,44.6731,53514666,0.2976,synthetic-blacksea-mix,CC0-1.0,Novorossiysk
33.3671,45.0422,52010000,0.0769,synthetic-blacksea-mix,CC0-1.0,offshore
29.0013,43.7461,90681910,0.0133,synthetic-blacksea-mix,CC0-1.0,offshore
39.5106,43.5243,119799594,0.3301,synthetic-blacksea-mix,CC0-1.0,Sochi
40.0309,43.5296,135402811,0.0388,synthetic-blacksea-mix,CC0-1.0,Sochi
27.3933,42.7226,57519768,0.0278,synthetic-blacksea-mix,CC0-1.0,Burgas
27.8356,42.4413,126488427,0.0000,synthetic-blacksea-mix,CC0-1.0,Burgas
39.9800,43.7802,104395257,0.0278,synthetic-blacksea-mix,CC0-1.0,Sochi
39.3810,40.9281,144429555,0.1452,synthetic-blacksea-mix,CC0-1.0,Trabzon
27.1391,42.6415,103291100,0.0000,synthetic-blacksea-mix,CC0-1.0,Burgas
40.0193,43.8561,128158888,0.0219,synthetic-blacksea-mix,CC0-1.0,Sochi
39.9034,41.4258,8623605,0.0065,synthetic-blacksea-mix,CC0-1.0,Trabzon
39.2911,41.0810,133016870,0.0000,synthetic-blacksea-mix,CC0-1.0,Trabzon
37.5189,44.9813,96209294,0.0000,synthetic-blacksea-mix,CC0-1.0,Anapa
37.6875,44.7999,74145500,0.3576,synthetic-blacksea-mix,CC0-1.0,Novorossiysk
39.5468,43.3714,149064026,0.3289,synthetic-blacksea-mix,CC0-1.0,Sochi
37.2017,45.1057,81386277,0.3693,synthetic-blacksea-mix,CC0-1.0,Anapa
37.9532,44.8117,18225971,0.3976,synthetic-blacksea-mix,CC0-1.0,Novorossiysk
37.1299,44.6381,99683730,0.0000,synthetic-blacksea-mix,CC0-1.0,Anapa
28.7479,44.3169,146645849,0.2607,synthetic-blacksea-mix,CC0-1.0,Constanta
28.6938,44.0970,4972474,0.0800,synthetic-blacksea-mix,CC0-1.0,Constanta
37.3969,44.9342,108200395,0.5673,synthetic-blacksea-mix,CC0-1.0,Anapa
38.0228,44.6535,51600193,0.4495,synthetic-blacksea-mix,CC0-1.0,Novorossiysk
27.8078,42.3463,4178527,0.0000,synthetic-blacksea-mix,CC0-1.0,Burgas
27.7435,42.3904,38232405,0.1202,synthetic-blacksea-mix,CC0-1.0,Burgas
38.1512,44.4868,45357640,0.0671,synthetic-blacksea-mix,CC0-1.0,Novorossiysk
28.8858,44.5366,67781647,0.0000,synthetic-blacksea-mix,CC0-1.0,Constanta
37.3490,44.9415,130094329,0.0682,synthetic-blacksea-mix,CC0-1.0,Anapa
36.8295,44.9888,123167659,0.1013,synthetic-blacksea-mix,CC0-1.0,offshore
40.2340,43.6783,148692727,0.1443,synthetic-blacksea-mix,CC0-1.0,offshore
39.4714,41.0969,120643360,0.2481,synthetic-blacksea-mix,CC0-1.0,Trabzon
40.3545,40.7384,69040805,0.0000,synthetic-blacksea-mix,CC0-1.0,offshore
37.7575,44.6496,112995076,0.7120,synthetic-blacksea-mix,CC0-1.0,Novorossiysk
39.4010,40.8619,76684627,0.1154,synthetic-blacksea-mix,CC0-1.0,Trabzon
39.4157,43.6175,5049257,0.0445,synthetic-blacksea-mix,CC0-1.0,Sochi
39.7554,43.3545,97885615,0.0319,synthetic-blacksea-mix,CC0-1.0,Sochi
39.7551,43.6151,60128327,0.2017,synthetic-blacksea-mix,CC0-1.0,Sochi
39.5061,43.5629,141483044,0.2891,synthetic-blacksea-mix,CC0-1.0,Sochi
37.9190,44.8150,43633401,0.0000,synthetic-blacksea-mix,CC0-1.0,Novorossiysk
38.0873,44.5996,104008589,0.0308,synthetic-blacksea-mix,CC0-1.0,Novorossiysk
37.8656,44.8698,125320073,0.1510,synthetic-blacksea-mix,CC0-1.0,Novorossiysk
28.9726,44.2847,42493025,0.0423,synthetic-blacksea-mix,CC0-1.0,Constanta
37.6100,44.4479,58065029,0.1923,synthetic-blacksea-mix,CC0-1.0,Novorossiysk
39.8957,43.8808,135544011,0.1140,synthetic-blacksea-mix,CC0-1.0,Sochi
39.5101,43.4447,131675238,0.0275,synthetic-blacksea-mix,CC0-1.0,Sochi
37.3808,44.8646,53021521,0.1194,synthetic-blacksea-mix,CC0-1.0,Anapa
39.4946,43.6959,8295327,0.0045,synthetic-blacksea-mix,CC0-1.0,Sochi
37.9866,44.2769,64281851,0.0000,synthetic-blacksea-mix,CC0-1.0,Novorossiysk
28.9584,43.5660,20313191,0.0492,synthetic-blacksea-mix,CC0-1.0,offshore
29.0470,44.3483,70709165,0.0631,synthetic-blacksea-mix,CC0-1.0,Constanta
27.8608,44.2186,147675706,0.0000,synthetic-blacksea-mix,CC0-1.0,offshore
39.8106,43.3279,4094941,0.0919,synthetic-blacksea-mix,CC0-1.0,Sochi
37.7667,44.8963,105121833,0.2277,synthetic-blacksea-mix,CC0-1.0,Novorossiysk
39.7750,41.1305,81540058,0.5173,synthetic-blacksea-mix,CC0-1.0,Trabzon
40.1734,41.0356,128663178,0.0142,synthetic-blacksea-mix,CC0-1.0,Trabzon
40.1619,41.1744,36248418,0.0173,synthetic-blacksea-mix,CC0-1.0,Trabzon
37.6905,44.7456,111291182,0.6602,synthetic-blacksea-mix,CC0-1.0,Novorossiysk
38.2358,44.7239,134361955,0.0000,synthetic-blacksea-mix,CC0-1.0,Novorossiysk
38.0085,44.8906,40984282,0.0376,synthetic-blacksea-mix,CC0-1.0,Novorossiysk
28.8579,44.6672,139476094,0.0969,synthetic-blacksea-mix,CC0-1.0,offshore
40.0589,40.8427,93303227,0.0192,synthetic-blacksea-mix,CC0-1.0,Trabzon
39.9047,43.6533,68061849,0.0662,synthetic-blacksea-mix,CC0-1.0,Sochi
34.8073,45.0390,10785378,0.0087,synthetic-blacksea-mix,CC0-1.0,offshore
39.2369,41.0139,33324138,0.0241,synthetic-blacksea-mix,CC0-1.0,Trabzon
37.9504,44.7237,44721735,0.0426,synthetic-blacksea-mix,CC0-1.0,Novorossiysk
40.0493,43.2803,150006973,0.1163,synthetic-blacksea-mix,CC0-1.0,Sochi
39.8649,43.6028,153480904,0.2467,synthetic-blacksea-mix,CC0-1.0,Sochi
37.7701,44.7459,86123771,0.7737,synthetic-blacksea-mix,CC0-1.0,Novorossiysk
28.8860,44.3380,124386418,0.0421,synthetic-blacksea-mix,CC0-1.0,Constanta
32.9323,44.3927,83477216,0.1155,synthetic-blacksea-mix,CC0-1.0,offshore
28.7108,43.8855,63129895,0.0510,synthetic-blacksea-mix,CC0-1.0,Constanta
27.5617,43.0483,35835485,0.0562,synthetic-blacksea-mix,CC0-1.0,offshore
37.5269,44.9854,130079915,0.0000,synthetic-blacksea-mix,CC0-1.0,Anapa
37.7065,44.8158,92096016,0.0541,synthetic-blacksea-mix,CC0-1.0,Novorossiysk
37.1038,44.8695,39777811,0.0918,synthetic-blacksea-mix,CC0-1.0,Anapa
27.4812,42.0672,80811395,0.0394,synthetic-blacksea-mix,CC0-1.0,Burgas
37.3935,44.8695,131851984,0.0522,synthetic-blacksea-mix,CC0-1.0,Anapa
37.8212,45.0399,21635552,0.1140,synthetic-blacksea-mix,CC0-1.0,Novorossiysk
39.7519,40.7600,35681343,0.0828,synthetic-blacksea-mix,CC0-1.0,Trabzon
39.4321,43.5718,50370476,0.1533,synthetic-blacksea-mix,CC0-1.0,Sochi
39.3622,43.7185,52222008,0.2477,synthetic-blacksea-mix,CC0-1.0,Sochi
40.3642,40.6920,116467858,0.1084,synthetic-blacksea-mix,CC0-1.0,offshore
28.2689,44.5680,127352503,0.0000,synthetic-blacksea-mix,CC0-1.0,offshore
39.4884,40.7847,73454875,0.0609,synthetic-blacksea-mix,CC0-1.0,Trabzon
37.5561,44.7882,32379630,0.0000,synthetic-blacksea-mix,CC0-1.0,Novorossiysk
32.7950,44.6568,107611038,0.0000,synthetic-blacksea-mix,CC0-1.0,offshore
27.3435,42.6765,157341601,0.0000,synthetic-blacksea-mix,CC0-1.0,Burgas
28.8218,44.3703,56090742,0.0720,synthetic-blacksea-mix,CC0-1.0,Constanta
40.0527,43.9123,102791454,0.0162,synthetic-blacksea-mix,CC0-1.0,Sochi
37.9389,44.7050,71451355,0.2004,synthetic-blacksea-mix,CC0-1.0,Novorossiysk
40.1595,41.2781,56634390,0.0694,synthetic-blacksea-mix,CC0-1.0,offshore
28.0403,42.6848,84847849,0.0566,synthetic-blacksea-mix,CC0-1.0,offshore
37.7031,44.6379,87778812,0.4699,synthetic-blacksea-mix,CC0-1.0,Novorossiysk
37.8054,45.0238,14675688,0.0968,synthetic-blacksea-mix,CC0-1.0,Novorossiysk
37.2753,44.6636,10547833,0.1205,synthetic-blacksea-mix,CC0-1.0,Anapa
28.5953,44.0116,99817501,0.0641,synthetic-blacksea-mix,CC0-1.0,Constanta
37.8148,45.0894,63895127,0.0000,synthetic-blacksea-mix,CC0-1.0,Novorossiysk
37.7223,44.8033,98189926,0.0566,synthetic-blacksea-mix,CC0-1.0,Novorossiysk
27.5993,41.9558,10722958,0.1415,synthetic-blacksea-mix,CC0-1.0,offshore
39.6560,40.8829,56817151,0.5259,synthetic-blacksea-mix,CC0-1.0,Trabzon
39.4458,40.5016,106016711,0.0007,synthetic-blacksea-mix,CC0-1.0,offshore
40.0950,43.5281,21810365,0.2058,synthetic-blacksea-mix,CC0-1.0,Sochi
36.7386,45.0271,104397610,0.0000,synthetic-blacksea-mix,CC0-1.0,offshore
28.5307,44.0666,8292676,0.1380,synthetic-blacksea-mix,CC0-1.0,Constanta
37.2809,44.6258,87523404,0.2191,synthetic-blacksea-mix,CC0-1.0,Anapa
28.5121,43.5959,113516975,0.0636,synthetic-blacksea-mix,CC0-1.0,offshore
39.3685,40.9192,9721623,0.0000,synthetic-blacksea-mix,CC0-1.0,Trabzon
37.2523,44.8089,96896266,0.0981,synthetic-blacksea-mix,CC0-1.0,Anapa
39.2507,43.5691,111104427,0.1721,synthetic-blacksea-mix,CC0-1.0,Sochi
28.6133,44.2156,100585038,0.1215,synthetic-blacksea-mix,CC0-1.0,Constanta
39.5455,40.9486,73484036,0.1146,synthetic-blacksea-mix,CC0-1.0,Trabzon
37.9604,44.7006,25891851,0.3067,synthetic-blacksea-mix,CC0-1.0,Novorossiysk
39.2179,41.2878,57913328,0.1209,synthetic-blacksea-mix,CC0-1.0,offshore
37.8332,44.6859,87960242,0.5707,synthetic-blacksea-mix,CC0-1.0,Novorossiysk
27.7653,42.7289,55864517,0.0563,synthetic-blacksea-mix,CC0-1.0,Burgas
37.3503,44.9335,130084666,0.0000,synthetic-blacksea-mix,CC0-1.0,Anapa
37.6575,44.6182,52835249,0.1112,synthetic-blacksea-mix,CC0-1.0,Novorossiysk
39.4394,43.9326,4596489,0.0000,synthetic-blacksea-mix,CC0-1.0,Sochi
39.8234,43.3244,63094702,0.0223,synthetic-blacksea-mix,CC0-1.0,Sochi
37.2865,44.9556,87906540,0.6236,synthetic-blacksea-mix,CC0-1.0,Anapa
39.5520,41.1046,91271108,0.3066,synthetic-blacksea-mix,CC0-1.0,Trabzon
27.1495,42.4829,109450093,0.2110,synthetic-blacksea-mix,CC0-1.0,Burgas
37.7009,44.7880,122952638,0.1517,synthetic-blacksea-mix,CC0-1.0,Novorossiysk
37.7420,44.7160,124312372,0.0093,synthetic-blacksea-mix,CC0-1.0,Novorossiysk
28.9987,44.2502,61333300,0.0099,synthetic-blacksea-mix,CC0-1.0,Constanta
27.7991,42.7005,69801237,0.0554,synthetic-blacksea-mix,CC0-1.0,Burgas
37.8056,44.8307,133463025,0.0955,synthetic-blacksea-mix,CC0-1.0,Novorossiysk
37.4632,44.6438,121966710,0.1993,synthetic-blacksea-mix,CC0-1.0,Anapa
37.8288,44.8857,138208062,0.1956,synthetic-blacksea-mix,CC0-1.0,Novorossiysk
37.9106,44.5178,69468549,0.0000,synthetic-blacksea-mix,CC0-1.0,Novorossiysk
28.1077,44.3994,29074821,0.1113,synthetic-blacksea-mix,CC0-1.0,offshore
40.0072,43.8667,40440922,0.0000,synthetic-blacksea-mix,CC0-1.0,Sochi
29.3940,44.2677,117090769,0.0171,synthetic-blacksea-mix,CC0-1.0,offshore
28.5838,43.9298,123256849,0.0000,synthetic-blacksea-mix,CC0-1.0,Constanta
37.6619,44.8990,15400378,0.2695,synthetic-blacksea-mix,CC0-1.0,Novorossiysk
28.6730,43.7272,91668568,0.0747,synthetic-blacksea-mix,CC0-1.0,Constanta
37.2855,45.1830,103600622,0.0983,synthetic-blacksea-mix,CC0-1.0,Anapa
37.8476,44.5989,138810978,0.3579,synthetic-blacksea-mix,CC0-1.0,Novorossiysk
39.3731,43.5032,27967364,0.0610,synthetic-blacksea-mix,CC0-1.0,Sochi
37.8827,44.7309,63116299,0.0322,synthetic-blacksea-mix,CC0-1.0,Novorossiysk
39.6999,40.9045,40956052,0.0393,synthetic-blacksea-mix,CC0-1.0,Trabzon
38.3606,44.5352,64197031,0.0000,synthetic-blacksea-mix,CC0-1.0,offshore
27.2507,42.6620,96031865,0.0000,synthetic-blacksea-mix,CC0-1.0,Burgas
28.0801,44.4653,92420714,0.0120,synthetic-blacksea-mix,CC0-1.0,offshore
34.7550,44.5981,135239427,0.0000,synthetic-blacksea-mix,CC0-1.0,offshore
37.7811,44.8827,10526332,0.2768,synthetic-blacksea-mix,CC0-1.0,Novorossiysk
39.3873,40.5418,132518899,0.0000,synthetic-blacksea-mix,CC0-1.0,offshore
37.0720,44.9516,21363957,0.3494,synthetic-blacksea-mix,CC0-1.0,Anapa
37.2743,44.9299,40384725,0.0219,synthetic-blacksea-mix,CC0-1.0,Anapa
37.6363,44.9878,74941421,0.1479,synthetic-blacksea-mix,CC0-1.0,Novorossiysk
39.5306,43.8151,5581482,0.0000,synthetic-blacksea-mix,CC0-1.0,Sochi
37.8045,44.6657,83962819,0.7702,synthetic-blacksea-mix,CC0-1.0,Novorossiysk
37.3043,44.6438,73382709,0.0554,synthetic-blacksea-mix,CC0-1.0,Anapa
39.2638,43.5907,154962865,0.0352,synthetic-blacksea-mix,CC0-1.0,Sochi
37.8856,44.6619,156300682,0.1294,synthetic-blacksea-mix,CC0-1.0,Novorossiysk
39.5588,41.3126,125326707,0.0555,synthetic-blacksea-mix,CC0-1.0,Trabzon
40.0842,43.5034,55392741,0.1032,synthetic-blacksea-mix,CC0-1.0,Sochi
37.5281,44.7288,114079823,0.3610,synthetic-blacksea-mix,CC0-1.0,Novorossiysk
39.4558,40.9876,87234534,0.2051,synthetic-blacksea-mix,CC0-1.0,Trabzon
37.0749,44.6306,30013742,0.0171,synthetic-blacksea-mix,CC0-1.0,Anapa
27.0868,42.4162,40539470,0.0097,synthetic-blacksea-mix,CC0-1.0,Burgas
27.2662,42.4953,95399832,0.0135,synthetic-blacksea-mix,CC0-1.0,Burgas
39.8254,41.5236,55062192,0.1360,synthetic-blacksea-mix,CC0-1.0,offshore
39.5934,43.8061,22435423,0.3110,synthetic-blacksea-mix,CC0-1.0,Sochi
28.7858,44.2047,76546765,0.3956,synthetic-blacksea-mix,CC0-1.0,Constanta
39.8829,43.6546,151244880,0.3297,synthetic-blacksea-mix,CC0-1.0,Sochi
33.7936,44.9754,123444160,0.1233,synthetic-blacksea-mix,CC0-1.0,offshore
36.8744,44.7114,150357908,0.1639,synthetic-blacksea-mix,CC0-1.0,Anapa
39.5283,41.0328,36483808,0.0220,synthetic-blacksea-mix,CC0-1.0,Trabzon
27.5684,42.2915,122610759,0.1075,synthetic-blacksea-mix,CC0-1.0,Burgas
28.4994,44.1904,93206918,0.1062,synthetic-blacksea-mix,CC0-1.0,Constanta
27.4663,41.9834,145796086,0.0000,synthetic-blacksea-mix,CC0-1.0,offshore
39.6778,43.5472,29130444,0.2422,synthetic-blacksea-mix,CC0-1.0,Sochi
37.0258,44.9736,9631646,0.0535,synthetic-blacksea-mix,CC0-1.0,Anapa
37.8540,44.6794,48442781,0.6863,synthetic-blacksea-mix,CC0-1.0,Novorossiysk
39.8055,41.2800,134090659,0.0360,synthetic-blacksea-mix,CC0-1.0,Trabzon
37.3236,44.4467,49444702,0.1398,synthetic-blacksea-mix,CC0-1.0,Anapa
37.8494,44.8133,52851274,0.5992,synthetic-blacksea-mix,CC0-1.0,Novorossiysk
37.4542,44.5859,100923759,0.0932,synthetic-blacksea-mix,CC0-1.0,Anapa
37.2152,45.0236,24678852,0.3490,synthetic-blacksea-mix,CC0-1.0,Anapa
37.9771,44.5498,4035880,0.0257,synthetic-blacksea-mix,CC0-1.0,Novorossiysk
37.3787,44.9256,65735545,0.0000,synthetic-blacksea-mix,CC0-1.0,Anapa
36.9454,45.0889,133541187,0.0000,synthetic-blacksea-mix,CC0-1.0,Anapa
28.5922,43.9102,32693057,0.0468,synthetic-blacksea-mix,CC0-1.0,Constanta
39.2280,43.4496,99086335,0.0000,synthetic-blacksea-mix,CC0-1.0,offshore
37.4390,44.8988,135969908,0.2123,synthetic-blacksea-mix,CC0-1.0,Anapa
39.9142,40.2616,61937468,0.0515,synthetic-blacksea-mix,CC0-1.0,offshore
38.0599,44.9031,146309605,0.1585,synthetic-blacksea-mix,CC0-1.0,Novorossiysk
37.7398,44.7879,8574461,0.1772,synthetic-blacksea-mix,CC0-1.0,Novorossiysk
39.8104,43.6866,8968845,0.1328,synthetic-blacksea-mix,CC0-1.0,Sochi
37.2199,44.7690,143542075,0.5192,synthetic-blacksea-mix,CC0-1.0,Anapa
37.5139,44.7231,36952006,0.0935,synthetic-blacksea-mix,CC0-1.0,Anapa
39.8193,41.3711,115427977,0.1284,synthetic-blacksea-mix,CC0-1.0,Trabzon
39.4140,43.7180,102029544,0.0181,synthetic-blacksea-mix,CC0-1.0,Sochi
28.5751,44.5312,1468114,0.0000,synthetic-blacksea-mix,CC0-1.0,Constanta
37.1138,44.9242,143233624,0.4371,synthetic-blacksea-mix,CC0-1.0,Anapa
39.8460,43.6679,147327058,0.4885,synthetic-blacksea-mix,CC0-1.0,Sochi
39.6221,41.2690,24084521,0.2150,synthetic-blacksea-mix,CC0-1.0,Trabzon
39.9296,41.2504,73295824,0.0000,synthetic-blacksea-mix,CC0-1.0,Trabzon
28.0853,43.9246,54631215,0.0705,synthetic-blacksea-mix,CC0-1.0,offshore
37.6310,45.3615,144875977,0.0523,synthetic-blacksea-mix,CC0-1.0,offshore
39.6148,43.7060,74316685,0.3052,synthetic-blacksea-mix,CC0-1.0,Sochi
37.4051,44.8475,32060825,0.0933,synthetic-blacksea-mix,CC0-1.0,Anapa
27.0426,42.9009,37736655,0.0553,synthetic-blacksea-mix,CC0-1.0,offshore
28.8719,44.0643,98807085,0.0258,synthetic-blacksea-mix,CC0-1.0,Constanta
27.8778,44.5139,148318429,0.1345,synthetic-blacksea-mix,CC0-1.0,offshore
38.2195,44.6866,95278532,0.0311,synthetic-blacksea-mix,CC0-1.0,Novorossiysk
39.8591,43.0829,137043424,0.0000,synthetic-blacksea-mix,CC0-1.0,offshore
37.5476,44.6390,118071852,0.1982,synthetic-blacksea-mix,CC0-1.0,Novorossiysk
38.5848,44.6225,48386196,0.0174,synthetic-blacksea-mix,CC0-1.0,offshore
37.4384,44.8781,29025028,0.0000,synthetic-blacksea-mix,CC0-1.0,Anapa
28.5774,43.9780,48950198,0.3434,synthetic-blacksea-mix,CC0-1.0,Constanta
37.1088,44.9675,124731177,0.1235,synthetic-blacksea-mix,CC0-1.0,Anapa
28.3659,44.6349,147096251,0.0000,synthetic-blacksea-mix,CC0-1.0,offshore
39.6502,43.8413,58405733,0.1331,synthetic-blacksea-mix,CC0-1.0,Sochi
39.4869,43.3311,55063535,0.1500,synthetic-blacksea-mix,CC0-1.0,Sochi
39.9033,40.9864,72915418,0.1305,synthetic-blacksea-mix,CC0-1.0,Trabzon
28.2804,43.9422,72851546,0.1161,synthetic-blacksea-mix,CC0-1.0,Constanta
37.4676,44.8073,137038400,0.2617,synthetic-blacksea-mix,CC0-1.0,Anapa
37.8735,44.6756,10097626,0.2458,synthetic-blacksea-mix,CC0-1.0,Novorossiysk
27.3947,42.8178,95928707,0.0000,synthetic-blacksea-mix,CC0-1.0,Burgas
37.8289,44.7428,55376128,0.6455,synthetic-blacksea-mix,CC0-1.0,Novorossiysk
29.2196,44.2299,21111784,0.1108,synthetic-blacksea-mix,CC0-1.0,offshore
39.6551,43.5663,97578412,0.0000,synthetic-blacksea-mix,CC0-1.0,Sochi
39.4865,41.2744,118000731,0.0871,synthetic-blacksea-mix,CC0-1.0,Trabzon
36.9377,44.6728,109486228,0.1024,synthetic-blacksea-mix,CC0-1.0,Anapa
28.2955,44.0138,46640714,0.1386,synthetic-blacksea-mix,CC0-1.0,Constanta
39.9991,41.0622,84138886,0.2812,synthetic-blacksea-mix,CC0-1.0,Trabzon
39.7911,40.7739,3008501,0.0715,synthetic-blacksea-mix,CC0-1.0,Trabzon
27.8652,42.3741,134797685,0.1358,synthetic-blacksea-mix,CC0-1.0,Burgas
37.2068,44.9846,97400996,0.0288,synthetic-blacksea-mix,CC0-1.0,Anapa
38.0486,44.4313,32248085,0.0000,synthetic-blacksea-mix,CC0-1.0,Novorossiysk
37.1705,45.2632,47242875,0.0628,synthetic-blacksea-mix,CC0-1.0,Anapa
39.7358,40.9711,59164994,0.5319,synthetic-blacksea-mix,CC0-1.0,Trabzon
37.0926,45.3342,70157530,0.0421,synthetic-blacksea-mix,CC0-1.0,Anapa
37.7260,44.8540,46166590,0.3689,synthetic-blacksea-mix,CC0-1.0,Novorossiysk
39.7770,43.7229,72700304,0.1574,synthetic-blacksea-mix,CC0-1.0,Sochi
36.8699,45.0279,146133130,0.1632,synthetic-blacksea-mix,CC0-1.0,Anapa
39.4788,40.6636,42360179,0.0000,synthetic-blacksea-mix,CC0-1.0,Trabzon
37.4386,45.0485,154725557,0.1336,synthetic-blacksea-mix,CC0-1.0,Anapa
40.0028,43.8148,157672612,0.0079,synthetic-blacksea-mix,CC0-1.0,Sochi
37.6650,44.5683,44025874,0.2000,synthetic-blacksea-mix,CC0-1.0,Novorossiysk
38.1195,44.5110,105664573,0.0724,synthetic-blacksea-mix,CC0-1.0,Novorossiysk
37.1561,44.7320,18018771,0.0581,synthetic-blacksea-mix,CC0-1.0,Anapa
27.2693,42.6627,136883932,0.3101,synthetic-blacksea-mix,CC0-1.0,Burgas
37.4303,44.8542,6526008,0.0999,synthetic-blacksea-mix,CC0-1.0,Anapa
39.7733,40.9313,68402974,0.0000,synthetic-blacksea-mix,CC0-1.0,Trabzon
37.2205,45.1515,124183329,0.0944,synthetic-blacksea-mix,CC0-1.0,Anapa
39.5209,43.4925,137258214,0.1917,synthetic-blacksea-mix,CC0-1.0,Sochi
37.8089,44.5889,81993659,0.5852,synthetic-blacksea-mix,CC0-1.0,Novorossiysk
28.5452,44.1834,87983719,0.2042,synthetic-blacksea-mix,CC0-1.0,Constanta
28.6885,44.1746,31561512,0.0733,synthetic-blacksea-mix,CC0-1.0,Constanta
40.2979,40.9484,61531759,0.0525,synthetic-blacksea-mix,CC0-1.0,offshore
40.1576,43.3703,87580085,0.0000,synthetic-blacksea-mix,CC0-1.0,Sochi
37.5781,45.0168,132546002,0.0524,synthetic-blacksea-mix,CC0-1.0,Anapa
27.4675,42.3993,145938407,0.3824,synthetic-blacksea-mix,CC0-1.0,Burgas
37.3858,44.6671,21001083,0.1845,synthetic-blacksea-mix,CC0-1.0,Anapa
37.1545,44.7899,92626229,0.0750,synthetic-blacksea-mix,CC0-1.0,Anapa
37.1898,44.8193,93883168,0.1197,synthetic-blacksea-mix,CC0-1.0,Anapa
37.1433,44.7796,57328911,0.2093,synthetic-blacksea-mix,CC0-1.0,Anapa
39.4146,41.0041,13159507,0.1196,synthetic-blacksea-mix,CC0-1.0,Trabzon
39.8727,43.8453,151756604,0.0946,synthetic-blacksea-mix,CC0-1.0,Sochi
38.2620,44.7121,134229986,0.0000,synthetic-blacksea-mix,CC0-1.0,Novorossiysk
27.9788,42.4526,114433329,0.1216,synthetic-blacksea-mix,CC0-1.0,offshore
27.2328,42.3239,8236758,0.1143,synthetic-blacksea-mix,CC0-1.0,Burgas
39.7473,43.7898,114475998,0.4431,synthetic-blacksea-mix,CC0-1.0,Sochi
28.0195,44.1934,21457108,0.0562,synthetic-blacksea-mix,CC0-1.0,offshore
39.8625,40.7240,53288091,0.3073,synthetic-blacksea-mix,CC0-1.0,Trabzon
28.5340,44.5492,109930526,0.1733,synthetic-blacksea-mix,CC0-1.0,Constanta
39.8518,43.3768,31277976,0.0000,synthetic-blacksea-mix,CC0-1.0,Sochi
37.7120,44.7568,86522546,0.0823,synthetic-blacksea-mix,CC0-1.0,Novorossiysk
37.7595,44.7966,11372157,0.3030,synthetic-blacksea-mix,CC0-1.0,Novorossiysk
39.9665,43.7191,56879890,0.1714,synthetic-blacksea-mix,CC0-1.0,Sochi
37.9794,44.6359,95679732,0.0000,synthetic-blacksea-mix,CC0-1.0,Novorossiysk
27.4717,42.6818,57933936,0.0693,synthetic-blacksea-mix,CC0-1.0,Burgas
37.1561,44.7489,60114887,0.1004,synthetic-blacksea-mix,CC0-1.0,Anapa
37.7791,44.8568,117080836,0.4489,synthetic-blacksea-mix,CC0-1.0,Novorossiysk
40.3686,41.2529,34754263,0.0241,synthetic-blacksea-mix,CC0-1.0,offshore
40.0198,41.4486,70415475,0.0000,synthetic-blacksea-mix,CC0-1.0,offshore
37.6373,45.1112,66087261,0.0602,synthetic-blacksea-mix,CC0-1.0,Anapa
37.5543,45.0029,141898611,0.1652,synthetic-blacksea-mix,CC0-1.0,Anapa
39.6456,43.3162,34379638,0.0293,synthetic-blacksea-mix,CC0-1.0,Sochi
37.4831,44.7873,66832114,0.0000,synthetic-blacksea-mix,CC0-1.0,Anapa
37.2538,44.8421,3816925,0.0325,synthetic-blacksea-mix,CC0-1.0,Anapa
27.0442,42.0869,4974023,0.0689,synthetic-blacksea-mix,CC0-1.0,offshore
37.2306,44.8646,117512232,0.7603,synthetic-blacksea-mix,CC0-1.0,Anapa
28.7366,43.7961,123863516,0.0000,synthetic-blacksea-mix,CC0-1.0,Constanta
39.6475,43.5927,129283592,0.0000,synthetic-blacksea-mix,CC0-1.0,Sochi
39.9306,41.1873,144964445,0.1729,synthetic-blacksea-mix,CC0-1.0,Trabzon
29.1110,44.0423,135457376,0.0277,synthetic-blacksea-mix,CC0-1.0,Constanta
40.0663,40.7710,12234054,0.1089,synthetic-blacksea-mix,CC0-1.0,Trabzon
39.4978,43.2949,1641229,0.0823,synthetic-blacksea-mix,CC0-1.0,Sochi
37.7428,44.6087,88918185,0.5052,synthetic-blacksea-mix,CC0-1.0,Novorossiysk
27.7121,43.0981,90493334,0.0000,synthetic-blacksea-mix,CC0-1.0,offshore
37.5835,44.5652,15059168,0.2228,synthetic-blacksea-mix,CC0-1.0,Novorossiysk
37.6720,44.7029,75260367,0.3760,synthetic-blacksea-mix,CC0-1.0,Novorossiysk
37.2718,45.1560,144918883,0.4003,synthetic-blacksea-mix,CC0-1.0,Anapa
37.9679,45.2416,21618977,0.0880,synthetic-blacksea-mix,CC0-1.0,offshore
28.8074,44.0730,68890983,0.0210,synthetic-blacksea-mix,CC0-1.0,Constanta
36.8327,44.9381,28928160,0.0051,synthetic-blacksea-mix,CC0-1.0,Anapa
27.9877,44.1776,10530340,0.0000,synthetic-blacksea-mix,CC0-1.0,offshore
39.6496,41.0392,134568620,0.0913,synthetic-blacksea-mix,CC0-1.0,Trabzon
28.9236,44.0630,98509816,0.0905,synthetic-blacksea-mix,CC0-1.0,Constanta
28.0803,42.5153,143382055,0.1203,synthetic-blacksea-mix,CC0-1.0,offshore
39.5563,43.6260,103823863,0.1069,synthetic-blacksea-mix,CC0-1.0,Sochi
39.7697,43.3936,108711887,0.3137,synthetic-blacksea-mix,CC0-1.0,Sochi
39.3024,41.0800,38796235,0.0000,synthetic-blacksea-mix,CC0-1.0,Trabzon
40.0462,41.0723,102377182,0.0618,synthetic-blacksea-mix,CC0-1.0,Trabzon
28.4458,43.9217,2888875,0.0305,synthetic-blacksea-mix,CC0-1.0,Constanta
37.8586,45.1076,95715004,0.0129,synthetic-blacksea-mix,CC0-1.0,Novorossiysk
28.9386,44.0669,131353682,0.0563,synthetic-blacksea-mix,CC0-1.0,Constanta
39.4881,43.9475,42717057,0.1039,synthetic-blacksea-mix,CC0-1.0,Sochi
37.6090,44.8271,155351441,0.1683,synthetic-blacksea-mix,CC0-1.0,Novorossiysk
40.0139,43.4501,20025510,0.2281,synthetic-blacksea-mix,CC0-1.0,Sochi
37.0648,45.0029,47335448,0.3402,synthetic-blacksea-mix,CC0-1.0,Anapa
28.6546,43.9774,125428748,0.0781,synthetic-blacksea-mix,CC0-1.0,Constanta
39.3958,40.9615,140736796,0.0551,synthetic-blacksea-mix,CC0-1.0,Trabzon
39.3992,43.6933,148200204,0.2630,synthetic-blacksea-mix,CC0-1.0,Sochi
28.8523,44.3132,127655763,0.0000,synthetic-blacksea-mix,CC0-1.0,Constanta
36.9508,45.1082,120085777,0.1263,synthetic-blacksea-mix,CC0-1.0,Anapa
38.0543,44.9589,116574563,0.1896,synthetic-blacksea-mix,CC0-1.0,Novorossiysk
37.5107,44.5947,125656798,0.0365,synthetic-blacksea-mix,CC0-1.0,Novorossiysk
37.9973,44.6932,28664868,0.1636,synthetic-blacksea-mix,CC0-1.0,Novorossiysk
28.7589,44.1875,51065386,0.3516,synthetic-blacksea-mix,CC0-1.0,Constanta
39.4688,40.7470,116077561,0.1771,synthetic-blacksea-mix,CC0-1.0,Trabzon
39.3664,40.6809,94264296,0.0545,synthetic-blacksea-mix,CC0-1.0,Trabzon
28.5471,43.8086,95905614,0.0607,synthetic-blacksea-mix,CC0-1.0,Constanta
39.8565,41.2664,117518378,0.2906,synthetic-blacksea-mix,CC0-1.0,Trabzon
27.3923,42.3845,21138667,0.2516,synthetic-blacksea-mix,CC0-1.0,Burgas
37.3619,44.8436,35383073,0.0058,synthetic-blacksea-mix,CC0-1.0,Anapa
40.1309,40.7101,69537219,0.0534,synthetic-blacksea-mix,CC0-1.0,offshore
39.5152,41.0126,32042821,0.0937,synthetic-blacksea-mix,CC0-1.0,Trabzon
40.0129,40.6605,22499797,0.1043,synthetic-blacksea-mix,CC0-1.0,Trabzon
40.4546,40.6900,95856159,0.0520,synthetic-blacksea-mix,CC0-1.0,offshore
37.6882,44.3492,13309035,0.1357,synthetic-blacksea-mix,CC0-1.0,Novorossiysk
39.6919,41.3403,28399880,0.1302,synthetic-blacksea-mix,CC0-1.0,Trabzon
27.3072,41.9767,89497344,0.0445,synthetic-blacksea-mix,CC0-1.0,offshore
27.3257,42.5183,86590118,0.1722,synthetic-blacksea-mix,CC0-1.0,Burgas
37.6727,44.8406,103430127,0.1375,synthetic-blacksea-mix,CC0-1.0,Novorossiysk
40.3638,43.4411,142795722,0.1261,synthetic-blacksea-mix,CC0-1.0,offshore
37.0295,44.7557,152427122,0.2048,synthetic-blacksea-mix,CC0-1.0,Anapa
40.0023,43.7579,65122822,0.0722,synthetic-blacksea-mix,CC0-1.0,Sochi
39.8540,40.5123,99182983,0.0000,synthetic-blacksea-mix,CC0-1.0,offshore
39.5162,43.9268,120809093,0.1093,synthetic-blacksea-mix,CC0-1.0,Sochi
28.4987,43.8693,16186126,0.2243,synthetic-blacksea-mix,CC0-1.0,Constanta
39.6714,43.4329,134099182,0.1032,synthetic-blacksea-mix,CC0-1.0,Sochi
38.0119,44.9107,1360761,0.0000,synthetic-blacksea-mix,CC0-1.0,Novorossiysk
29.1323,44.0832,113017179,0.0346,synthetic-blacksea-mix,CC0-1.0,Constanta
39.7762,43.5072,114217860,0.7301,synthetic-blacksea-mix,CC0-1.0,Sochi
37.5158,45.0299,109303726,0.2879,synthetic-blacksea-mix,CC0-1.0,Anapa
27.6308,42.6280,30947442,0.0767,synthetic-blacksea-mix,CC0-1.0,Burgas
27.7753,42.6045,131448900,0.0000,synthetic-blacksea-mix,CC0-1.0,Burgas
36.6942,44.8919,21598623,0.0494,synthetic-blacksea-mix,CC0-1.0,offshore
40.0707,41.1330,144726782,0.2153,synthetic-blacksea-mix,CC0-1.0,Trabzon
36.5580,44.8547,38160105,0.0000,synthetic-blacksea-mix,CC0-1.0,offshore
39.6053,40.6334,121758249,0.0078,synthetic-blacksea-mix,CC0-1.0,Trabzon
37.6884,44.7785,138029919,0.2550,synthetic-blacksea-mix,CC0-1.0,Novorossiysk
37.6721,45.0508,145139621,0.1642,synthetic-blacksea-mix,CC0-1.0,Novorossiysk
36.9327,44.9387,36128073,0.0000,synthetic-blacksea-mix,CC0-1.0,Anapa
38.0446,44.7033,30521231,0.0974,synthetic-blacksea-mix,CC0-1.0,Novorossiysk
37.6568,45.0815,99212291,0.0222,synthetic-blacksea-mix,CC0-1.0,Novorossiysk
28.0457,44.0728,130101892,0.0708,synthetic-blacksea-mix,CC0-1.0,offshore
39.4441,43.4104,148558743,0.2144,synthetic-blacksea-mix,CC0-1.0,Sochi
39.9430,43.3195,36909521,0.0069,synthetic-blacksea-mix,CC0-1.0,Sochi
37.3922,44.9893,131911127,0.1124,synthetic-blacksea-mix,CC0-1.0,Anapa
27.3051,42.4856,129072796,0.0674,synthetic-blacksea-mix,CC0-1.0,Burgas
36.9306,44.5115,98480385,0.0000,synthetic-blacksea-mix,CC0-1.0,offshore
37.2261,44.6282,127467541,0.1149,synthetic-blacksea-mix,CC0-1.0,Anapa
37.5380,44.8671,105186007,0.2244,synthetic-blacksea-mix,CC0-1.0,Anapa
28.9765,44.3335,141544855,0.1614,synthetic-blacksea-mix,CC0-1.0,Constanta
37.3099,45.0105,132771198,0.0000,synthetic-blacksea-mix,CC0-1.0,Anapa
28.2401,44.2161,86515119,0.0000,synthetic-blacksea-mix,CC0-1.0,Constanta
37.5631,44.9537,97558114,0.0475,synthetic-blacksea-mix,CC0-1.0,Anapa
38.3792,44.8580,101367034,0.0107,synthetic-blacksea-mix,CC0-1.0,offshore
27.6064,42.3481,8601276,0.0966,synthetic-blacksea-mix,CC0-1.0,Burgas
27.4793,42.5208,154928926,0.0009,synthetic-blacksea-mix,CC0-1.0,Burgas
37.2927,44.5460,49845868,0.0705,synthetic-blacksea-mix,CC0-1.0,Anapa
28.7834,43.9091,105818483,0.1213,synthetic-blacksea-mix,CC0-1.0,Constanta
37.6063,44.6434,119818418,0.2439,synthetic-blacksea-mix,CC0-1.0,Novorossiysk
32.9792,44.3088,122663798,0.0579,synthetic-blacksea-mix,CC0-1.0,offshore
39.2611,41.1111,42401029,0.0000,synthetic-blacksea-mix,CC0-1.0,Trabzon
36.9245,44.6862,61453965,0.0377,synthetic-blacksea-mix,CC0-1.0,Anapa
27.1598,42.5257,130187041,0.0343,synthetic-blacksea-mix,CC0-1.0,Burgas
28.3633,44.1929,56556306,0.0734,synthetic-blacksea-mix,CC0-1.0,Constanta
37.4083,45.1599,26466354,0.1444,synthetic-blacksea-mix,CC0-1.0,Anapa
37.9080,44.7680,154918553,0.0000,synthetic-blacksea-mix,CC0-1.0,Novorossiysk
39.5164,43.6466,141838296,0.3131,synthetic-blacksea-mix,CC0-1.0,Sochi
39.4357,43.3704,154031896,0.0000,synthetic-blacksea-mix,CC0-1.0,Sochi
39.8167,41.0225,56684187,0.5318,synthetic-blacksea-mix,CC0-1.0,Trabzon
28.4027,43.5183,103251598,0.0051,synthetic-blacksea-mix,CC0-1.0,offshore
38.9715,41.0831,107384643,0.0432,synthetic-blacksea-mix,CC0-1.0,offshore
27.4395,42.1943,58078901,0.0625,synthetic-blacksea-mix,CC0-1.0,Burgas
28.5196,44.7291,91213377,0.0484,synthetic-blacksea-mix,CC0-1.0,offshore
39.6509,43.4572,16821163,0.4878,synthetic-blacksea-mix,CC0-1.0,Sochi
39.5950,43.8908,54760471,0.2083,synthetic-blacksea-mix,CC0-1.0,Sochi
28.7647,43.9190,142150397,0.2092,synthetic-blacksea-mix,CC0-1.0,Constanta
39.7263,41.0742,103873054,0.0909,synthetic-blacksea-mix,CC0-1.0,Trabzon
37.6615,44.7160,59911186,0.3167,synthetic-blacksea-mix,CC0-1.0,Novorossiysk
27.5653,42.2219,43070024,0.1021,synthetic-blacksea-mix,CC0-1.0,Burgas
37.1369,44.6749,93948887,0.0543,synthetic-blacksea-mix,CC0-1.0,Anapa
28.8774,44.6228,80012402,0.1267,synthetic-blacksea-mix,CC0-1.0,offshore
40.1572,44.0253,64343005,0.0000,synthetic-blacksea-mix,CC0-1.0,offshore
37.7861,44.6527,153621455,0.0136,synthetic-blacksea-mix,CC0-1.0,Novorossiysk
39.8103,43.7141,31185191,0.1044,synthetic-blacksea-mix,CC0-1.0,Sochi
27.4938,42.6996,69878054,0.1254,synthetic-blacksea-mix,CC0-1.0,Burgas
37.7180,44.3965,98490013,0.0000,synthetic-blacksea-mix,CC0-1.0,Novorossiysk
39.3943,43.6485,26682359,0.1023,synthetic-blacksea-mix,CC0-1.0,Sochi
39.5119,41.1547,60829605,0.0688,synthetic-blacksea-mix,CC0-1.0,Trabzon
28.5966,44.5687,128017302,0.0251,synthetic-blacksea-mix,CC0-1.0,Constanta
40.0426,40.9487,59081608,0.1463,synthetic-blacksea-mix,CC0-1.0,Trabzon
37.6637,45.2950,49496011,0.0785,synthetic-blacksea-mix,CC0-1.0,offshore
36.9724,44.6563,137437433,0.1207,synthetic-blacksea-mix,CC0-1.0,Anapa
38.0869,44.5711,68213713,0.0026,synthetic-blacksea-mix,CC0-1.0,Novorossiysk
39.5192,40.8628,155944895,0.0924,synthetic-blacksea-mix,CC0-1.0,Trabzon
38.9985,40.6602,9354566,0.0481,synthetic-blacksea-mix,CC0-1.0,offshore
29.1646,43.9182,109433258,0.0780,synthetic-blacksea-mix,CC0-1.0,offshore
37.4717,44.8857,16750652,0.5080,synthetic-blacksea-mix,CC0-1.0,Anapa
28.8189,44.2665,4361939,0.0019,synthetic-blacksea-mix,CC0-1.0,Constanta
37.9655,44.7467,51459473,0.4560,synthetic-blacksea-mix,CC0-1.0,Novorossiysk
39.5353,43.4820,53709078,0.3873,synthetic-blacksea-mix,CC0-1.0,Sochi
28.6341,44.1774,51812782,0.5223,synthetic-blacksea-mix,CC0-1.0,Constanta
39.2934,40.9416,108748189,0.0724,synthetic-blacksea-mix,CC0-1.0,Trabzon
29.4606,44.4550,108624420,0.0414,synthetic-blacksea-mix,CC0-1.0,offshore
37.1178,45.0066,82270531,0.3795,synthetic-blacksea-mix,CC0-1.0,Anapa
28.8955,44.1292,109927019,0.2825,synthetic-blacksea-mix,CC0-1.0,Constanta
36.6877,44.8973,45409729,0.0126,synthetic-blacksea-mix,CC0-1.0,offshore
27.8919,42.4431,38641299,0.0627,synthetic-blacksea-mix,CC0-1.0,Burgas
37.8902,44.9430,17854514,0.2477,synthetic-blacksea-mix,CC0-1.0,Novorossiysk
39.5541,43.9187,56279218,0.2169,synthetic-blacksea-mix,CC0-1.0,Sochi
39.4622,43.6462,86933382,0.2242,synthetic-blacksea-mix,CC0-1.0,Sochi
40.2675,43.9763,79725151,0.1044,synthetic-blacksea-mix,CC0-1.0,offshore
40.2262,40.4218,93803734,0.0136,synthetic-blacksea-mix,CC0-1.0,offshore
40.2031,43.3036,112685156,0.0257,synthetic-blacksea-mix,CC0-1.0,offshore
40.0122,41.1015,72101387,0.0137,synthetic-blacksea-mix,CC0-1.0,Trabzon
37.5655,44.6273,13771439,0.1927,synthetic-blacksea-mix,CC0-1.0,Novorossiysk
38.0468,44.7846,109315022,0.2335,synthetic-blacksea-mix,CC0-1.0,Novorossiysk
40.2322,41.3990,11358737,0.1271,synthetic-blacksea-mix,CC0-1.0,offshore
27.9079,42.7400,152230507,0.0626,synthetic-blacksea-mix,CC0-1.0,offshore
40.2670,43.3635,35488670,0.0000,synthetic-blacksea-mix,CC0-1.0,offshore
39.6423,43.4183,94389125,0.0534,synthetic-blacksea-mix,CC0-1.0,Sochi
38.0831,44.6724,70423908,0.0000,synthetic-blacksea-mix,CC0-1.0,Novorossiysk
40.6384,43.5422,26518207,0.0675,synthetic-blacksea-mix,CC0-1.0,offshore
39.5854,43.4731,64231382,0.0000,synthetic-blacksea-mix,CC0-1.0,Sochi
37.8175,44.7498,79797951,0.7490,synthetic-blacksea-mix,CC0-1.0,Novorossiysk
37.4750,45.2309,119163791,0.1299,synthetic-blacksea-mix,CC0-1.0,Anapa
32.7810,44.3806,156471584,0.0053,synthetic-blacksea-mix,CC0-1.0,offshore
28.9514,44.0858,62965015,0.0014,synthetic-blacksea-mix,CC0-1.0,Constanta
37.1268,45.1516,110487982,0.3189,synthetic-blacksea-mix,CC0-1.0,Anapa
37.4076,44.9646,61476702,0.1773,synthetic-blacksea-mix,CC0-1.0,Anapa
39.3070,40.7723,16741337,0.1081,synthetic-blacksea-mix,CC0-1.0,Trabzon
37.8853,44.6827,34717919,0.0466,synthetic-blacksea-mix,CC0-1.0,Novorossiysk
39.6070,41.3902,70344903,0.0000,synthetic-blacksea-mix,CC0-1.0,Trabzon
40.1472,41.0268,6873715,0.0000,synthetic-blacksea-mix,CC0-1.0,Trabzon
37.0248,44.4731,56504673,0.0969,synthetic-blacksea-mix,CC0-1.0,offshore
37.7786,44.8062,145946668,0.7486,synthetic-blacksea-mix,CC0-1.0,Novorossiysk
37.5071,44.9354,106995348,0.2484,synthetic-blacksea-mix,CC0-1.0,Anapa
37.1142,44.8704,15791883,0.4911,synthetic-blacksea-mix,CC0-1.0,Anapa
36.6419,45.0441,115480072,0.0570,synthetic-blacksea-mix,CC0-1.0,offshore
37.4169,44.9363,134981221,0.1539,synthetic-blacksea-mix,CC0-1.0,Anapa
40.0014,43.3812,13324893,0.1459,synthetic-blacksea-mix,CC0-1.0,Sochi
39.8560,41.0193,127834120,0.1074,synthetic-blacksea-mix,CC0-1.0,Trabzon
39.6458,40.9347,67964900,0.0510,synthetic-blacksea-mix,CC0-1.0,Trabzon
37.9951,44.7169,71295212,0.1338,synthetic-blacksea-mix,CC0-1.0,Novorossiysk
27.6373,42.1474,47367670,0.2105,synthetic-blacksea-mix,CC0-1.0,Burgas
37.6580,44.8285,140769347,0.4654,synthetic-blacksea-mix,CC0-1.0,Novorossiysk
39.3243,40.8013,52373147,0.1647,synthetic-blacksea-mix,CC0-1.0,Trabzon
39.8130,43.5187,91435242,0.3078,synthetic-blacksea-mix,CC0-1.0,Sochi
40.2832,41.0839,24660941,0.0665,synthetic-blacksea-mix,CC0-1.0,offshore
39.8458,43.4332,16707504,0.3150,synthetic-blacksea-mix,CC0-1.0,Sochi
39.4375,43.2095,63531442,0.0119,synthetic-blacksea-mix,CC0-1.0,Sochi
37.1589,44.6865,108778637,0.1691,synthetic-blacksea-mix,CC0-1.0,Anapa
37.8529,44.7146,52462730,0.6236,synthetic-blacksea-mix,CC0-1.0,Novorossiysk
37.9153,44.8917,74048237,0.2077,synthetic-blacksea-mix,CC0-1.0,Novorossiysk
36.6387,44.8287,138885511,0.0000,synthetic-blacksea-mix,CC0-1.0,offshore
39.8973,43.4956,81582207,0.4471,synthetic-blacksea-mix,CC0-1.0,Sochi
28.8339,44.4983,138029097,0.1235,synthetic-blacksea-mix,CC0-1.0,Constanta
37.5739,44.5943,11876013,0.0574,synthetic-blacksea-mix,CC0-1.0,Novorossiysk
40.0183,43.8586,142745171,0.2081,synthetic-blacksea-mix,CC0-1.0,Sochi
37.3704,44.6428,134950962,0.0988,synthetic-blacksea-mix,CC0-1.0,Anapa
37.7748,44.5206,53858497,0.4228,synthetic-blacksea-mix,CC0-1.0,Novorossiysk
34.5716,44.8990,111066171,0.0870,synthetic-blacksea-mix,CC0-1.0,offshore
39.8157,40.2956,147552421,0.0000,synthetic-blacksea-mix,CC0-1.0,offshore
28.5162,44.2775,931985,0.0000,synthetic-blacksea-mix,CC0-1.0,Constanta
40.1013,41.0581,69205820,0.0560,synthetic-blacksea-mix,CC0-1.0,Trabzon
37.7527,44.4771,90031149,0.1329,synthetic-blacksea-mix,CC0-1.0,Novorossiysk
40.1261,43.5878,11496483,0.0000,synthetic-blacksea-mix,CC0-1.0,Sochi
37.6728,45.2569,103346545,0.1127,synthetic-blacksea-mix,CC0-1.0,offshore
39.9247,43.5494,115281382,0.4079,synthetic-blacksea-mix,CC0-1.0,Sochi
39.5902,43.7167,116204556,0.3638,synthetic-blacksea-mix,CC0-1.0,Sochi
32.9729,44.5506,53179060,0.0265,synthetic-blacksea-mix,CC0-1.0,offshore
39.4797,40.9451,67721595,0.0046,synthetic-blacksea-mix,CC0-1.0,Trabzon
37.8439,44.8718,95386349,0.0000,synthetic-blacksea-mix,CC0-1.0,Novorossiysk
29.2759,43.9344,26429531,0.0376,synthetic-blacksea-mix,CC0-1.0,offshore
28.7873,44.0445,134242025,0.1017,synthetic-blacksea-mix,CC0-1.0,Constanta
27.3199,42.4947,6219818,0.0000,synthetic-blacksea-mix,CC0-1.0,Burgas
28.9185,44.2760,98936661,0.0319,synthetic-blacksea-mix,CC0-1.0,Constanta
39.7715,43.8690,64740364,0.0000,synthetic-blacksea-mix,CC0-1.0,Sochi
39.5930,43.6369,40617575,0.1675,synthetic-blacksea-mix,CC0-1.0,Sochi
39.7848,40.7749,30896475,0.1650,synthetic-blacksea-mix,CC0-1.0,Trabzon
39.2070,43.5716,65680653,0.0000,synthetic-blacksea-mix,CC0-1.0,offshore
28.8246,44.2131,40187537,0.0736,synthetic-blacksea-mix,CC0-1.0,Constanta
37.0165,44.8126,29933315,0.0990,synthetic-blacksea-mix,CC0-1.0,Anapa
39.5711,40.9384,31314667,0.1922,synthetic-blacksea-mix,CC0-1.0,Trabzon
37.2728,45.2153,152517714,0.0764,synthetic-blacksea-mix,CC0-1.0,Anapa
27.6671,42.5451,131124441,0.0000,synthetic-blacksea-mix,CC0-1.0,Burgas
37.3175,44.8367,113988424,0.8258,synthetic-blacksea-mix,CC0-1.0,Anapa
27.0139,42.6861,100026816,0.0824,synthetic-blacksea-mix,CC0-1.0,Burgas
39.7569,43.8306,104788752,0.0075,synthetic-blacksea-mix,CC0-1.0,Sochi
27.2560,42.7558,15209605,0.1434,synthetic-blacksea-mix,CC0-1.0,Burgas
40.0242,43.7041,109721481,0.1993,synthetic-blacksea-mix,CC0-1.0,Sochi
37.7831,45.0889,119026026,0.1143,synthetic-blacksea-mix,CC0-1.0,Novorossiysk
37.3481,45.0428,75487430,0.2991,synthetic-blacksea-mix,CC0-1.0,Anapa
37.4094,44.9307,70111572,0.0726,synthetic-blacksea-mix,CC0-1.0,Anapa
36.8566,44.8215,40179755,0.0483,synthetic-blacksea-mix,CC0-1.0,Anapa
39.8384,41.3641,30405136,0.0288,synthetic-blacksea-mix,CC0-1.0,Trabzon
37.5119,44.4932,71860251,0.0706,synthetic-blacksea-mix,CC0-1.0,Novorossiysk
37.7920,44.8600,118501039,0.3482,synthetic-blacksea-mix,CC0-1.0,Novorossiysk
28.9692,44.2982,132507067,0.0513,synthetic-blacksea-mix,CC0-1.0,Constanta
40.6706,40.5942,76765834,0.0000,synthetic-blacksea-mix,CC0-1.0,offshore
37.2174,45.0743,125106175,0.0989,synthetic-blacksea-mix,CC0-1.0,Anapa
33.7700,44.0806,123702293,0.0343,synthetic-blacksea-mix,CC0-1.0,offshore
37.0665,44.9438,44949705,0.2786,synthetic-blacksea-mix,CC0-1.0,Anapa
34.7141,44.5050,40429282,0.0746,synthetic-blacksea-mix,CC0-1.0,offshore
37.7088,44.8116,151879587,0.4192,synthetic-blacksea-mix,CC0-1.0,Novorossiysk
27.2768,42.6334,29429517,0.0948,synthetic-blacksea-mix,CC0-1.0,Burgas
37.8409,44.8788,28615184,0.0498,synthetic-blacksea-mix,CC0-1.0,Novorossiysk
36.9110,44.9941,79248018,0.1776,synthetic-blacksea-mix,CC0-1.0,Anapa
37.5377,44.5707,120580478,0.1820,synthetic-blacksea-mix,CC0-1.0,Novorossiysk
39.3757,43.4034,19049574,0.0853,synthetic-blacksea-mix,CC0-1.0,Sochi
37.5995,44.6547,116953913,0.4550,synthetic-blacksea-mix,CC0-1.0,Novorossiysk
37.3064,44.9284,111831445,0.7618,synthetic-blacksea-mix,CC0-1.0,Anapa
28.5015,44.2593,111131942,0.3546,synthetic-blacksea-mix,CC0-1.0,Constanta
37.1896,44.9758,39207580,0.0127,synthetic-blacksea-mix,CC0-1.0,Anapa
39.7386,41.0917,118585042,0.5705,synthetic-blacksea-mix,CC0-1.0,Trabzon
28.0819,42.2735,40293689,0.0847,synthetic-blacksea-mix,CC0-1.0,offshore
39.7082,40.7988,99350872,0.0000,synthetic-blacksea-mix,CC0-1.0,Trabzon
28.9083,44.2311,58693746,0.0223,synthetic-blacksea-mix,CC0-1.0,Constanta
39.5045,41.0529,80707670,0.2763,synthetic-blacksea-mix,CC0-1.0,Trabzon
39.8229,43.5051,138673802,0.3480,synthetic-blacksea-mix,CC0-1.0,Sochi
39.7408,43.8884,31551004,0.0494,synthetic-blacksea-mix,CC0-1.0,Sochi
39.2278,40.7877,151957637,0.0995,synthetic-blacksea-mix,CC0-1.0,offshore
39.1113,40.5927,51477153,0.0610,synthetic-blacksea-mix,CC0-1.0,offshore
27.7215,42.5452,125394338,0.0090,synthetic-blacksea-mix,CC0-1.0,Burgas
39.8199,40.8277,74310291,0.0588,synthetic-blacksea-mix,CC0-1.0,Trabzon
37.6420,44.7646,16434563,0.2359,synthetic-blacksea-mix,CC0-1.0,Novorossiysk
27.3458,42.8615,48878886,0.1882,synthetic-blacksea-mix,CC0-1.0,Burgas
28.0743,44.2855,29233105,0.0000,synthetic-blacksea-mix,CC0-1.0,offshore
27.4625,42.3398,22953653,0.3021,synthetic-blacksea-mix,CC0-1.0,Burgas
37.6377,45.0573,103850073,0.0461,synthetic-blacksea-mix,CC0-1.0,Anapa
38.1108,44.7054,116058233,0.2044,synthetic-blacksea-mix,CC0-1.0,Novorossiysk
37.6632,44.3330,23074817,0.1789,synthetic-blacksea-mix,CC0-1.0,Novorossiysk
27.0995,42.5500,88555366,0.0639,synthetic-blacksea-mix,CC0-1.0,Burgas
37.1591,44.9573,105914780,0.2281,synthetic-blacksea-mix,CC0-1.0,Anapa
40.2099,43.2650,134571139,0.0654,synthetic-blacksea-mix,CC0-1.0,offshore
37.3563,44.8750,18498728,0.9286,synthetic-blacksea-mix,CC0-1.0,Anapa
39.3392,43.4037,56630407,0.1030,synthetic-blacksea-mix,CC0-1.0,Sochi
33.3355,45.0858,74463226,0.0324,synthetic-blacksea-mix,CC0-1.0,offshore
37.4919,44.6101,70420772,0.0783,synthetic-blacksea-mix,CC0-1.0,Novorossiysk
40.1482,40.9689,56145763,0.1406,synthetic-blacksea-mix,CC0-1.0,Trabzon
37.4937,45.1070,70146489,0.0091,synthetic-blacksea-mix,CC0-1.0,Anapa
37.4270,45.0049,86715134,0.4217,synthetic-blacksea-mix,CC0-1.0,Anapa
27.3330,42.4543,63675425,0.0000,synthetic-blacksea-mix,CC0-1.0,Burgas
37.6094,45.0865,33747649,0.0428,synthetic-blacksea-mix,CC0-1.0,Anapa
37.6848,44.7644,157227347,0.1793,synthetic-blacksea-mix,CC0-1.0,Novorossiysk
37.8629,45.0162,47098231,0.1005,synthetic-blacksea-mix,CC0-1.0,Novorossiysk
38.1618,44.8859,80791897,0.1251,synthetic-blacksea-mix,CC0-1.0,Novorossiysk
39.4794,40.6065,149777551,0.1992,synthetic-blacksea-mix,CC0-1.0,Trabzon
37.5321,44.7792,15801288,0.3720,synthetic-blacksea-mix,CC0-1.0,Anapa
40.1074,41.1147,153980166,0.0667,synthetic-blacksea-mix,CC0-1.0,Trabzon
37.4746,44.8775,46047900,0.5529,synthetic-blacksea-mix,CC0-1.0,Anapa
37.4090,44.7938,30449231,0.0737,synthetic-blacksea-mix,CC0-1.0,Anapa
37.7399,44.9027,95295471,0.0000,synthetic-blacksea-mix,CC0-1.0,Novorossiysk
37.2836,45.0394,140874671,0.4755,synthetic-blacksea-mix,CC0-1.0,Anapa
27.1409,42.4772,101195578,0.0070,synthetic-blacksea-mix,CC0-1.0,Burgas
36.8087,44.6946,141653565,0.0000,synthetic-blacksea-mix,CC0-1.0,offshore
40.2729,43.8281,72298945,0.0648,synthetic-blacksea-mix,CC0-1.0,offshore
39.4352,41.1245,128924609,0.0000,synthetic-blacksea-mix,CC0-1.0,Trabzon
39.5519,40.9797,117820926,0.3983,synthetic-blacksea-mix,CC0-1.0,Trabzon
28.5173,44.5177,49277149,0.1959,synthetic-blacksea-mix,CC0-1.0,Constanta
39.4383,43.6419,54044847,0.2154,synthetic-blacksea-mix,CC0-1.0,Sochi
28.9505,44.1750,28145074,0.0973,synthetic-blacksea-mix,CC0-1.0,Constanta
38.0177,44.8075,73105921,0.1032,synthetic-blacksea-mix,CC0-1.0,Novorossiysk
28.4983,44.1669,77063831,0.3435,synthetic-blacksea-mix,CC0-1.0,Constanta
39.5271,40.7516,155551850,0.0931,synthetic-blacksea-mix,CC0-1.0,Trabzon
27.8376,42.4898,99993423,0.0693,synthetic-blacksea-mix,CC0-1.0,Burgas
37.7665,44.8872,146346993,0.4876,synthetic-blacksea-mix,CC0-1.0,Novorossiysk
37.6251,44.7973,110140378,0.3480,synthetic-blacksea-mix,CC0-1.0,Novorossiysk
33.0735,44.7798,27774394,0.0000,synthetic-blacksea-mix,CC0-1.0,offshore
28.7873,44.4888,61781981,0.0188,synthetic-blacksea-mix,CC0-1.0,Constanta
39.6516,41.1066,112633705,0.3987,synthetic-blacksea-mix,CC0-1.0,Trabzon
37.5586,44.9066,25798260,0.2577,synthetic-blacksea-mix,CC0-1.0,Anapa
39.6889,41.3259,92405701,0.1785,synthetic-blacksea-mix,CC0-1.0,Trabzon
38.3089,44.6057,859981,0.0000,synthetic-blacksea-mix,CC0-1.0,offshore
37.6493,44.6825,53079136,0.6181,synthetic-blacksea-mix,CC0-1.0,Novorossiysk
39.7605,41.1177,22270266,0.5577,synthetic-blacksea-mix,CC0-1.0,Trabzon
40.1021,43.4643,20612109,0.1769,synthetic-blacksea-mix,CC0-1.0,Sochi
37.2216,44.8841,58588371,0.3582,synthetic-blacksea-mix,CC0-1.0,Anapa
37.1696,44.7567,69152210,0.0650,synthetic-blacksea-mix,CC0-1.0,Anapa
39.9965,40.8031,67931654,0.0000,synthetic-blacksea-mix,CC0-1.0,Trabzon
39.9637,40.9134,39573004,0.0575,synthetic-blacksea-mix,CC0-1.0,Trabzon
27.2941,42.3196,33294174,0.0000,synthetic-blacksea-mix,CC0-1.0,Burgas
39.9437,40.9306,42125486,0.0874,synthetic-blacksea-mix,CC0-1.0,Trabzon
32.9802,44.4952,12682585,0.0243,synthetic-blacksea-mix,CC0-1.0,offshore
37.8227,44.7346,15590162,0.7683,synthetic-blacksea-mix,CC0-1.0,Novorossiysk
37.5311,44.8064,68571462,0.0000,synthetic-blacksea-mix,CC0-1.0,Anapa
37.4715,44.5309,142845689,0.1870,synthetic-blacksea-mix,CC0-1.0,Novorossiysk
37.5443,45.0737,100026346,0.0002,synthetic-blacksea-mix,CC0-1.0,Anapa
39.4202,40.9651,74226639,0.0857,synthetic-blacksea-mix,CC0-1.0,Trabzon
37.6488,45.2520,105601997,0.0272,synthetic-blacksea-mix,CC0-1.0,Anapa
39.4491,41.2270,1715888,0.0697,synthetic-blacksea-mix,CC0-1.0,Trabzon
37.9743,44.4259,83881951,0.2016,synthetic-blacksea-mix,CC0-1.0,Novorossiysk
27.0370,42.8231,28747492,0.0262,synthetic-blacksea-mix,CC0-1.0,offshore
37.2574,44.8000,17185375,0.6500,synthetic-blacksea-mix,CC0-1.0,Anapa
39.3872,43.6014,130188752,0.0517,synthetic-blacksea-mix,CC0-1.0,Sochi
39.3246,40.9594,126522867,0.0000,synthetic-blacksea-mix,CC0-1.0,Trabzon
39.8221,41.1675,116424167,0.3699,synthetic-blacksea-mix,CC0-1.0,Trabzon
39.9044,40.7425,141677064,0.0721,synthetic-blacksea-mix,CC0-1.0,Trabzon
38.0264,45.0562,69954142,0.0000,synthetic-blacksea-mix,CC0-1.0,Novorossiysk
37.4492,44.6496,144865431,0.2234,synthetic-blacksea-mix,CC0-1.0,Anapa
39.5072,43.4917,142232131,0.3622,synthetic-blacksea-mix,CC0-1.0,Sochi
27.8171,42.5296,51199563,0.1024,synthetic-blacksea-mix,CC0-1.0,Burgas
28.1311,43.9370,97737163,0.0196,synthetic-blacksea-mix,CC0-1.0,offshore
39.4116,41.2353,108093653,0.0752,synthetic-blacksea-mix,CC0-1.0,Trabzon
39.9512,41.0854,93060947,0.1170,synthetic-blacksea-mix,CC0-1.0,Trabzon
39.9021,43.5614,30135103,0.0752,synthetic-blacksea-mix,CC0-1.0,Sochi
38.0530,44.8430,16466453,0.2964,synthetic-blacksea-mix,CC0-1.0,Novorossiysk
40.2368,41.1244,9003340,0.0000,synthetic-blacksea-mix,CC0-1.0,offshore
36.4677,45.0230,44941344,0.0733,synthetic-blacksea-mix,CC0-1.0,offshore
37.4438,44.3111,49659803,0.1010,synthetic-blacksea-mix,CC0-1.0,offshore
28.0359,42.7021,30172556,0.0000,synthetic-blacksea-mix,CC0-1.0,offshore
38.2162,44.7975,30851219,0.1242,synthetic-blacksea-mix,CC0-1.0,Novorossiysk
39.7189,41.3404,366949,0.0065,synthetic-blacksea-mix,CC0-1.0,Trabzon
37.6266,44.9112,76294404,0.2224,synthetic-blacksea-mix,CC0-1.0,Novorossiysk
28.6231,43.9881,111700113,0.3773,synthetic-blacksea-mix,CC0-1.0,Constanta
37.1624,44.7934,153320918,0.2311,synthetic-blacksea-mix,CC0-1.0,Anapa
27.4100,42.2671,51559600,0.1756,synthetic-blacksea-mix,CC0-1.0,Burgas
28.3652,44.4446,91989739,0.0000,synthetic-blacksea-mix,CC0-1.0,Constanta
27.1931,42.6288,90206595,0.0414,synthetic-blacksea-mix,CC0-1.0,Burgas
39.7623,40.7094,93055995,0.1469,synthetic-blacksea-mix,CC0-1.0,Trabzon
40.0980,43.6187,40980176,0.0014,synthetic-blacksea-mix,CC0-1.0,Sochi
37.8130,44.5486,114308514,0.5521,synthetic-blacksea-mix,CC0-1.0,Novorossiysk
38.0780,44.7078,128729000,0.1357,synthetic-blacksea-mix,CC0-1.0,Novorossiysk
40.1573,40.8031,45727848,0.0975,synthetic-blacksea-mix,CC0-1.0,Trabzon
39.1854,40.6299,5296136,0.0000,synthetic-blacksea-mix,CC0-1.0,offshore
37.5934,44.6101,113385383,0.3402,synthetic-blacksea-mix,CC0-1.0,Novorossiysk
27.3045,42.2306,27526866,0.0005,synthetic-blacksea-mix,CC0-1.0,Burgas
39.4858,41.8040,116894600,0.0573,synthetic-blacksea-mix,CC0-1.0,offshore
37.3215,44.9974,60794458,0.2105,synthetic-blacksea-mix,CC0-1.0,Anapa
37.8929,44.7311,154627506,0.2871,synthetic-blacksea-mix,CC0-1.0,Novorossiysk
39.6225,43.4535,58645114,0.1618,synthetic-blacksea-mix,CC0-1.0,Sochi
37.9261,44.9301,33954030,0.0000,synthetic-blacksea-mix,CC0-1.0,Novorossiysk
38.0274,44.8242,123715433,0.0491,synthetic-blacksea-mix,CC0-1.0,Novorossiysk
37.7089,45.1954,129089866,0.0443,synthetic-blacksea-mix,CC0-1.0,Novorossiysk
38.1750,45.1061,46742628,0.1044,synthetic-blacksea-mix,CC0-1.0,offshore
40.4214,43.4730,27217791,0.0027,synthetic-blacksea-mix,CC0-1.0,offshore
39.6166,43.5186,151703557,0.4041,synthetic-blacksea-mix,CC0-1.0,Sochi
39.8097,43.7258,77114637,0.3957,synthetic-blacksea-mix,CC0-1.0,Sochi
28.7700,44.1106,52557393,0.3069,synthetic-blacksea-mix,CC0-1.0,Constanta
39.8225,43.2961,3486145,0.0000,synthetic-blacksea-mix,CC0-1.0,Sochi
29.8671,43.7528,149121504,0.0000,synthetic-blacksea-mix,CC0-1.0,offshore
39.2019,41.1508,122615716,0.0684,synthetic-blacksea-mix,CC0-1.0,offshore
33.8207,44.0753,119981565,0.1216,synthetic-blacksea-mix,CC0-1.0,offshore
37.7381,45.1159,38079873,0.0322,synthetic-blacksea-mix,CC0-1.0,Novorossiysk
37.8188,44.8925,125187226,0.1195,synthetic-blacksea-mix,CC0-1.0,Novorossiysk
39.7229,43.7478,3823258,0.0825,synthetic-blacksea-mix,CC0-1.0,Sochi
39.7844,43.2328,55723274,0.1383,synthetic-blacksea-mix,CC0-1.0,Sochi
28.0431,42.3224,128982498,0.0443,synthetic-blacksea-mix,CC0-1.0,offshore
39.7544,40.6809,116192733,0.1204,synthetic-blacksea-mix,CC0-1.0,Trabzon
37.7757,44.6790,50639507,0.8168,synthetic-blacksea-mix,CC0-1.0,Novorossiysk
37.3291,45.2079,126715053,0.0000,synthetic-blacksea-mix,CC0-1.0,Anapa
28.3106,44.1874,94478245,0.0765,synthetic-blacksea-mix,CC0-1.0,Constanta
39.5283,43.3615,37138026,0.1014,synthetic-blacksea-mix,CC0-1.0,Sochi
39.5600,43.9387,32641194,0.0053,synthetic-blacksea-mix,CC0-1.0,Sochi
36.7642,44.6181,19097021,0.1074,synthetic-blacksea-mix,CC0-1.0,offshore
39.5443,43.5582,76135333,0.3313,synthetic-blacksea-mix,CC0-1.0,Sochi
39.0327,43.8265,81306657,0.0513,synthetic-blacksea-mix,CC0-1.0,offshore
40.0933,43.5053,9695299,0.0975,synthetic-blacksea-mix,CC0-1.0,Sochi
39.5090,41.2583,15416819,0.1269,synthetic-blacksea-mix,CC0-1.0,Trabzon
37.6734,44.5922,145716213,0.5103,synthetic-blacksea-mix,CC0-1.0,Novorossiysk
37.4378,44.7139,124735907,0.0000,synthetic-blacksea-mix,CC0-1.0,Anapa
29.4360,43.5609,6970186,0.0557,synthetic-blacksea-mix,CC0-1.0,offshore
29.0891,44.0512,13635831,0.1785,synthetic-blacksea-mix,CC0-1.0,Constanta
39.7486,43.4031,21385976,0.4839,synthetic-blacksea-mix,CC0-1.0,Sochi
29.1271,44.0686,129550344,0.0134,synthetic-blacksea-mix,CC0-1.0,Constanta
37.4112,44.7585,149893640,0.1599,synthetic-blacksea-mix,CC0-1.0,Anapa
40.4596,41.0773,31436816,0.0207,synthetic-blacksea-mix,CC0-1.0,offshore
37.1562,44.9013,71638695,0.0385,synthetic-blacksea-mix,CC0-1.0,Anapa
28.5482,44.4850,20286658,0.1959,synthetic-blacksea-mix,CC0-1.0,Constanta
28.0351,42.5369,41497139,0.0000,synthetic-blacksea-mix,CC0-1.0,offshore
37.8647,44.2147,111834544,0.0626,synthetic-blacksea-mix,CC0-1.0,offshore
39.6935,41.4484,45859465,0.1114,synthetic-blacksea-mix,CC0-1.0,Trabzon
37.1044,45.0429,130129568,0.0000,synthetic-blacksea-mix,CC0-1.0,Anapa
28.4738,44.0720,63933366,0.0256,synthetic-blacksea-mix,CC0-1.0,Constanta
37.8885,44.6828,138163484,0.2659,synthetic-blacksea-mix,CC0-1.0,Novorossiysk
37.6667,44.8877,30809435,0.1560,synthetic-blacksea-mix,CC0-1.0,Novorossiysk
28.7647,43.8552,68458436,0.0750,synthetic-blacksea-mix,CC0-1.0,Constanta
37.5663,45.2934,124644208,0.0000,synthetic-blacksea-mix,CC0-1.0,Anapa
39.3189,40.8944,130402999,0.0570,synthetic-blacksea-mix,CC0-1.0,Trabzon
36.8077,44.8440,45094013,0.1035,synthetic-blacksea-mix,CC0-1.0,offshore
37.5750,44.7100,39496498,0.2293,synthetic-blacksea-mix,CC0-1.0,Novorossiysk
39.3268,40.8785,149827076,0.0253,synthetic-blacksea-mix,CC0-1.0,Trabzon
39.9563,43.6313,151987017,0.2765,synthetic-blacksea-mix,CC0-1.0,Sochi
39.6342,43.0512,123520153,0.0761,synthetic-blacksea-mix,CC0-1.0,offshore
37.6740,44.8926,143394620,0.3915,synthetic-blacksea-mix,CC0-1.0,Novorossiysk
39.7951,41.2650,23727832,0.1834,synthetic-blacksea-mix,CC0-1.0,Trabzon
38.0287,44.9759,76520480,0.1575,synthetic-blacksea-mix,CC0-1.0,Novorossiysk
36.6745,45.1810,87712587,0.0007,synthetic-blacksea-mix,CC0-1.0,offshore
39.4044,43.5566,125397633,0.0478,synthetic-blacksea-mix,CC0-1.0,Sochi
28.7462,43.9750,43732418,0.1845,synthetic-blacksea-mix,CC0-1.0,Constanta
39.2789,40.8580,16458084,0.0652,synthetic-blacksea-mix,CC0-1.0,Trabzon
39.8423,40.5513,99317598,0.0495,synthetic-blacksea-mix,CC0-1.0,Trabzon
29.1337,44.1911,39398906,0.0569,synthetic-blacksea-mix,CC0-1.0,Constanta
37.4634,44.6842,134381756,0.0320,synthetic-blacksea-mix,CC0-1.0,Anapa
28.5053,44.0758,122309958,0.0747,synthetic-blacksea-mix,CC0-1.0,Constanta
37.7117,44.6588,23566942,0.6047,synthetic-blacksea-mix,CC0-1.0,Novorossiysk
27.4103,42.7586,124624641,0.0049,synthetic-blacksea-mix,CC0-1.0,Burgas
38.2174,44.7383,110724270,0.0780,synthetic-blacksea-mix,CC0-1.0,Novorossiysk
37.5101,44.7376,114046125,0.2567,synthetic-blacksea-mix,CC0-1.0,Anapa
39.8122,43.6237,6673818,0.0704,synthetic-blacksea-mix,CC0-1.0,Sochi
40.0961,40.7269,132090855,0.0000,synthetic-blacksea-mix,CC0-1.0,Trabzon
37.5927,44.7900,119473545,0.3682,synthetic-blacksea-mix,CC0-1.0,Novorossiysk
38.0334,44.5657,130897302,0.0056,synthetic-blacksea-mix,CC0-1.0,Novorossiysk
36.9916,45.1962,60549949,0.0156,synthetic-blacksea-mix,CC0-1.0,Anapa
27.2280,42.4287,120965806,0.0164,synthetic-blacksea-mix,CC0-1.0,Burgas
38.1828,44.5796,13165305,0.1671,synthetic-blacksea-mix,CC0-1.0,Novorossiysk
37.9330,45.0093,134676814,0.0303,synthetic-blacksea-mix,CC0-1.0,Novorossiysk
38.2832,44.8676,19381030,0.1011,synthetic-blacksea-mix,CC0-1.0,offshore
27.3871,42.7839,60412356,0.0733,synthetic-blacksea-mix,CC0-1.0,Burgas
37.3907,44.7802,42472755,0.3743,synthetic-blacksea-mix,CC0-1.0,Anapa
37.4975,45.1479,136275019,0.0915,synthetic-blacksea-mix,CC0-1.0,Anapa
37.6798,44.6883,133304402,0.0583,synthetic-blacksea-mix,CC0-1.0,Novorossiysk
37.6032,44.8337,71910943,0.1330,synthetic-blacksea-mix,CC0-1.0,Novorossiysk
40.2100,43.3125,10032928,0.0667,synthetic-blacksea-mix,CC0-1.0,offshore
27.5822,42.7526,4390344,0.0000,synthetic-blacksea-mix,CC0-1.0,Burgas
39.5595,43.5926,84081310,0.4053,synthetic-blacksea-mix,CC0-1.0,Sochi
37.9291,44.8906,76065551,0.2460,synthetic-blacksea-mix,CC0-1.0,Novorossiysk
39.6895,40.6311,132643196,0.0349,synthetic-blacksea-mix,CC0-1.0,Trabzon
33.0435,44.2795,118185714,0.0237,synthetic-blacksea-mix,CC0-1.0,offshore
39.3290,41.1610,145787145,0.0881,synthetic-blacksea-mix,CC0-1.0,Trabzon
37.9975,44.5192,99875719,0.0000,synthetic-blacksea-mix,CC0-1.0,Novorossiysk
39.7836,40.7304,94169556,0.0610,synthetic-blacksea-mix,CC0-1.0,Trabzon
28.8885,44.1191,137989535,0.1639,synthetic-blacksea-mix,CC0-1.0,Constanta
37.1969,45.1001,138364063,0.2469,synthetic-blacksea-mix,CC0-1.0,Anapa
39.7829,43.2426,5557066,0.0000,synthetic-blacksea-mix,CC0-1.0,Sochi
39.8056,43.6470,42502254,0.3709,synthetic-blacksea-mix,CC0-1.0,Sochi
37.9393,44.6559,58019757,0.2075,synthetic-blacksea-mix,CC0-1.0,Novorossiysk
27.7653,42.2400,58032122,0.0393,synthetic-blacksea-mix,CC0-1.0,Burgas
27.6357,42.3011,16917030,0.3427,synthetic-blacksea-mix,CC0-1.0,Burgas
27.9065,42.5847,51846251,0.1385,synthetic-blacksea-mix,CC0-1.0,Burgas
37.7264,44.6754,9477866,0.1832,synthetic-blacksea-mix,CC0-1.0,Novorossiysk
27.6478,42.6865,58409050,0.1347,synthetic-blacksea-mix,CC0-1.0,Burgas
39.2813,40.7642,79739028,0.0703,synthetic-blacksea-mix,CC0-1.0,Trabzon
39.4465,41.1566,137335178,0.0707,synthetic-blacksea-mix,CC0-1.0,Trabzon
27.4323,42.4284,149505893,0.2964,synthetic-blacksea-mix,CC0-1.0,Burgas
37.3058,44.6256,57518579,0.1251,synthetic-blacksea-mix,CC0-1.0,Anapa
39.3325,43.2675,123866519,0.0000,synthetic-blacksea-mix,CC0-1.0,Sochi
40.2173,43.7407,17603721,0.1344,synthetic-blacksea-mix,CC0-1.0,offshore
28.3272,43.9827,116818271,0.0983,synthetic-blacksea-mix,CC0-1.0,Constanta
27.3680,42.6475,138330537,0.2171,synthetic-blacksea-mix,CC0-1.0,Burgas
39.4359,40.6216,140838135,0.0742,synthetic-blacksea-mix,CC0-1.0,Trabzon
37.2578,45.1256,88164357,0.3097,synthetic-blacksea-mix,CC0-1.0,Anapa
37.2186,45.1732,24259347,0.1754,synthetic-blacksea-mix,CC0-1.0,Anapa
37.7730,44.9143,154764754,0.1387,synthetic-blacksea-mix,CC0-1.0,Novorossiysk
28.2332,44.1053,43405419,0.1193,synthetic-blacksea-mix,CC0-1.0,Constanta
36.7762,44.8966,73184776,0.0000,synthetic-blacksea-mix,CC0-1.0,offshore
28.4741,44.1820,126917034,0.0042,synthetic-blacksea-mix,CC0-1.0,Constanta
28.4402,44.1324,30614782,0.0517,synthetic-blacksea-mix,CC0-1.0,Constanta
38.0188,44.7930,104608079,0.0751,synthetic-blacksea-mix,CC0-1.0,Novorossiysk
33.5135,44.0312,146802303,0.1779,synthetic-blacksea-mix,CC0-1.0,offshore
29.1292,44.0163,118071735,0.0275,synthetic-blacksea-mix,CC0-1.0,offshore
39.4327,41.2867,110603529,0.0738,synthetic-blacksea-mix,CC0-1.0,Trabzon
37.5851,44.6500,45717116,0.1872,synthetic-blacksea-mix,CC0-1.0,Novorossiysk
36.8362,44.9726,69125416,0.0969,synthetic-blacksea-mix,CC0-1.0,Anapa
28.1191,44.2651,78168284,0.0331,synthetic-blacksea-mix,CC0-1.0,offshore
29.1583,43.9268,12772915,0.0047,synthetic-blacksea-mix,CC0-1.0,offshore
28.9550,43.7547,32826983,0.0155,synthetic-blacksea-mix,CC0-1.0,offshore
37.4653,44.7596,153661054,0.0430,synthetic-blacksea-mix,CC0-1.0,Anapa
37.5146,44.7758,133141418,0.0374,synthetic-blacksea-mix,CC0-1.0,Anapa
37.8109,44.7902,95453602,0.0415,synthetic-blacksea-mix,CC0-1.0,Novorossiysk
37.6473,44.5686,83035703,0.4531,synthetic-blacksea-mix,CC0-1.0,Novorossiysk
37.8281,44.7570,49741022,0.7747,synthetic-blacksea-mix,CC0-1.0,Novorossiysk
37.9167,44.9900,75953166,0.1315,synthetic-blacksea-mix,CC0-1.0,Novorossiysk
37.5573,44.7759,141396883,0.3235,synthetic-blacksea-mix,CC0-1.0,Novorossiysk
39.7212,43.4202,7443546,0.0000,synthetic-blacksea-mix,CC0-1.0,Sochi
39.5261,43.6051,50953673,0.3951,synthetic-blacksea-mix,CC0-1.0,Sochi
39.5122,40.7372,79984238,0.1169,synthetic-blacksea-mix,CC0-1.0,Trabzon
40.0492,41.2405,151976080,0.1143,synthetic-blacksea-mix,CC0-1.0,Trabzon
37.8066,44.6662,111633986,0.7683,synthetic-blacksea-mix,CC0-1.0,Novorossiysk
37.5755,44.9366,58892704,0.1140,synthetic-blacksea-mix,CC0-1.0,Anapa
27.4352,42.4201,49666938,0.4273,synthetic-blacksea-mix,CC0-1.0,Burgas
28.2375,44.1407,67571842,0.0544,synthetic-blacksea-mix,CC0-1.0,Constanta
38.9364,41.4127,93681300,0.0014,synthetic-blacksea-mix,CC0-1.0,offshore
37.7255,45.0258,35854313,0.0643,synthetic-blacksea-mix,CC0-1.0,Novorossiysk
37.7158,44.9162,86034265,0.3980,synthetic-blacksea-mix,CC0-1.0,Novorossiysk
37.1345,44.9727,108634138,0.3967,synthetic-blacksea-mix,CC0-1.0,Anapa
37.8012,44.7726,96313733,0.1411,synthetic-blacksea-mix,CC0-1.0,Novorossiysk
39.5675,43.8618,20776066,0.1226,synthetic-blacksea-mix,CC0-1.0,Sochi
39.3201,43.7616,156797940,0.0151,synthetic-blacksea-mix,CC0-1.0,Sochi
39.8976,40.9093,27024957,0.2520,synthetic-blacksea-mix,CC0-1.0,Trabzon
39.3756,41.2081,32712688,0.0000,synthetic-blacksea-mix,CC0-1.0,Trabzon
37.5463,45.1478,50174385,0.2983,synthetic-blacksea-mix,CC0-1.0,Anapa
39.7448,40.9340,7526859,0.0000,synthetic-blacksea-mix,CC0-1.0,Trabzon
28.1803,44.1411,52213089,0.0880,synthetic-blacksea-mix,CC0-1.0,Constanta
39.3079,43.8647,72638308,0.0876,synthetic-blacksea-mix,CC0-1.0,offshore
28.3499,44.0969,80917067,0.1418,synthetic-blacksea-mix,CC0-1.0,Constanta
37.8291,44.5689,11419963,0.1687,synthetic-blacksea-mix,CC0-1.0,Novorossiysk
27.7745,42.1187,48787021,0.0564,synthetic-blacksea-mix,CC0-1.0,Burgas
37.7237,44.8010,84374382,0.5453,synthetic-blacksea-mix,CC0-1.0,Novorossiysk
28.7622,43.8995,37123638,0.1787,synthetic-blacksea-mix,CC0-1.0,Constanta
39.3511,41.2524,110251412,0.0467,synthetic-blacksea-mix,CC0-1.0,Trabzon
36.8010,44.9353,71563359,0.0000,synthetic-blacksea-mix,CC0-1.0,offshore
37.3126,44.7775,31258737,0.0497,synthetic-blacksea-mix,CC0-1.0,Anapa
37.0504,44.7019,156228492,0.0231,synthetic-blacksea-mix,CC0-1.0,Anapa
37.5552,45.0660,52991305,0.0702,synthetic-blacksea-mix,CC0-1.0,Anapa
37.3521,44.7921,69500870,0.0000,synthetic-blacksea-mix,CC0-1.0,Anapa
38.2061,44.4451,86881621,0.1928,synthetic-blacksea-mix,CC0-1.0,offshore
33.8850,44.0631,110193289,0.0279,synthetic-blacksea-mix,CC0-1.0,offshore
36.9007,45.0751,65453441,0.0000,synthetic-blacksea-mix,CC0-1.0,Anapa
28.2966,43.7863,133819,0.0000,synthetic-blacksea-mix,CC0-1.0,offshore
37.6444,44.8044,144124591,0.4914,synthetic-blacksea-mix,CC0-1.0,Novorossiysk
40.2141,43.4857,19334177,0.0258,synthetic-blacksea-mix,CC0-1.0,offshore
29.2342,44.3533,134270532,0.0095,synthetic-blacksea-mix,CC0-1.0,offshore
40.0533,40.8459,112781416,0.1955,synthetic-blacksea-mix,CC0-1.0,Trabzon
39.4491,40.8676,125320508,0.0796,synthetic-blacksea-mix,CC0-1.0,Trabzon
37.4253,45.0526,111072744,0.4975,synthetic-blacksea-mix,CC0-1.0,Anapa
37.7271,44.4297,60900473,0.0350,synthetic-blacksea-mix,CC0-1.0,Novorossiysk
37.6487,44.7647,7068860,0.0000,synthetic-blacksea-mix,CC0-1.0,Novorossiysk
38.0911,44.8973,131447574,0.0160,synthetic-blacksea-mix,CC0-1.0,Novorossiysk
28.3608,44.1637,40693697,0.0857,synthetic-blacksea-mix,CC0-1.0,Constanta
27.7040,43.8647,51572703,0.0309,synthetic-blacksea-mix,CC0-1.0,offshore
38.0405,45.1550,139707261,0.0000,synthetic-blacksea-mix,CC0-1.0,offshore
40.0266,43.5417,61654415,0.1202,synthetic-blacksea-mix,CC0-1.0,Sochi
39.4955,43.8703,44385350,0.1378,synthetic-blacksea-mix,CC0-1.0,Sochi
39.3574,41.3263,65530388,0.0514,synthetic-blacksea-mix,CC0-1.0,Trabzon
37.8937,44.5481,149210744,0.3201,synthetic-blacksea-mix,CC0-1.0,Novorossiysk
39.5981,43.8803,108843206,0.1574,synthetic-blacksea-mix,CC0-1.0,Sochi
27.9705,44.0951,81209032,0.0109,synthetic-blacksea-mix,CC0-1.0,offshore
37.3911,44.9589,48422513,0.7629,synthetic-blacksea-mix,CC0-1.0,Anapa
37.5013,44.7420,151265804,0.1927,synthetic-blacksea-mix,CC0-1.0,Anapa
40.1825,43.7292,138052391,0.0252,synthetic-blacksea-mix,CC0-1.0,Sochi
38.0378,44.7870,49575291,0.3670,synthetic-blacksea-mix,CC0-1.0,Novorossiysk
37.3139,44.4215,126069444,0.0000,synthetic-blacksea-mix,CC0-1.0,Anapa
27.5936,42.7586,48261784,0.2356,synthetic-blacksea-mix,CC0-1.0,Burgas
39.4190,43.7202,7612164,0.0466,synthetic-blacksea-mix,CC0-1.0,Sochi
40.1234,43.6553,29211599,0.0393,synthetic-blacksea-mix,CC0-1.0,Sochi
37.3041,44.7719,13646031,0.5009,synthetic-blacksea-mix,CC0-1.0,Anapa
37.7632,44.7564,71867986,0.3023,synthetic-blacksea-mix,CC0-1.0,Novorossiysk
39.7015,43.8029,80523411,0.3713,synthetic-blacksea-mix,CC0-1.0,Sochi
39.2589,43.4606,27867403,0.0252,synthetic-blacksea-mix,CC0-1.0,Sochi
39.6348,41.1374,83402951,0.3825,synthetic-blacksea-mix,CC0-1.0,Trabzon
39.6400,41.0852,41299638,0.0000,synthetic-blacksea-mix,CC0-1.0,Trabzon
39.6979,43.4987,119608930,0.5487,synthetic-blacksea-mix,CC0-1.0,Sochi
39.6910,41.0822,41613255,0.0570,synthetic-blacksea-mix,CC0-1.0,Trabzon
39.6149,41.4639,18611493,0.1044,synthetic-blacksea-mix,CC0-1.0,Trabzon
37.3025,44.6652,39580411,0.0569,synthetic-blacksea-mix,CC0-1.0,Anapa
27.9172,42.2808,54655855,0.1019,synthetic-blacksea-mix,CC0-1.0,offshore
27.6955,42.6054,26429890,0.0683,synthetic-blacksea-mix,CC0-1.0,Burgas
37.2043,44.5700,151504515,0.1251,synthetic-blacksea-mix,CC0-1.0,Anapa
39.5535,41.2614,77549634,0.1113,synthetic-blacksea-mix,CC0-1.0,Trabzon
28.7817,44.1026,146334933,0.3232,synthetic-blacksea-mix,CC0-1.0,Constanta
27.0625,42.5274,148214163,0.0531,synthetic-blacksea-mix,CC0-1.0,Burgas
37.6114,44.9094,47401326,0.3368,synthetic-blacksea-mix,CC0-1.0,Novorossiysk
27.0386,42.5695,3704853,0.0000,synthetic-blacksea-mix,CC0-1.0,Burgas
39.6680,43.8226,49820551,0.2797,synthetic-blacksea-mix,CC0-1.0,Sochi
39.6729,41.1913,90285656,0.2529,synthetic-blacksea-mix,CC0-1.0,Trabzon
37.5432,45.2525,47146750,0.1886,synthetic-blacksea-mix,CC0-1.0,Anapa
39.3837,43.6960,12915139,0.1456,synthetic-blacksea-mix,CC0-1.0,Sochi
28.3861,43.9926,76432870,0.1461,synthetic-blacksea-mix,CC0-1.0,Constanta
39.7847,43.5214,13538698,0.5245,synthetic-blacksea-mix,CC0-1.0,Sochi
39.5926,43.8006,13522892,0.1228,synthetic-blacksea-mix,CC0-1.0,Sochi
28.9061,43.9347,27993889,0.0923,synthetic-blacksea-mix,CC0-1.0,Constanta
37.8296,44.6380,73582543,0.0281,synthetic-blacksea-mix,CC0-1.0,Novorossiysk
28.9729,44.2758,38695049,0.0197,synthetic-blacksea-mix,CC0-1.0,Constanta
27.3579,42.1760,97071790,0.0405,synthetic-blacksea-mix,CC0-1.0,Burgas
37.7872,44.7487,37697907,0.0897,synthetic-blacksea-mix,CC0-1.0,Novorossiysk
37.5400,44.6469,91210808,0.1510,synthetic-blacksea-mix,CC0-1.0,Novorossiysk
39.2417,41.1366,51601685,0.0756,synthetic-blacksea-mix,CC0-1.0,Trabzon
37.4465,45.0671,56007998,0.0706,synthetic-blacksea-mix,CC0-1.0,Anapa
40.0493,40.4119,65512967,0.0688,synthetic-blacksea-mix,CC0-1.0,offshore
37.7875,44.6153,26429228,0.4191,synthetic-blacksea-mix,CC0-1.0,Novorossiysk
37.0876,44.6564,154826732,0.0774,synthetic-blacksea-mix,CC0-1.0,Anapa
39.8187,40.6913,10877811,0.0178,synthetic-blacksea-mix,CC0-1.0,Trabzon
37.3291,44.7022,152373248,0.3078,synthetic-blacksea-mix,CC0-1.0,Anapa
37.6627,44.6761,17699949,0.5577,synthetic-blacksea-mix,CC0-1.0,Novorossiysk
33.3362,44.0835,67643186,0.0012,synthetic-blacksea-mix,CC0-1.0,offshore
39.8107,41.2163,117530541,0.3016,synthetic-blacksea-mix,CC0-1.0,Trabzon
28.5445,43.9915,132541005,0.0662,synthetic-blacksea-mix,CC0-1.0,Constanta
37.8482,44.9722,51169479,0.1675,synthetic-blacksea-mix,CC0-1.0,Novorossiysk
28.9096,44.2293,78727599,0.1611,synthetic-blacksea-mix,CC0-1.0,Constanta
38.0842,44.7661,97618248,0.0000,synthetic-blacksea-mix,CC0-1.0,Novorossiysk
37.5212,44.9706,131891875,0.0000,synthetic-blacksea-mix,CC0-1.0,Anapa
28.7023,43.9881,141262640,0.3293,synthetic-blacksea-mix,CC0-1.0,Constanta
39.8862,41.1668,156851140,0.2719,synthetic-blacksea-mix,CC0-1.0,Trabzon
37.2903,45.2647,19963984,0.1534,synthetic-blacksea-mix,CC0-1.0,Anapa
28.4558,44.0118,114588144,0.2251,synthetic-blacksea-mix,CC0-1.0,Constanta
38.0980,44.7878,50127643,0.2845,synthetic-blacksea-mix,CC0-1.0,Novorossiysk
27.9707,44.1577,151933574,0.0305,synthetic-blacksea-mix,CC0-1.0,offshore
37.8030,44.6367,11511729,0.3729,synthetic-blacksea-mix,CC0-1.0,Novorossiysk
40.0093,41.4224,11649761,0.0896,synthetic-blacksea-mix,CC0-1.0,offshore
37.7439,44.7334,96099929,0.0765,synthetic-blacksea-mix,CC0-1.0,Novorossiysk
38.0107,44.6297,202794,0.0000,synthetic-blacksea-mix,CC0-1.0,Novorossiysk
38.0396,45.0069,120854255,0.0641,synthetic-blacksea-mix,CC0-1.0,Novorossiysk
39.9471,41.0736,116442830,0.2438,synthetic-blacksea-mix,CC0-1.0,Trabzon
27.3939,42.6352,64130189,0.0000,synthetic-blacksea-mix,CC0-1.0,Burgas
28.5857,44.4477,78534138,0.2029,synthetic-blacksea-mix,CC0-1.0,Constanta
37.2522,45.3313,57686653,0.1617,synthetic-blacksea-mix,CC0-1.0,Anapa
37.8051,44.9531,122541997,0.1633,synthetic-blacksea-mix,CC0-1.0,Novorossiysk
37.5939,44.6618,57267991,0.2181,synthetic-blacksea-mix,CC0-1.0,Novorossiysk
33.1745,44.0254,32140518,0.0423,synthetic-blacksea-mix,CC0-1.0,offshore
37.3525,44.4762,28725987,0.0000,synthetic-blacksea-mix,CC0-1.0,Anapa
40.5888,41.1640,102357755,0.0000,synthetic-blacksea-mix,CC0-1.0,offshore
37.5897,44.9514,120239096,0.2715,synthetic-blacksea-mix,CC0-1.0,Anapa
39.2978,44.0392,20977036,0.0844,synthetic-blacksea-mix,CC0-1.0,offshore
37.3567,44.9534,147740786,0.1731,synthetic-blacksea-mix,CC0-1.0,Anapa
37.6155,44.3291,72367033,0.0021,synthetic-blacksea-mix,CC0-1.0,Novorossiysk
27.4621,42.9072,75595520,0.0624,synthetic-blacksea-mix,CC0-1.0,Burgas
28.9413,44.3607,25049577,0.0383,synthetic-blacksea-mix,CC0-1.0,Constanta
40.3448,41.3376,38114165,0.0000,synthetic-blacksea-mix,CC0-1.0,offshore
28.5278,44.2474,147225413,0.3939,synthetic-blacksea-mix,CC0-1.0,Constanta
39.4603,41.0962,45556356,0.2073,synthetic-blacksea-mix,CC0-1.0,Trabzon
28.4713,43.9114,1651495,0.0486,synthetic-blacksea-mix,CC0-1.0,Constanta
28.5145,44.1858,64610462,0.0000,synthetic-blacksea-mix,CC0-1.0,Constanta
39.4939,41.2487,8405975,0.0188,synthetic-blacksea-mix,CC0-1.0,Trabzon
36.6564,44.7047,10649981,0.0000,synthetic-blacksea-mix,CC0-1.0,offshore
37.4691,44.9238,82293736,0.5422,synthetic-blacksea-mix,CC0-1.0,Anapa
39.2078,43.6768,36745,0.0247,synthetic-blacksea-mix,CC0-1.0,offshore
27.4841,42.7852,27980187,0.0215,synthetic-blacksea-mix,CC0-1.0,Burgas
40.3583,43.8162,17736842,0.1954,synthetic-blacksea-mix,CC0-1.0,offshore
27.5672,41.9042,60731054,0.0000,synthetic-blacksea-mix,CC0-1.0,offshore
37.3633,44.4527,101347196,0.0000,synthetic-blacksea-mix,CC0-1.0,Anapa
28.4293,44.3583,65633925,0.0699,synthetic-blacksea-mix,CC0-1.0,Constanta
37.3015,44.6855,27974144,0.2852,synthetic-blacksea-mix,CC0-1.0,Anapa
37.3711,44.9289,93670932,0.2494,synthetic-blacksea-mix,CC0-1.0,Anapa
39.7906,43.5275,46367830,0.4216,synthetic-blacksea-mix,CC0-1.0,Sochi
37.1563,44.9206,41024291,0.1594,synthetic-blacksea-mix,CC0-1.0,Anapa
28.8847,44.3125,60302637,0.0146,synthetic-blacksea-mix,CC0-1.0,Constanta
37.9282,44.8963,5804064,0.0528,synthetic-blacksea-mix,CC0-1.0,Novorossiysk
27.3834,42.2234,102454028,0.1179,synthetic-blacksea-mix,CC0-1.0,Burgas
39.9919,40.8094,157234635,0.1322,synthetic-blacksea-mix,CC0-1.0,Trabzon
39.5923,43.8898,32315387,0.0000,synthetic-blacksea-mix,CC0-1.0,Sochi
28.6260,44.0970,60853163,0.0112,synthetic-blacksea-mix,CC0-1.0,Constanta
28.7950,43.9330,59772662,0.0293,synthetic-blacksea-mix,CC0-1.0,Constanta
37.3668,44.8206,8731429,0.1914,synthetic-blacksea-mix,CC0-1.0,Anapa
37.5115,44.7547,57921510,0.1543,synthetic-blacksea-mix,CC0-1.0,Anapa
37.3831,44.7405,53909999,0.6671,synthetic-blacksea-mix,CC0-1.0,Anapa
28.1100,44.1550,18078381,0.0000,synthetic-blacksea-mix,CC0-1.0,offshore
39.6569,41.3758,31867354,0.0590,synthetic-blacksea-mix,CC0-1.0,Trabzon
28.6964,44.1139,111988889,0.5941,synthetic-blacksea-mix,CC0-1.0,Constanta
37.3887,44.6229,134514163,0.0000,synthetic-blacksea-mix,CC0-1.0,Anapa
39.9595,43.7113,14305522,0.1909,synthetic-blacksea-mix,CC0-1.0,Sochi
39.3701,43.4015,126991560,0.0146,synthetic-blacksea-mix,CC0-1.0,Sochi
28.5283,44.3133,122951508,0.1789,synthetic-blacksea-mix,CC0-1.0,Constanta
37.7610,44.5655,85192294,0.5299,synthetic-blacksea-mix,CC0-1.0,Novorossiysk
27.4012,42.7179,22863088,0.2692,synthetic-blacksea-mix,CC0-1.0,Burgas
37.2730,45.0716,4123262,0.0000,synthetic-blacksea-mix,CC0-1.0,Anapa
39.0994,41.1325,91545049,0.0601,synthetic-blacksea-mix,CC0-1.0,offshore
37.6961,44.8434,125132802,0.1189,synthetic-blacksea-mix,CC0-1.0,Novorossiysk
39.9151,43.5363,76747467,0.2695,synthetic-blacksea-mix,CC0-1.0,Sochi
37.8949,44.7791,58853842,0.2774,synthetic-blacksea-mix,CC0-1.0,Novorossiysk
39.6484,40.8442,80585907,0.3871,synthetic-blacksea-mix,CC0-1.0,Trabzon
27.6104,42.7772,51258644,0.0882,synthetic-blacksea-mix,CC0-1.0,Burgas
27.6335,41.8748,68042590,0.0071,synthetic-blacksea-mix,CC0-1.0,offshore
37.1992,44.6451,36723902,0.0049,synthetic-blacksea-mix,CC0-1.0,Anapa
28.2312,44.4489,85487812,0.0000,synthetic-blacksea-mix,CC0-1.0,offshore
39.2293,43.6739,48571008,0.1037,synthetic-blacksea-mix,CC0-1.0,Sochi
39.6590,40.9852,30245973,0.3633,synthetic-blacksea-mix,CC0-1.0,Trabzon
37.3397,44.7676,94115398,0.0904,synthetic-blacksea-mix,CC0-1.0,Anapa
37.8430,44.9514,61259203,0.0946,synthetic-blacksea-mix,CC0-1.0,Novorossiysk
28.0593,44.3897,28578990,0.0423,synthetic-blacksea-mix,CC0-1.0,offshore
39.6645,41.0506,5408847,0.0567,synthetic-blacksea-mix,CC0-1.0,Trabzon
34.5501,44.9348,110171796,0.0570,synthetic-blacksea-mix,CC0-1.0,offshore
29.0257,44.0801,20757623,0.1544,synthetic-blacksea-mix,CC0-1.0,Constanta
28.9697,44.2123,155597035,0.0137,synthetic-blacksea-mix,CC0-1.0,Constanta
27.6968,42.8047,14819231,0.0733,synthetic-blacksea-mix,CC0-1.0,Burgas
28.3593,44.4075,44985099,0.0995,synthetic-blacksea-mix,CC0-1.0,Constanta
27.1782,42.3933,61182377,0.0000,synthetic-blacksea-mix,CC0-1.0,Burgas
36.9633,44.8907,68825527,0.0000,synthetic-blacksea-mix,CC0-1.0,Anapa
38.2042,44.2618,51863834,0.0711,synthetic-blacksea-mix,CC0-1.0,offshore
39.3741,41.0481,13487473,0.1089,synthetic-blacksea-mix,CC0-1.0,Trabzon
39.5519,43.6340,66346640,0.0204,synthetic-blacksea-mix,CC0-1.0,Sochi
37.4144,44.3966,65791195,0.0000,synthetic-blacksea-mix,CC0-1.0,Novorossiysk
39.9159,40.8454,55246721,0.3530,synthetic-blacksea-mix,CC0-1.0,Trabzon
28.9318,44.0575,54404041,0.1750,synthetic-blacksea-mix,CC0-1.0,Constanta
40.0415,43.5130,111055893,0.1508,synthetic-blacksea-mix,CC0-1.0,Sochi
37.2786,44.9139,24378528,0.0754,synthetic-blacksea-mix,CC0-1.0,Anapa
37.7810,44.6153,46235801,0.1059,synthetic-blacksea-mix,CC0-1.0,Novorossiysk
37.5675,44.6699,116993159,0.1255,synthetic-blacksea-mix,CC0-1.0,Novorossiysk
27.5867,42.5230,65743007,0.0480,synthetic-blacksea-mix,CC0-1.0,Burgas
40.1412,41.3557,124540363,0.0770,synthetic-blacksea-mix,CC0-1.0,offshore
36.8677,44.6651,101257659,0.0056,synthetic-blacksea-mix,CC0-1.0,offshore
39.8573,43.5031,36558766,0.0004,synthetic-blacksea-mix,CC0-1.0,Sochi
28.4774,43.9622,115304593,0.2679,synthetic-blacksea-mix,CC0-1.0,Constanta
32.9309,44.4517,134756616,0.0036,synthetic-blacksea-mix,CC0-1.0,offshore
39.9050,43.9442,152080623,0.1056,synthetic-blacksea-mix,CC0-1.0,Sochi
39.2752,43.2805,131368450,0.0512,synthetic-blacksea-mix,CC0-1.0,offshore
37.4774,44.4770,112004483,0.1354,synthetic-blacksea-mix,CC0-1.0,Novorossiysk
37.2324,44.8681,42460153,0.3502,synthetic-blacksea-mix,CC0-1.0,Anapa
28.5389,43.9068,40049133,0.0285,synthetic-blacksea-mix,CC0-1.0,Constanta
39.2269,41.5239,132786543,0.0000,synthetic-blacksea-mix,CC0-1.0,offshore
37.6075,44.5065,86169610,0.2601,synthetic-blacksea-mix,CC0-1.0,Novorossiysk
37.4932,44.9414,99480823,0.0454,synthetic-blacksea-mix,CC0-1.0,Anapa
28.0223,43.8858,719182,0.0451,synthetic-blacksea-mix,CC0-1.0,offshore
39.5288,43.9628,96808315,0.0000,synthetic-blacksea-mix,CC0-1.0,Sochi
40.1075,43.9294,94190814,0.0000,synthetic-blacksea-mix,CC0-1.0,offshore
37.0105,44.9708,7186808,0.0000,synthetic-blacksea-mix,CC0-1.0,Anapa
39.6397,43.6059,57180273,0.4708,synthetic-blacksea-mix,CC0-1.0,Sochi
37.5695,44.8262,111704465,0.2812,synthetic-blacksea-mix,CC0-1.0,Novorossiysk
32.8793,44.9159,154414214,0.0244,synthetic-blacksea-mix,CC0-1.0,offshore
37.4635,44.9643,90448776,0.2924,synthetic-blacksea-mix,CC0-1.0,Anapa
27.2879,42.4837,119060494,0.1398,synthetic-blacksea-mix,CC0-1.0,Burgas
39.5578,40.9098,135030907,0.0985,synthetic-blacksea-mix,CC0-1.0,Trabzon
38.9275,41.2006,76475482,0.0085,synthetic-blacksea-mix,CC0-1.0,offshore
28.5480,44.2031,97744666,0.0901,synthetic-blacksea-mix,CC0-1.0,Constanta
39.7827,43.4356,35332462,0.0000,synthetic-blacksea-mix,CC0-1.0,Sochi
32.7730,44.7862,58799968,0.0167,synthetic-blacksea-mix,CC0-1.0,offshore
40.1737,43.7063,116522570,0.1767,synthetic-blacksea-mix,CC0-1.0,Sochi
39.5704,43.8977,70210618,0.0000,synthetic-blacksea-mix,CC0-1.0,Sochi
37.2164,44.4425,54121690,0.1366,synthetic-blacksea-mix,CC0-1.0,Anapa
39.7195,43.5893,93013242,0.1857,synthetic-blacksea-mix,CC0-1.0,Sochi
28.7924,44.2152,83817758,0.2602,synthetic-blacksea-mix,CC0-1.0,Constanta
39.9027,40.7223,65199845,0.0452,synthetic-blacksea-mix,CC0-1.0,Trabzon
37.8142,44.9442,154044958,0.0611,synthetic-blacksea-mix,CC0-1.0,Novorossiysk
28.6973,44.4842,102679547,0.0964,synthetic-blacksea-mix,CC0-1.0,Constanta
29.1116,44.3649,80300093,0.0000,synthetic-blacksea-mix,CC0-1.0,offshore
37.8188,44.7089,52551260,0.7204,synthetic-blacksea-mix,CC0-1.0,Novorossiysk
39.9022,40.9887,15734876,0.1993,synthetic-blacksea-mix,CC0-1.0,Trabzon
28.3647,44.2823,137107535,0.1783,synthetic-blacksea-mix,CC0-1.0,Constanta
28.9345,44.5636,150239256,0.0691,synthetic-blacksea-mix,CC0-1.0,Constanta
37.6520,44.8252,75598555,0.2458,synthetic-blacksea-mix,CC0-1.0,Novorossiysk
39.7111,40.9661,79178097,0.5489,synthetic-blacksea-mix,CC0-1.0,Trabzon
39.8228,43.6761,17033185,0.5132,synthetic-blacksea-mix,CC0-1.0,Sochi
39.4051,43.5870,29654492,0.0817,synthetic-blacksea-mix,CC0-1.0,Sochi
27.4495,42.6308,151113597,0.1889,synthetic-blacksea-mix,CC0-1.0,Burgas
37.3824,45.0623,98920762,0.0556,synthetic-blacksea-mix,CC0-1.0,Anapa
39.9187,40.5234,27462061,0.0205,synthetic-blacksea-mix,CC0-1.0,offshore
28.4413,44.1623,112879686,0.2600,synthetic-blacksea-mix,CC0-1.0,Constanta
39.3917,41.3264,154652959,0.0295,synthetic-blacksea-mix,CC0-1.0,Trabzon
40.1336,43.2251,66102296,0.0588,synthetic-blacksea-mix,CC0-1.0,offshore
36.9077,44.6867,142821168,0.0307,synthetic-blacksea-mix,CC0-1.0,Anapa
40.2463,43.3169,15854151,0.1122,synthetic-blacksea-mix,CC0-1.0,offshore
27.6606,42.3858,148711731,0.1702,synthetic-blacksea-mix,CC0-1.0,Burgas
28.8632,44.1452,34466527,0.0974,synthetic-blacksea-mix,CC0-1.0,Constanta
39.3010,43.4491,2602866,0.0259,synthetic-blacksea-mix,CC0-1.0,Sochi
28.4371,44.4738,94147022,0.0256,synthetic-blacksea-mix,CC0-1.0,Constanta
37.2424,45.1390,141659836,0.2687,synthetic-blacksea-mix,CC0-1.0,Anapa
39.8138,40.6548,152675214,0.1096,synthetic-blacksea-mix,CC0-1.0,Trabzon
39.8196,40.5717,108918948,0.0000,synthetic-blacksea-mix,CC0-1.0,Trabzon
28.7824,44.1065,124062588,0.0192,synthetic-blacksea-mix,CC0-1.0,Constanta
38.1464,44.8381,107676964,0.1187,synthetic-blacksea-mix,CC0-1.0,Novorossiysk
39.7096,40.8293,122422349,0.2619,synthetic-blacksea-mix,CC0-1.0,Trabzon
37.1729,44.9604,116886989,0.5458,synthetic-blacksea-mix,CC0-1.0,Anapa
39.1251,41.0363,22118677,0.0086,synthetic-blacksea-mix,CC0-1.0,offshore
39.7173,40.7164,80786945,0.2107,synthetic-blacksea-mix,CC0-1.0,Trabzon
37.1013,44.7022,6772329,0.0000,synthetic-blacksea-mix,CC0-1.0,Anapa
27.7799,42.5219,87635367,0.0268,synthetic-blacksea-mix,CC0-1.0,Burgas
37.6639,44.8304,72615606,0.1340,synthetic-blacksea-mix,CC0-1.0,Novorossiysk
39.7792,41.0645,122488114,0.3508,synthetic-blacksea-mix,CC0-1.0,Trabzon
37.5846,44.8554,65303217,0.0000,synthetic-blacksea-mix,CC0-1.0,Novorossiysk
37.4369,44.5592,129454979,0.0194,synthetic-blacksea-mix,CC0-1.0,Anapa
38.0443,44.4805,109969797,0.1631,synthetic-blacksea-mix,CC0-1.0,Novorossiysk
39.8269,43.3378,129881698,0.0000,synthetic-blacksea-mix,CC0-1.0,Sochi
38.1502,44.6952,124332765,0.0000,synthetic-blacksea-mix,CC0-1.0,Novorossiysk
32.9432,44.3193,2835747,0.0347,synthetic-blacksea-mix,CC0-1.0,offshore
39.4698,41.1674,101308660,0.0000,synthetic-blacksea-mix,CC0-1.0,Trabzon
39.7187,41.0757,78332847,0.3702,synthetic-blacksea-mix,CC0-1.0,Trabzon
39.6870,40.7336,10774858,0.1147,synthetic-blacksea-mix,CC0-1.0,Trabzon
37.4465,44.4110,86099928,0.1070,synthetic-blacksea-mix,CC0-1.0,Novorossiysk
29.2156,44.2759,6154921,0.0198,synthetic-blacksea-mix,CC0-1.0,offshore
37.2644,44.6191,39682756,0.0446,synthetic-blacksea-mix,CC0-1.0,Anapa
27.9416,44.0022,6073134,0.1028,synthetic-blacksea-mix,CC0-1.0,offshore
27.2303,42.4708,54426418,0.1101,synthetic-blacksea-mix,CC0-1.0,Burgas
37.6978,45.2174,150190150,0.0089,synthetic-blacksea-mix,CC0-1.0,Anapa
39.8235,40.7715,86583423,0.2673,synthetic-blacksea-mix,CC0-1.0,Trabzon
27.2478,42.2351,5662414,0.0980,synthetic-blacksea-mix,CC0-1.0,Burgas
39.4448,43.5482,89354185,0.1849,synthetic-blacksea-mix,CC0-1.0,Sochi
37.9928,44.7826,124055683,0.1241,synthetic-blacksea-mix,CC0-1.0,Novorossiysk
39.6808,43.3815,25115330,0.3458,synthetic-blacksea-mix,CC0-1.0,Sochi
37.5199,44.7871,83601965,0.2920,synthetic-blacksea-mix,CC0-1.0,Anapa
36.9736,44.9389,151481613,0.1225,synthetic-blacksea-mix,CC0-1.0,Anapa
37.7819,44.7649,135984367,0.1731,synthetic-blacksea-mix,CC0-1.0,Novorossiysk
37.5286,44.8354,96833221,0.0927,synthetic-blacksea-mix,CC0-1.0,Anapa
27.4143,42.7254,99303222,0.0000,synthetic-blacksea-mix,CC0-1.0,Burgas
34.6696,44.4119,138814549,0.0893,synthetic-blacksea-mix,CC0-1.0,offshore
39.1469,43.7899,130988783,0.0238,synthetic-blacksea-mix,CC0-1.0,offshore
37.5436,44.7426,126036121,0.0000,synthetic-blacksea-mix,CC0-1.0,Novorossiysk
28.5377,44.4311,152100363,0.0072,synthetic-blacksea-mix,CC0-1.0,Constanta
33.9004,44.0508,117213431,0.0051,synthetic-blacksea-mix,CC0-1.0,offshore
37.1634,44.8246,72375968,0.1052,synthetic-blacksea-mix,CC0-1.0,Anapa
37.5802,44.7013,75528179,0.0636,synthetic-blacksea-mix,CC0-1.0,Novorossiysk
40.1416,41.0140,146610880,0.1284,synthetic-blacksea-mix,CC0-1.0,Trabzon
28.4054,43.7605,118405328,0.0000,synthetic-blacksea-mix,CC0-1.0,Constanta
39.9529,43.6164,78671136,0.3692,synthetic-blacksea-mix,CC0-1.0,Sochi
40.0869,43.5079,13549361,0.1007,synthetic-blacksea-mix,CC0-1.0,Sochi
39.6019,43.3440,102019009,0.0496,synthetic-blacksea-mix,CC0-1.0,Sochi
39.6819,43.3926,21856529,0.3871,synthetic-blacksea-mix,CC0-1.0,Sochi
37.7482,44.7128,86967499,0.7140,synthetic-blacksea-mix,CC0-1.0,Novorossiysk
37.3968,45.1299,76593149,0.1915,synthetic-blacksea-mix,CC0-1.0,Anapa
28.2459,42.7769,44380309,0.0000,synthetic-blacksea-mix,CC0-1.0,offshore
27.7070,42.3339,124755767,0.0208,synthetic-blacksea-mix,CC0-1.0,Burgas
28.6851,44.3218,23190842,0.2780,synthetic-blacksea-mix,CC0-1.0,Constanta
27.5447,42.4517,98973488,0.0000,synthetic-blacksea-mix,CC0-1.0,Burgas
37.2870,44.7739,128338904,0.0382,synthetic-blacksea-mix,CC0-1.0,Anapa
39.8030,40.8699,131245072,0.0000,synthetic-blacksea-mix,CC0-1.0,Trabzon
28.7491,44.2222,144143407,0.5320,synthetic-blacksea-mix,CC0-1.0,Constanta
39.8692,43.5671,61647319,0.0886,synthetic-blacksea-mix,CC0-1.0,Sochi
39.5198,41.0779,112638651,0.2080,synthetic-blacksea-mix,CC0-1.0,Trabzon
39.7550,43.6849,79284162,0.6540,synthetic-blacksea-mix,CC0-1.0,Sochi
39.8225,41.1171,93141427,0.2405,synthetic-blacksea-mix,CC0-1.0,Trabzon
37.7264,44.9506,121006372,0.0151,synthetic-blacksea-mix,CC0-1.0,Novorossiysk
39.6695,43.3122,123484366,0.0948,synthetic-blacksea-mix,CC0-1.0,Sochi
28.9365,43.6740,60487541,0.0487,synthetic-blacksea-mix,CC0-1.0,offshore
37.4856,45.1871,131069328,0.0000,synthetic-blacksea-mix,CC0-1.0,Anapa
40.5716,41.5447,124219850,0.0397,synthetic-blacksea-mix,CC0-1.0,offshore
37.4175,44.6454,100811118,0.0000,synthetic-blacksea-mix,CC0-1.0,Anapa
27.0980,42.4748,152800489,0.0345,synthetic-blacksea-mix,CC0-1.0,Burgas
37.7358,44.5995,79666850,0.4730,synthetic-blacksea-mix,CC0-1.0,Novorossiysk
39.5984,40.8550,43051138,0.0593,synthetic-blacksea-mix,CC0-1.0,Trabzon
37.7077,45.1185,29441080,0.1101,synthetic-blacksea-mix,CC0-1.0,Novorossiysk
39.6917,43.4769,37914960,0.0519,synthetic-blacksea-mix,CC0-1.0,Sochi
37.2206,44.9582,72892633,0.2012,synthetic-blacksea-mix,CC0-1.0,Anapa
37.9002,44.7524,44409049,0.3383,synthetic-blacksea-mix,CC0-1.0,Novorossiysk
39.9279,40.8905,109066735,0.1556,synthetic-blacksea-mix,CC0-1.0,Trabzon
27.5043,42.7331,43410688,0.1527,synthetic-blacksea-mix,CC0-1.0,Burgas
39.2648,41.0863,111296758,0.1310,synthetic-blacksea-mix,CC0-1.0,Trabzon
39.8012,43.5705,156418211,0.2188,synthetic-blacksea-mix,CC0-1.0,Sochi
39.9203,43.1078,29743645,0.0856,synthetic-blacksea-mix,CC0-1.0,offshore
37.6359,44.8385,23135340,0.2735,synthetic-blacksea-mix,CC0-1.0,Novorossiysk
28.4861,43.9986,140705383,0.2611,synthetic-blacksea-mix,CC0-1.0,Constanta
39.7294,40.8559,17564316,0.3296,synthetic-blacksea-mix,CC0-1.0,Trabzon
28.9810,44.4490,130125984,0.0033,synthetic-blacksea-mix,CC0-1.0,Constanta
37.8242,44.3684,59302141,0.1003,synthetic-blacksea-mix,CC0-1.0,Novorossiysk
34.6230,44.3057,107891168,0.1449,synthetic-blacksea-mix,CC0-1.0,offshore
37.4542,44.5983,11935837,0.0690,synthetic-blacksea-mix,CC0-1.0,Anapa
37.2080,44.9736,145385834,0.6271,synthetic-blacksea-mix,CC0-1.0,Anapa
28.8293,44.3060,92585565,0.0371,synthetic-blacksea-mix,CC0-1.0,Constanta
28.3932,44.1768,70063490,0.1141,synthetic-blacksea-mix,CC0-1.0,Constanta
39.7905,41.2701,97819967,0.0472,synthetic-blacksea-mix,CC0-1.0,Trabzon
37.2460,45.1002,111163639,0.3497,synthetic-blacksea-mix,CC0-1.0,Anapa
27.0359,42.3042,78672153,0.0542,synthetic-blacksea-mix,CC0-1.0,Burgas
28.9615,43.7954,154131230,0.1314,synthetic-blacksea-mix,CC0-1.0,Constanta
36.8877,44.8022,140745454,0.0158,synthetic-blacksea-mix,CC0-1.0,Anapa
39.7503,43.6547,70803942,0.0407,synthetic-blacksea-mix,CC0-1.0,Sochi
38.1492,45.0186,67004757,0.0000,synthetic-blacksea-mix,CC0-1.0,Novorossiysk
27.4757,42.6388,107683430,0.3363,synthetic-blacksea-mix,CC0-1.0,Burgas
27.2739,42.9373,21780480,0.0255,synthetic-blacksea-mix,CC0-1.0,Burgas
37.0501,44.7956,121555860,0.2284,synthetic-blacksea-mix,CC0-1.0,Anapa
37.1905,44.7686,135338108,0.0000,synthetic-blacksea-mix,CC0-1.0,Anapa
32.9172,44.0975,61826110,0.0000,synthetic-blacksea-mix,CC0-1.0,offshore
37.7527,44.4661,71811256,0.1283,synthetic-blacksea-mix,CC0-1.0,Novorossiysk
37.3957,44.5633,157341267,0.0000,synthetic-blacksea-mix,CC0-1.0,Anapa
40.1046,44.0477,88912871,0.0819,synthetic-blacksea-mix,CC0-1.0,offshore
28.7986,44.1370,53095892,0.2493,synthetic-blacksea-mix,CC0-1.0,Constanta
37.6331,45.4308,63147521,0.0000,synthetic-blacksea-mix,CC0-1.0,offshore
39.9010,43.9260,89803116,0.0606,synthetic-blacksea-mix,CC0-1.0,Sochi
28.3512,44.1359,141046897,0.2321,synthetic-blacksea-mix,CC0-1.0,Constanta
37.0733,45.0803,61605693,0.0634,synthetic-blacksea-mix,CC0-1.0,Anapa
37.4945,44.7619,5516294,0.0275,synthetic-blacksea-mix,CC0-1.0,Anapa
39.4867,43.5904,6430152,0.0499,synthetic-blacksea-mix,CC0-1.0,Sochi
28.4010,43.7743,85137385,0.1380,synthetic-blacksea-mix,CC0-1.0,Constanta
37.6380,44.7634,137545252,0.2503,synthetic-blacksea-mix,CC0-1.0,Novorossiysk
36.7934,44.4715,14805277,0.0748,synthetic-blacksea-mix,CC0-1.0,offshore
37.4403,45.0100,87249928,0.4271,synthetic-blacksea-mix,CC0-1.0,Anapa
37.3952,44.6967,79376208,0.0745,synthetic-blacksea-mix,CC0-1.0,Anapa
38.0540,45.0149,50963569,0.1653,synthetic-blacksea-mix,CC0-1.0,Novorossiysk
39.5429,41.5410,129151703,0.0041,synthetic-blacksea-mix,CC0-1.0,offshore
37.3525,44.6826,19734421,0.0961,synthetic-blacksea-mix,CC0-1.0,Anapa
40.0169,43.7584,103844923,0.0874,synthetic-blacksea-mix,CC0-1.0,Sochi
37.8444,44.7702,90236535,0.3163,synthetic-blacksea-mix,CC0-1.0,Novorossiysk
39.6560,40.6421,47895328,0.1583,synthetic-blacksea-mix,CC0-1.0,Trabzon
36.9715,45.0684,73585666,0.0437,synthetic-blacksea-mix,CC0-1.0,Anapa
40.0666,41.0113,120131122,0.1279,synthetic-blacksea-mix,CC0-1.0,Trabzon
37.6887,44.8153,14721284,0.4560,synthetic-blacksea-mix,CC0-1.0,Novorossiysk
28.1352,43.9089,32024814,0.0140,synthetic-blacksea-mix,CC0-1.0,offshore
37.3259,44.8287,126851138,0.0147,synthetic-blacksea-mix,CC0-1.0,Anapa
28.9812,44.4728,102600569,0.0334,synthetic-blacksea-mix,CC0-1.0,Constanta
37.4120,45.2068,20541128,0.1957,synthetic-blacksea-mix,CC0-1.0,Anapa
29.0457,44.4601,48528746,0.0725,synthetic-blacksea-mix,CC0-1.0,Constanta
37.9254,44.6766,60853263,0.2028,synthetic-blacksea-mix,CC0-1.0,Novorossiysk
39.1037,40.6241,127796603,0.0076,synthetic-blacksea-mix,CC0-1.0,offshore
28.3572,44.4540,101905048,0.0686,synthetic-blacksea-mix,CC0-1.0,Constanta
40.1235,40.9213,79642296,0.1336,synthetic-blacksea-mix,CC0-1.0,Trabzon
39.3598,43.3540,84895838,0.1909,synthetic-blacksea-mix,CC0-1.0,Sochi
27.4516,43.0543,120268065,0.0538,synthetic-blacksea-mix,CC0-1.0,offshore
27.1489,42.4034,110810493,0.0373,synthetic-blacksea-mix,CC0-1.0,Burgas
27.6785,42.5482,143809777,0.2337,synthetic-blacksea-mix,CC0-1.0,Burgas
37.4639,44.8166,98396257,0.0065,synthetic-blacksea-mix,CC0-1.0,Anapa
37.2603,44.7343,11188553,0.2436,synthetic-blacksea-mix,CC0-1.0,Anapa
39.8779,40.9812,23677297,0.4692,synthetic-blacksea-mix,CC0-1.0,Trabzon
37.3648,45.0927,109871319,0.4462,synthetic-blacksea-mix,CC0-1.0,Anapa
40.0241,43.9432,1387107,0.0732,synthetic-blacksea-mix,CC0-1.0,Sochi
37.4491,45.0592,16578029,0.4020,synthetic-blacksea-mix,CC0-1.0,Anapa
28.3176,44.3159,94606314,0.0806,synthetic-blacksea-mix,CC0-1.0,Constanta
39.2954,43.4594,121137042,0.0000,synthetic-blacksea-mix,CC0-1.0,Sochi
39.6440,43.9194,55781297,0.1207,synthetic-blacksea-mix,CC0-1.0,Sochi
28.4908,44.1572,60835394,0.0472,synthetic-blacksea-mix,CC0-1.0,Constanta
39.7748,43.4559,131020882,0.0118,synthetic-blacksea-mix,CC0-1.0,Sochi
28.8919,44.0046,81639937,0.1488,synthetic-blacksea-mix,CC0-1.0,Constanta
39.8285,41.0134,138206918,0.1489,synthetic-blacksea-mix,CC0-1.0,Trabzon
37.3254,45.0999,49424690,0.5118,synthetic-blacksea-mix,CC0-1.0,Anapa
37.4630,45.3825,115666212,0.1290,synthetic-blacksea-mix,CC0-1.0,offshore
37.9482,44.6266,142455998,0.3395,synthetic-blacksea-mix,CC0-1.0,Novorossiysk
37.3011,44.8424,42972976,0.0088,synthetic-blacksea-mix,CC0-1.0,Anapa
27.4845,42.8870,93960379,0.0000,synthetic-blacksea-mix,CC0-1.0,Burgas
39.8108,43.7633,63071434,0.0930,synthetic-blacksea-mix,CC0-1.0,Sochi
39.4708,43.4330,94149216,0.0928,synthetic-blacksea-mix,CC0-1.0,Sochi
32.9239,44.4602,79321030,0.0009,synthetic-blacksea-mix,CC0-1.0,offshore
37.1414,44.8938,109149176,0.4057,synthetic-blacksea-mix,CC0-1.0,Anapa
38.0124,45.2058,120177719,0.0486,synthetic-blacksea-mix,CC0-1.0,offshore
29.1192,44.0800,149881452,0.0000,synthetic-blacksea-mix,CC0-1.0,Constanta
39.2840,43.4152,9227964,0.1051,synthetic-blacksea-mix,CC0-1.0,Sochi
37.5800,44.9173,33154322,0.0000,synthetic-blacksea-mix,CC0-1.0,Anapa
39.8041,41.0980,82717979,0.4997,synthetic-blacksea-mix,CC0-1.0,Trabzon
39.4884,43.6511,67998763,0.0055,synthetic-blacksea-mix,CC0-1.0,Sochi
37.4340,44.9966,71058433,0.1969,synthetic-blacksea-mix,CC0-1.0,Anapa
27.4907,42.8695,133065728,0.0244,synthetic-blacksea-mix,CC0-1.0,Burgas
28.7783,43.9649,156148746,0.0478,synthetic-blacksea-mix,CC0-1.0,Constanta
40.0591,43.5375,39007871,0.0794,synthetic-blacksea-mix,CC0-1.0,Sochi
37.6527,44.8132,100721756,0.0332,synthetic-blacksea-mix,CC0-1.0,Novorossiysk
39.4925,43.5405,67612628,0.0899,synthetic-blacksea-mix,CC0-1.0,Sochi
39.8341,43.8174,71022494,0.0364,synthetic-blacksea-mix,CC0-1.0,Sochi
40.1291,43.2881,147633278,0.0888,synthetic-blacksea-mix,CC0-1.0,offshore
36.9921,44.7537,157020324,0.1321,synthetic-blacksea-mix,CC0-1.0,Anapa
39.3646,40.8583,101596685,0.0322,synthetic-blacksea-mix,CC0-1.0,Trabzon
39.9582,41.2157,128205170,0.0569,synthetic-blacksea-mix,CC0-1.0,Trabzon
39.3259,41.2771,75011033,0.0220,synthetic-blacksea-mix,CC0-1.0,Trabzon
39.8862,41.0204,53753216,0.4757,synthetic-blacksea-mix,CC0-1.0,Trabzon
39.7543,43.6205,33092663,0.0062,synthetic-blacksea-mix,CC0-1.0,Sochi
37.6623,44.7535,81357110,0.2234,synthetic-blacksea-mix,CC0-1.0,Novorossiysk
37.7975,44.9490,27590671,0.1503,synthetic-blacksea-mix,CC0-1.0,Novorossiysk
36.8370,44.7783,69252324,0.0000,synthetic-blacksea-mix,CC0-1.0,Anapa
39.3021,41.0221,32085119,0.0204,synthetic-blacksea-mix,CC0-1.0,Trabzon
39.5797,43.7763,105448125,0.1983,synthetic-blacksea-mix,CC0-1.0,Sochi
39.7212,40.7598,125132172,0.1319,synthetic-blacksea-mix,CC0-1.0,Trabzon
27.9507,42.1797,12491599,0.0000,synthetic-blacksea-mix,CC0-1.0,offshore
37.5301,45.2504,117412094,0.1788,synthetic-blacksea-mix,CC0-1.0,Anapa
37.8066,44.4003,27562759,0.0982,synthetic-blacksea-mix,CC0-1.0,Novorossiysk
27.6313,42.6997,95792391,0.0562,synthetic-blacksea-mix,CC0-1.0,Burgas
32.7897,44.4734,13703274,0.0000,synthetic-blacksea-mix,CC0-1.0,offshore
27.6113,42.3215,21723866,0.2280,synthetic-blacksea-mix,CC0-1.0,Burgas
38.2252,44.5785,97943929,0.1275,synthetic-blacksea-mix,CC0-1.0,Novorossiysk
37.3755,44.7251,83532277,0.5787,synthetic-blacksea-mix,CC0-1.0,Anapa
32.9361,44.5917,131361817,0.0634,synthetic-blacksea-mix,CC0-1.0,offshore
39.7546,43.4557,117205275,0.5261,synthetic-blacksea-mix,CC0-1.0,Sochi
28.6095,44.5104,134643476,0.0158,synthetic-blacksea-mix,CC0-1.0,Constanta
28.3518,43.8935,55893245,0.0199,synthetic-blacksea-mix,CC0-1.0,Constanta
40.0475,40.5309,63248295,0.0000,synthetic-blacksea-mix,CC0-1.0,offshore
27.5534,42.7118,109609595,0.1726,synthetic-blacksea-mix,CC0-1.0,Burgas
37.7798,44.5970,63275963,0.0325,synthetic-blacksea-mix,CC0-1.0,Novorossiysk
39.8895,43.4715,142805050,0.3863,synthetic-blacksea-mix,CC0-1.0,Sochi
40.2388,40.9176,76601070,0.0547,synthetic-blacksea-mix,CC0-1.0,offshore
37.9402,44.8265,143796218,0.4160,synthetic-blacksea-mix,CC0-1.0,Novorossiysk
29.3832,44.3139,30888437,0.0000,synthetic-blacksea-mix,CC0-1.0,offshore
28.3079,43.6665,137916196,0.0000,synthetic-blacksea-mix,CC0-1.0,offshore
37.4574,44.9628,100532485,0.0196,synthetic-blacksea-mix,CC0-1.0,Anapa
39.6273,43.3996,39201788,0.1596,synthetic-blacksea-mix,CC0-1.0,Sochi
29.0340,44.2262,121621345,0.0000,synthetic-blacksea-mix,CC0-1.0,Constanta
39.7299,43.1942,29176564,0.0198,synthetic-blacksea-mix,CC0-1.0,Sochi
37.8645,44.8131,26920652,0.2722,synthetic-blacksea-mix,CC0-1.0,Novorossiysk
39.5993,43.3543,76735415,0.1969,synthetic-blacksea-mix,CC0-1.0,Sochi
27.7222,42.6098,59753530,0.0613,synthetic-blacksea-mix,CC0-1.0,Burgas
34.7841,44.6217,111735743,0.1121,synthetic-blacksea-mix,CC0-1.0,offshore
39.6858,40.7732,98873823,0.0144,synthetic-blacksea-mix,CC0-1.0,Trabzon
32.8546,44.1853,142278442,0.0000,synthetic-blacksea-mix,CC0-1.0,offshore
38.0134,45.2397,19335640,0.0699,synthetic-blacksea-mix,CC0-1.0,offshore
40.2827,41.5105,1154434,0.0000,synthetic-blacksea-mix,CC0-1.0,offshore
27.6193,42.0528,63152938,0.0000,synthetic-blacksea-mix,CC0-1.0,Burgas
37.5154,44.9470,15172475,0.3437,synthetic-blacksea-mix,CC0-1.0,Anapa
37.8735,44.4525,76817454,0.2640,synthetic-blacksea-mix,CC0-1.0,Novorossiysk
36.9638,44.7099,103180551,0.0000,synthetic-blacksea-mix,CC0-1.0,Anapa
36.9721,44.9854,36540138,0.0208,synthetic-blacksea-mix,CC0-1.0,Anapa
36.9027,44.7457,69289502,0.0186,synthetic-blacksea-mix,CC0-1.0,Anapa
37.7998,44.5679,136733766,0.1389,synthetic-blacksea-mix,CC0-1.0,Novorossiysk
37.3971,44.6619,35006238,0.0658,synthetic-blacksea-mix,CC0-1.0,Anapa
39.6362,41.0539,16147265,0.4429,synthetic-blacksea-mix,CC0-1.0,Trabzon
37.5440,44.4795,51399045,0.1749,synthetic-blacksea-mix,CC0-1.0,Novorossiysk
39.7611,43.4149,59046780,0.2486,synthetic-blacksea-mix,CC0-1.0,Sochi
37.9062,44.7780,32496281,0.0599,synthetic-blacksea-mix,CC0-1.0,Novorossiysk
40.0524,40.9344,116977815,0.2461,synthetic-blacksea-mix,CC0-1.0,Trabzon
27.4047,41.9449,112922171,0.1081,synthetic-blacksea-mix,CC0-1.0,offshore
37.8964,44.6131,15762846,0.5411,synthetic-blacksea-mix,CC0-1.0,Novorossiysk
28.6516,43.9758,91635640,0.0316,synthetic-blacksea-mix,CC0-1.0,Constanta
37.3289,44.9006,134255259,0.0566,synthetic-blacksea-mix,CC0-1.0,Anapa
27.8249,42.8194,104496249,0.0372,synthetic-blacksea-mix,CC0-1.0,Burgas
39.4072,40.9709,8023402,0.1183,synthetic-blacksea-mix,CC0-1.0,Trabzon
27.5702,42.3898,46001768,0.2513,synthetic-blacksea-mix,CC0-1.0,Burgas
39.3912,40.8384,153225939,0.1952,synthetic-blacksea-mix,CC0-1.0,Trabzon
37.0841,44.8312,1409603,0.0124,synthetic-blacksea-mix,CC0-1.0,Anapa
39.8066,43.5592,125353547,0.2397,synthetic-blacksea-mix,CC0-1.0,Sochi
37.4812,44.7087,51288264,0.3185,synthetic-blacksea-mix,CC0-1.0,Anapa
27.0525,42.3497,139420353,0.0086,synthetic-blacksea-mix,CC0-1.0,Burgas
28.6775,44.1073,41580062,0.2235,synthetic-blacksea-mix,CC0-1.0,Constanta
38.1308,44.5221,35386614,0.0007,synthetic-blacksea-mix,CC0-1.0,Novorossiysk
39.4567,43.5023,91940807,0.0000,synthetic-blacksea-mix,CC0-1.0,Sochi
37.0040,45.0606,116040147,0.2432,synthetic-blacksea-mix,CC0-1.0,Anapa
27.9835,42.2072,43917238,0.0201,synthetic-blacksea-mix,CC0-1.0,offshore
37.8989,44.8361,107572889,0.3173,synthetic-blacksea-mix,CC0-1.0,Novorossiysk
40.1542,40.4809,5604732,0.0000,synthetic-blacksea-mix,CC0-1.0,offshore
36.8346,44.6509,31294194,0.0451,synthetic-blacksea-mix,CC0-1.0,offshore
27.3814,42.3866,36987968,0.0199,synthetic-blacksea-mix,CC0-1.0,Burgas
37.6359,44.7995,146032339,0.2250,synthetic-blacksea-mix,CC0-1.0,Novorossiysk
29.0799,44.1479,145275950,0.1187,synthetic-blacksea-mix,CC0-1.0,Constanta
37.7587,44.8867,81737020,0.4197,synthetic-blacksea-mix,CC0-1.0,Novorossiysk
29.6528,43.7898,34399896,0.0321,synthetic-blacksea-mix,CC0-1.0,offshore
39.1471,43.6127,54070373,0.0996,synthetic-blacksea-mix,CC0-1.0,offshore
37.4713,45.0321,96569358,0.0000,synthetic-blacksea-mix,CC0-1.0,Anapa
37.9458,44.4456,64031872,0.0275,synthetic-blacksea-mix,CC0-1.0,Novorossiysk
28.7137,44.5097,129216367,0.0000,synthetic-blacksea-mix,CC0-1.0,Constanta
37.5759,44.6433,96926319,0.0000,synthetic-blacksea-mix,CC0-1.0,Novorossiysk
37.5718,44.9375,141237488,0.1566,synthetic-blacksea-mix,CC0-1.0,Anapa
39.8506,40.8296,27840569,0.1890,synthetic-blacksea-mix,CC0-1.0,Trabzon
37.4364,45.1150,89456037,0.1282,synthetic-blacksea-mix,CC0-1.0,Anapa
38.3031,44.6616,133140604,0.0000,synthetic-blacksea-mix,CC0-1.0,offshore
37.6693,44.9700,144661695,0.2376,synthetic-blacksea-mix,CC0-1.0,Novorossiysk
39.3510,43.8344,148831336,0.0671,synthetic-blacksea-mix,CC0-1.0,Sochi
39.6983,40.4586,98679944,0.0000,synthetic-blacksea-mix,CC0-1.0,offshore
37.2958,44.7649,33119578,0.0746,synthetic-blacksea-mix,CC0-1.0,Anapa
39.7324,43.4735,79791242,0.6226,synthetic-blacksea-mix,CC0-1.0,Sochi
28.8525,44.1425,13663834,0.3080,synthetic-blacksea-mix,CC0-1.0,Constanta
37.2215,45.0870,69235709,0.0627,synthetic-blacksea-mix,CC0-1.0,Anapa
27.3914,42.5559,157562846,0.0371,synthetic-blacksea-mix,CC0-1.0,Burgas
37.6676,44.6352,24236768,0.0000,synthetic-blacksea-mix,CC0-1.0,Novorossiysk
37.8173,44.4983,117620088,0.2789,synthetic-blacksea-mix,CC0-1.0,Novorossiysk
37.4240,44.9527,104752442,0.2229,synthetic-blacksea-mix,CC0-1.0,Anapa
39.5386,43.5704,116359819,0.3819,synthetic-blacksea-mix,CC0-1.0,Sochi
39.2374,40.4987,91343008,0.1061,synthetic-blacksea-mix,CC0-1.0,offshore
28.8190,44.3506,88794882,0.1023,synthetic-blacksea-mix,CC0-1.0,Constanta
39.6829,43.3234,23539043,0.2595,synthetic-blacksea-mix,CC0-1.0,Sochi
37.1168,44.6863,96111709,0.0000,synthetic-blacksea-mix,CC0-1.0,Anapa
27.6271,42.4687,133542490,0.0837,synthetic-blacksea-mix,CC0-1.0,Burgas
29.0110,44.0116,33356863,0.0460,synthetic-blacksea-mix,CC0-1.0,Constanta
37.7404,45.0662,11133627,0.0778,synthetic-blacksea-mix,CC0-1.0,Novorossiysk
28.4371,44.1819,106728268,0.2981,synthetic-blacksea-mix,CC0-1.0,Constanta
39.8256,41.0662,21858285,0.5403,synthetic-blacksea-mix,CC0-1.0,Trabzon
37.1948,44.9925,15984168,0.4558,synthetic-blacksea-mix,CC0-1.0,Anapa
39.8885,43.1941,120999067,0.1070,synthetic-blacksea-mix,CC0-1.0,Sochi
27.4567,42.2468,101003715,0.1331,synthetic-blacksea-mix,CC0-1.0,Burgas
29.0773,43.9400,20034484,0.0613,synthetic-blacksea-mix,CC0-1.0,Constanta
39.3885,40.8283,155791263,0.0235,synthetic-blacksea-mix,CC0-1.0,Trabzon
27.4136,42.3557,128990715,0.0325,synthetic-blacksea-mix,CC0-1.0,Burgas
29.3738,44.3276,142722592,0.0140,synthetic-blacksea-mix,CC0-1.0,offshore
37.7984,44.6297,58996808,0.3232,synthetic-blacksea-mix,CC0-1.0,Novorossiysk
39.4362,43.5596,143481471,0.1591,synthetic-blacksea-mix,CC0-1.0,Sochi
37.4619,45.2207,148363111,0.2103,synthetic-blacksea-mix,CC0-1.0,Anapa
28.5111,44.2478,80846749,0.3850,synthetic-blacksea-mix,CC0-1.0,Constanta
37.6791,44.6422,99184374,0.0245,synthetic-blacksea-mix,CC0-1.0,Novorossiysk
37.4153,44.8040,62145060,0.2298,synthetic-blacksea-mix,CC0-1.0,Anapa
27.7558,42.7935,83375249,0.1534,synthetic-blacksea-mix,CC0-1.0,Burgas
36.9122,44.8997,102595606,0.0679,synthetic-blacksea-mix,CC0-1.0,Anapa
27.1454,42.5903,99988574,0.0415,synthetic-blacksea-mix,CC0-1.0,Burgas
28.6624,43.8183,65594629,0.0475,synthetic-blacksea-mix,CC0-1.0,Constanta
27.3638,42.5905,66711168,0.0862,synthetic-blacksea-mix,CC0-1.0,Burgas
37.7197,44.5288,25400949,0.3213,synthetic-blacksea-mix,CC0-1.0,Novorossiysk
36.9998,45.0239,137482921,0.0558,synthetic-blacksea-mix,CC0-1.0,Anapa
28.8703,44.0918,27423588,0.0159,synthetic-blacksea-mix,CC0-1.0,Constanta
28.6235,44.2232,49474854,0.5940,synthetic-blacksea-mix,CC0-1.0,Constanta
27.5573,42.3804,64633145,0.0169,synthetic-blacksea-mix,CC0-1.0,Burgas
39.6356,40.9739,129840295,0.1248,synthetic-blacksea-mix,CC0-1.0,Trabzon
27.9614,42.3666,86695034,0.0000,synthetic-blacksea-mix,CC0-1.0,offshore
37.4375,44.6411,94162772,0.0657,synthetic-blacksea-mix,CC0-1.0,Anapa
39.3815,43.6391,153494963,0.1681,synthetic-blacksea-mix,CC0-1.0,Sochi
37.4673,44.8371,121143023,0.3378,synthetic-blacksea-mix,CC0-1.0,Anapa
38.9368,43.7143,111480518,0.0703,synthetic-blacksea-mix,CC0-1.0,offshore
37.5961,44.7176,152119085,0.1819,synthetic-blacksea-mix,CC0-1.0,Novorossiysk
39.5424,43.6545,58323273,0.1876,synthetic-blacksea-mix,CC0-1.0,Sochi
28.8774,44.3651,131368772,0.0547,synthetic-blacksea-mix,CC0-1.0,Constanta
37.3786,44.7974,37400366,0.0645,synthetic-blacksea-mix,CC0-1.0,Anapa
40.4960,43.4885,157348275,0.0000,synthetic-blacksea-mix,CC0-1.0,offshore
37.9021,44.6475,4420973,0.0000,synthetic-blacksea-mix,CC0-1.0,Novorossiysk
27.5014,42.5198,112795564,0.5088,synthetic-blacksea-mix,CC0-1.0,Burgas
38.2458,44.6881,141945013,0.0754,synthetic-blacksea-mix,CC0-1.0,Novorossiysk
28.4543,44.1985,152345813,0.0147,synthetic-blacksea-mix,CC0-1.0,Constanta
27.3739,42.5205,145691976,0.4897,synthetic-blacksea-mix,CC0-1.0,Burgas
37.6884,44.5679,45675287,0.4094,synthetic-blacksea-mix,CC0-1.0,Novorossiysk
40.0216,40.8638,91939661,0.1635,synthetic-blacksea-mix,CC0-1.0,Trabzon
28.6766,43.9041,130339496,0.0000,synthetic-blacksea-mix,CC0-1.0,Constanta
37.1932,44.7000,80210835,0.5038,synthetic-blacksea-mix,CC0-1.0,Anapa
37.9061,44.5422,47628921,0.2839,synthetic-blacksea-mix,CC0-1.0,Novorossiysk
28.7178,44.6766,87225196,0.0656,synthetic-blacksea-mix,CC0-1.0,offshore
37.7480,44.7934,110910291,0.6908,synthetic-blacksea-mix,CC0-1.0,Novorossiysk
28.6417,44.0487,138400981,0.3887,synthetic-blacksea-mix,CC0-1.0,Constanta
37.7698,44.6784,34615923,0.0959,synthetic-blacksea-mix,CC0-1.0,Novorossiysk
39.6693,43.6792,29789088,0.1719,synthetic-blacksea-mix,CC0-1.0,Sochi
40.0663,43.6493,129172694,0.0382,synthetic-blacksea-mix,CC0-1.0,Sochi
37.3877,44.7302,126828655,0.0798,synthetic-blacksea-mix,CC0-1.0,Anapa
40.3027,41.2662,119778155,0.1051,synthetic-blacksea-mix,CC0-1.0,offshore
37.7631,44.6883,71504636,0.2218,synthetic-blacksea-mix,CC0-1.0,Novorossiysk
39.8268,41.3125,133704056,0.0000,synthetic-blacksea-mix,CC0-1.0,Trabzon
39.7253,41.2246,44787542,0.1530,synthetic-blacksea-mix,CC0-1.0,Trabzon
36.7810,44.5251,123234274,0.0000,synthetic-blacksea-mix,CC0-1.0,offshore
39.8153,41.0341,30756183,0.3974,synthetic-blacksea-mix,CC0-1.0,Trabzon
37.4546,44.7048,91248168,0.1431,synthetic-blacksea-mix,CC0-1.0,Anapa
28.5178,44.5467,28302309,0.0000,synthetic-blacksea-mix,CC0-1.0,Constanta
27.5747,42.6098,104116796,0.1601,synthetic-blacksea-mix,CC0-1.0,Burgas
29.4275,44.1154,116926040,0.0000,synthetic-blacksea-mix,CC0-1.0,offshore
36.9075,44.5189,7386822,0.0000,synthetic-blacksea-mix,CC0-1.0,offshore
39.9182,41.3881,20605012,0.1996,synthetic-blacksea-mix,CC0-1.0,Trabzon
39.4113,40.7489,66408743,0.0000,synthetic-blacksea-mix,CC0-1.0,Trabzon
37.7817,45.0629,239549,0.0000,synthetic-blacksea-mix,CC0-1.0,Novorossiysk
37.4646,44.6891,124743101,0.1223,synthetic-blacksea-mix,CC0-1.0,Anapa
39.5528,43.8009,5104907,0.0000,synthetic-blacksea-mix,CC0-1.0,Sochi
39.3512,43.7115,21322561,0.1620,synthetic-blacksea-mix,CC0-1.0,Sochi
37.4501,44.8069,28574458,0.1378,synthetic-blacksea-mix,CC0-1.0,Anapa
27.2798,42.4088,35662579,0.0271,synthetic-blacksea-mix,CC0-1.0,Burgas
27.4062,42.2317,139306469,0.1984,synthetic-blacksea-mix,CC0-1.0,Burgas
36.9057,44.5542,153567855,0.0180,synthetic-blacksea-mix,CC0-1.0,offshore
37.5966,45.0615,55290967,0.1155,synthetic-blacksea-mix,CC0-1.0,Anapa
39.7819,43.6092,42958856,0.3511,synthetic-blacksea-mix,CC0-1.0,Sochi
39.7450,40.3681,109927497,0.0319,synthetic-blacksea-mix,CC0-1.0,offshore
39.5533,43.4510,43102693,0.1337,synthetic-blacksea-mix,CC0-1.0,Sochi
39.4848,41.0357,142347770,0.2507,synthetic-blacksea-mix,CC0-1.0,Trabzon
37.7163,44.6011,330049,0.1431,synthetic-blacksea-mix,CC0-1.0,Novorossiysk
37.5331,44.5321,100930972,0.0000,synthetic-blacksea-mix,CC0-1.0,Novorossiysk
40.0446,43.7850,91537523,0.1658,synthetic-blacksea-mix,CC0-1.0,Sochi
27.5013,42.3376,51027555,0.2516,synthetic-blacksea-mix,CC0-1.0,Burgas
28.9455,44.4034,53934682,0.1792,synthetic-blacksea-mix,CC0-1.0,Constanta
36.8612,44.9733,136546133,0.1325,synthetic-blacksea-mix,CC0-1.0,Anapa
37.0397,45.0170,52898607,0.2685,synthetic-blacksea-mix,CC0-1.0,Anapa
37.0857,44.9934,17012365,0.3403,synthetic-blacksea-mix,CC0-1.0,Anapa
39.5164,43.6850,72426370,0.0491,synthetic-blacksea-mix,CC0-1.0,Sochi
28.4066,43.6878,110917872,0.0613,synthetic-blacksea-mix,CC0-1.0,offshore
38.0818,44.9438,91311269,0.1223,synthetic-blacksea-mix,CC0-1.0,Novorossiysk
39.7786,43.6446,35529966,0.0226,synthetic-blacksea-mix,CC0-1.0,Sochi
27.2604,42.3886,5505061,0.0699,synthetic-blacksea-mix,CC0-1.0,Burgas
37.8753,44.7655,34663925,0.1085,synthetic-blacksea-mix,CC0-1.0,Novorossiysk
40.1496,41.0660,25941546,0.0859,synthetic-blacksea-mix,CC0-1.0,Trabzon
36.8411,44.8174,78330906,0.1377,synthetic-blacksea-mix,CC0-1.0,Anapa
37.6778,44.6471,46859720,0.5221,synthetic-blacksea-mix,CC0-1.0,Novorossiysk
28.4598,43.6177,75088879,0.1082,synthetic-blacksea-mix,CC0-1.0,offshore
39.8283,43.4998,31848897,0.1590,synthetic-blacksea-mix,CC0-1.0,Sochi
39.6149,41.1051,142675095,0.3644,synthetic-blacksea-mix,CC0-1.0,Trabzon
39.8326,40.7271,135807653,0.0456,synthetic-blacksea-mix,CC0-1.0,Trabzon
37.9556,44.8893,52622249,0.3769,synthetic-blacksea-mix,CC0-1.0,Novorossiysk
39.7401,43.5780,68369775,0.0388,synthetic-blacksea-mix,CC0-1.0,Sochi
37.6875,44.9571,74168962,0.0460,synthetic-blacksea-mix,CC0-1.0,Novorossiysk
28.5971,44.1968,42701580,0.3728,synthetic-blacksea-mix,CC0-1.0,Constanta
39.5313,43.6847,13309954,0.2485,synthetic-blacksea-mix,CC0-1.0,Sochi
37.3822,45.0058,147104571,0.5960,synthetic-blacksea-mix,CC0-1.0,Anapa
39.5093,40.7946,66830092,0.0793,synthetic-blacksea-mix,CC0-1.0,Trabzon
37.2717,44.7846,75400655,0.1487,synthetic-blacksea-mix,CC0-1.0,Anapa
37.9376,44.7604,111548590,0.5121,synthetic-blacksea-mix,CC0-1.0,Novorossiysk
37.3844,44.5815,45535947,0.1899,synthetic-blacksea-mix,CC0-1.0,Anapa
37.6016,44.7195,87010016,0.2323,synthetic-blacksea-mix,CC0-1.0,Novorossiysk
39.5431,40.8851,130123064,0.0082,synthetic-blacksea-mix,CC0-1.0,Trabzon
37.7198,44.9960,125234795,0.0414,synthetic-blacksea-mix,CC0-1.0,Novorossiysk
28.6492,44.2814,46374613,0.4221,synthetic-blacksea-mix,CC0-1.0,Constanta
39.5500,40.8245,140196136,0.1408,synthetic-blacksea-mix,CC0-1.0,Trabzon
28.7794,44.4021,154238248,0.0420,synthetic-blacksea-mix,CC0-1.0,Constanta
37.8232,44.5135,151497754,0.3638,synthetic-blacksea-mix,CC0-1.0,Novorossiysk
38.2507,44.6687,70031489,0.0186,synthetic-blacksea-mix,CC0-1.0,Novorossiysk
37.4005,44.6985,145524926,0.3727,synthetic-blacksea-mix,CC0-1.0,Anapa
37.3989,44.8930,91327405,0.4111,synthetic-blacksea-mix,CC0-1.0,Anapa
39.5667,43.2358,5939369,0.0000,synthetic-blacksea-mix,CC0-1.0,Sochi
36.8285,45.1810,65275358,0.0359,synthetic-blacksea-mix,CC0-1.0,offshore
39.9549,43.7672,126767579,0.0000,synthetic-blacksea-mix,CC0-1.0,Sochi
37.5401,44.6031,22779023,0.3304,synthetic-blacksea-mix,CC0-1.0,Novorossiysk
37.2197,44.5816,119266046,0.2511,synthetic-blacksea-mix,CC0-1.0,Anapa
28.8745,44.1731,42523480,0.2219,synthetic-blacksea-mix,CC0-1.0,Constanta
38.0359,44.9309,40037050,0.0173,synthetic-blacksea-mix,CC0-1.0,Novorossiysk
39.8165,41.2096,72472496,0.0346,synthetic-blacksea-mix,CC0-1.0,Trabzon
37.9859,44.7623,16439691,0.2592,synthetic-blacksea-mix,CC0-1.0,Novorossiysk
39.9780,40.5854,24974041,0.0672,synthetic-blacksea-mix,CC0-1.0,Trabzon
39.5566,41.0220,70140573,0.0000,synthetic-blacksea-mix,CC0-1.0,Trabzon
27.5713,42.3302,91414101,0.0996,synthetic-blacksea-mix,CC0-1.0,Burgas
38.1694,44.7047,73832868,0.0563,synthetic-blacksea-mix,CC0-1.0,Novorossiysk
40.1570,43.8656,74847053,0.0000,synthetic-blacksea-mix,CC0-1.0,offshore
29.0090,44.4636,144394409,0.0478,synthetic-blacksea-mix,CC0-1.0,Constanta
27.1754,42.3413,125970503,0.0358,synthetic-blacksea-mix,CC0-1.0,Burgas
27.4113,42.6989,152670913,0.1374,synthetic-blacksea-mix,CC0-1.0,Burgas
37.4739,45.1550,39055356,0.0892,synthetic-blacksea-mix,CC0-1.0,Anapa
37.7829,44.8529,121321747,0.3978,synthetic-blacksea-mix,CC0-1.0,Novorossiysk
38.2506,44.6090,60080770,0.0721,synthetic-blacksea-mix,CC0-1.0,Novorossiysk
39.8815,43.3005,103008289,0.0494,synthetic-blacksea-mix,CC0-1.0,Sochi
36.9920,44.7314,153694878,0.0406,synthetic-blacksea-mix,CC0-1.0,Anapa
37.8356,44.7967,60762378,0.0709,synthetic-blacksea-mix,CC0-1.0,Novorossiysk
39.8112,41.1253,71140592,0.0000,synthetic-blacksea-mix,CC0-1.0,Trabzon
38.0069,45.1004,153953610,0.0900,synthetic-blacksea-mix,CC0-1.0,Novorossiysk
28.5911,44.2410,138782030,0.3246,synthetic-blacksea-mix,CC0-1.0,Constanta
27.9428,42.5321,89527667,0.0284,synthetic-blacksea-mix,CC0-1.0,Burgas
39.5581,40.9207,40078144,0.0092,synthetic-blacksea-mix,CC0-1.0,Trabzon
37.0321,44.8943,134836302,0.0000,synthetic-blacksea-mix,CC0-1.0,Anapa
39.5285,43.4944,62457392,0.1331,synthetic-blacksea-mix,CC0-1.0,Sochi
39.4060,43.3519,134841897,0.0315,synthetic-blacksea-mix,CC0-1.0,Sochi
40.0863,43.8230,115923550,0.0108,synthetic-blacksea-mix,CC0-1.0,Sochi
36.9718,44.9158,86404584,0.1993,synthetic-blacksea-mix,CC0-1.0,Anapa
27.7718,43.0129,99391720,0.0584,synthetic-blacksea-mix,CC0-1.0,offshore
38.9387,43.4465,44446388,0.0509,synthetic-blacksea-mix,CC0-1.0,offshore
39.5049,40.7354,91212855,0.1348,synthetic-blacksea-mix,CC0-1.0,Trabzon
37.3372,45.0848,153789891,0.3367,synthetic-blacksea-mix,CC0-1.0,Anapa
37.7620,44.5024,63248003,0.0000,synthetic-blacksea-mix,CC0-1.0,Novorossiysk
37.6314,44.8412,155621366,0.1390,synthetic-blacksea-mix,CC0-1.0,Novorossiysk
40.0504,43.5548,120332587,0.2118,synthetic-blacksea-mix,CC0-1.0,Sochi
37.6811,45.0534,147540977,0.1748,synthetic-blacksea-mix,CC0-1.0,Novorossiysk
37.4456,44.6561,83304138,0.2976,synthetic-blacksea-mix,CC0-1.0,Anapa
39.7529,41.2522,74472925,0.0705,synthetic-blacksea-mix,CC0-1.0,Trabzon
28.8365,44.5019,124500713,0.0000,synthetic-blacksea-mix,CC0-1.0,Constanta
36.9467,44.6309,71731450,0.0738,synthetic-blacksea-mix,CC0-1.0,Anapa
28.5670,44.2321,128817481,0.0063,synthetic-blacksea-mix,CC0-1.0,Constanta
39.7977,43.3467,100802805,0.0239,synthetic-blacksea-mix,CC0-1.0,Sochi
37.2308,44.3577,26997779,0.1130,synthetic-blacksea-mix,CC0-1.0,offshore
39.9908,43.8144,93555296,0.0204,synthetic-blacksea-mix,CC0-1.0,Sochi
37.2321,44.9501,77451710,0.5671,synthetic-blacksea-mix,CC0-1.0,Anapa
37.9679,44.6787,135672211,0.1258,synthetic-blacksea-mix,CC0-1.0,Novorossiysk
27.3502,42.5609,73105011,0.1929,synthetic-blacksea-mix,CC0-1.0,Burgas
33.8805,44.9568,6005240,0.0204,synthetic-blacksea-mix,CC0-1.0,offshore
39.9358,41.6208,152228477,0.0753,synthetic-blacksea-mix,CC0-1.0,offshore
28.9921,44.2678,61925602,0.0000,synthetic-blacksea-mix,CC0-1.0,Constanta
37.7928,44.7508,144977393,0.7994,synthetic-blacksea-mix,CC0-1.0,Novorossiysk
36.9544,44.9330,25431334,0.2235,synthetic-blacksea-mix,CC0-1.0,Anapa
39.1844,40.9880,34029952,0.0000,synthetic-blacksea-mix,CC0-1.0,offshore
37.4703,44.8368,11650399,0.2937,synthetic-blacksea-mix,CC0-1.0,Anapa
40.2419,43.7003,61466691,0.0656,synthetic-blacksea-mix,CC0-1.0,offshore
28.6071,44.4368,93257976,0.0000,synthetic-blacksea-mix,CC0-1.0,Constanta
36.9363,45.2085,20256137,0.1824,synthetic-blacksea-mix,CC0-1.0,Anapa
38.1380,44.6704,22583805,0.1771,synthetic-blacksea-mix,CC0-1.0,Novorossiysk
37.6713,44.6024,34141192,0.0219,synthetic-blacksea-mix,CC0-1.0,Novorossiysk
37.4249,44.6293,98684527,0.0000,synthetic-blacksea-mix,CC0-1.0,Anapa
37.5195,44.6792,45443256,0.2230,synthetic-blacksea-mix,CC0-1.0,Novorossiysk
39.8395,41.2022,14710271,0.1049,synthetic-blacksea-mix,CC0-1.0,Trabzon
37.4067,44.4317,5431387,0.0705,synthetic-blacksea-mix,CC0-1.0,Anapa
37.3499,45.0672,47402368,0.4530,synthetic-blacksea-mix,CC0-1.0,Anapa
28.9849,44.2513,134300044,0.0750,synthetic-blacksea-mix,CC0-1.0,Constanta
37.9581,44.8844,24673719,0.2326,synthetic-blacksea-mix,CC0-1.0,Novorossiysk
27.7031,42.7860,53123006,0.0789,synthetic-blacksea-mix,CC0-1.0,Burgas
37.3287,45.1306,73501340,0.1164,synthetic-blacksea-mix,CC0-1.0,Anapa
27.7867,42.6698,1301687,0.0483,synthetic-blacksea-mix,CC0-1.0,Burgas
37.8599,44.8986,15850173,0.4254,synthetic-blacksea-mix,CC0-1.0,Novorossiysk
37.7272,44.8071,77360689,0.1335,synthetic-blacksea-mix,CC0-1.0,Novorossiysk
28.9642,44.0360,60573332,0.0687,synthetic-blacksea-mix,CC0-1.0,Constanta
37.5679,44.8404,105768858,0.1917,synthetic-blacksea-mix,CC0-1.0,Novorossiysk
37.1925,45.1179,69971941,0.0000,synthetic-blacksea-mix,CC0-1.0,Anapa
40.3441,43.4203,37196942,0.0251,synthetic-blacksea-mix,CC0-1.0,offshore
39.8509,40.7482,119574793,0.2745,synthetic-blacksea-mix,CC0-1.0,Trabzon
38.1809,44.6432,123503296,0.0513,synthetic-blacksea-mix,CC0-1.0,Novorossiysk
37.6329,44.6108,138790592,0.0280,synthetic-blacksea-mix,CC0-1.0,Novorossiysk
39.1745,43.7123,67312525,0.0461,synthetic-blacksea-mix,CC0-1.0,offshore
29.2063,44.1051,26444546,0.0000,synthetic-blacksea-mix,CC0-1.0,offshore
37.4163,44.7426,155521367,0.0430,synthetic-blacksea-mix,CC0-1.0,Anapa
27.3457,42.2842,63546779,0.0000,synthetic-blacksea-mix,CC0-1.0,Burgas
37.1089,44.9493,152419882,0.2222,synthetic-blacksea-mix,CC0-1.0,Anapa
27.4397,42.4178,148621423,0.3312,synthetic-blacksea-mix,CC0-1.0,Burgas
39.1962,43.7042,32441687,0.0000,synthetic-blacksea-mix,CC0-1.0,offshore
28.8642,43.7991,126410062,0.0000,synthetic-blacksea-mix,CC0-1.0,Constanta
27.6963,42.3635,97122508,0.0000,synthetic-blacksea-mix,CC0-1.0,Burgas
39.5867,43.3036,21334346,0.1731,synthetic-blacksea-mix,CC0-1.0,Sochi
37.0033,45.1339,97615453,0.0000,synthetic-blacksea-mix,CC0-1.0,Anapa
28.5518,44.0048,1435700,0.0998,synthetic-blacksea-mix,CC0-1.0,Constanta
36.9556,44.7044,9535236,0.1575,synthetic-blacksea-mix,CC0-1.0,Anapa
38.1350,44.4994,46441393,0.0979,synthetic-blacksea-mix,CC0-1.0,Novorossiysk
37.7636,44.8148,29274607,0.2348,synthetic-blacksea-mix,CC0-1.0,Novorossiysk
36.9442,45.0467,85496241,0.1356,synthetic-blacksea-mix,CC0-1.0,Anapa
37.3968,45.3456,101825466,0.0351,synthetic-blacksea-mix,CC0-1.0,Anapa
28.5525,43.7739,19984335,0.0193,synthetic-blacksea-mix,CC0-1.0,Constanta
37.0047,44.8832,81667052,0.3070,synthetic-blacksea-mix,CC0-1.0,Anapa
37.4322,44.7188,22280942,0.3513,synthetic-blacksea-mix,CC0-1.0,Anapa
38.2908,44.5150,28003771,0.0848,synthetic-blacksea-mix,CC0-1.0,offshore
29.3608,44.0605,114470448,0.0823,synthetic-blacksea-mix,CC0-1.0,offshore
37.3653,44.8386,54895207,0.6261,synthetic-blacksea-mix,CC0-1.0,Anapa
38.1504,44.8732,155983080,0.0415,synthetic-blacksea-mix,CC0-1.0,Novorossiysk
39.8793,43.5317,144080458,0.4049,synthetic-blacksea-mix,CC0-1.0,Sochi
37.7611,44.8356,36053832,0.0715,synthetic-blacksea-mix,CC0-1.0,Novorossiysk
27.2536,42.5646,91046101,0.1025,synthetic-blacksea-mix,CC0-1.0,Burgas
39.9407,41.0684,69762855,0.0109,synthetic-blacksea-mix,CC0-1.0,Trabzon
39.8215,41.1638,100235543,0.0000,synthetic-blacksea-mix,CC0-1.0,Trabzon
39.7167,40.7297,79272519,0.1633,synthetic-blacksea-mix,CC0-1.0,Trabzon
27.5070,42.6505,87350944,0.2172,synthetic-blacksea-mix,CC0-1.0,Burgas
37.8037,44.4748,46364533,0.3253,synthetic-blacksea-mix,CC0-1.0,Novorossiysk
37.5056,45.0016,77959023,0.2890,synthetic-blacksea-mix,CC0-1.0,Anapa
37.1467,44.7332,69654511,0.0550,synthetic-blacksea-mix,CC0-1.0,Anapa
38.0463,44.6735,99845851,0.0000,synthetic-blacksea-mix,CC0-1.0,Novorossiysk
39.7301,41.0129,123454375,0.3817,synthetic-blacksea-mix,CC0-1.0,Trabzon
36.9511,44.9685,127080085,0.0064,synthetic-blacksea-mix,CC0-1.0,Anapa
37.8088,44.9842,59614935,0.0242,synthetic-blacksea-mix,CC0-1.0,Novorossiysk
38.1935,44.5915,145482274,0.2195,synthetic-blacksea-mix,CC0-1.0,Novorossiysk
40.1221,43.9862,42044444,0.0541,synthetic-blacksea-mix,CC0-1.0,offshore
39.6344,40.9951,144628678,0.5485,synthetic-blacksea-mix,CC0-1.0,Trabzon
39.0378,41.4850,118320945,0.0000,synthetic-blacksea-mix,CC0-1.0,offshore
37.5445,44.7790,9091643,0.1388,synthetic-blacksea-mix,CC0-1.0,Novorossiysk
39.7147,41.0094,5539292,0.0000,synthetic-blacksea-mix,CC0-1.0,Trabzon
38.3292,44.6304,69354811,0.0148,synthetic-blacksea-mix,CC0-1.0,offshore
37.9122,44.6855,46899136,0.4094,synthetic-blacksea-mix,CC0-1.0,Novorossiysk
37.7582,44.5027,95452726,0.0263,synthetic-blacksea-mix,CC0-1.0,Novorossiysk
39.9971,43.7039,75790429,0.0792,synthetic-blacksea-mix,CC0-1.0,Sochi
28.8528,44.6840,37115914,0.0000,synthetic-blacksea-mix,CC0-1.0,offshore
40.4203,40.8246,117380801,0.0865,synthetic-blacksea-mix,CC0-1.0,offshore
39.2730,40.8204,66075935,0.0839,synthetic-blacksea-mix,CC0-1.0,Trabzon
37.7153,44.8868,35709835,0.0000,synthetic-blacksea-mix,CC0-1.0,Novorossiysk
39.4903,41.2552,9150313,0.0000,synthetic-blacksea-mix,CC0-1.0,Trabzon
40.0532,44.0064,57330702,0.0071,synthetic-blacksea-mix,CC0-1.0,offshore
27.6505,42.3800,81596315,0.2826,synthetic-blacksea-mix,CC0-1.0,Burgas
36.8863,44.4709,51429387,0.1234,synthetic-blacksea-mix,CC0-1.0,offshore
37.2861,45.1991,82948034,0.2611,synthetic-blacksea-mix,CC0-1.0,Anapa
39.7126,40.5867,143893124,0.0780,synthetic-blacksea-mix,CC0-1.0,Trabzon
28.5809,44.0534,36640576,0.0000,synthetic-blacksea-mix,CC0-1.0,Constanta
39.3151,41.3352,105829185,0.0139,synthetic-blacksea-mix,CC0-1.0,offshore
27.3974,42.4115,67846921,0.0872,synthetic-blacksea-mix,CC0-1.0,Burgas
27.6744,42.7261,33731789,0.0353,synthetic-blacksea-mix,CC0-1.0,Burgas
37.6391,44.7355,135119851,0.0566,synthetic-blacksea-mix,CC0-1.0,Novorossiysk
28.5998,44.3304,17840209,0.3695,synthetic-blacksea-mix,CC0-1.0,Constanta
39.4931,43.3523,109356252,0.1589,synthetic-blacksea-mix,CC0-1.0,Sochi
39.6803,40.7671,123427882,0.1203,synthetic-blacksea-mix,CC0-1.0,Trabzon
28.3734,44.5119,135491201,0.0343,synthetic-blacksea-mix,CC0-1.0,Constanta
39.7816,43.6002,39191976,0.0206,synthetic-blacksea-mix,CC0-1.0,Sochi
27.4581,42.4573,8256468,0.2872,synthetic-blacksea-mix,CC0-1.0,Burgas
39.0850,41.1356,139913052,0.0000,synthetic-blacksea-mix,CC0-1.0,offshore
28.4062,44.1263,150993286,0.1685,synthetic-blacksea-mix,CC0-1.0,Constanta
38.0317,44.7951,56479592,0.2625,synthetic-blacksea-mix,CC0-1.0,Novorossiysk
37.3307,45.0651,38128131,0.0756,synthetic-blacksea-mix,CC0-1.0,Anapa
38.0698,44.7293,82374431,0.2745,synthetic-blacksea-mix,CC0-1.0,Novorossiysk
28.6897,44.1029,100700885,0.2003,synthetic-blacksea-mix,CC0-1.0,Constanta
37.7591,44.9474,101137889,0.0066,synthetic-blacksea-mix,CC0-1.0,Novorossiysk
38.0842,44.7334,96179183,0.0000,synthetic-blacksea-mix,CC0-1.0,Novorossiysk
39.6164,41.1622,128114641,0.0653,synthetic-blacksea-mix,CC0-1.0,Trabzon
37.3947,44.8104,54107761,0.7217,synthetic-blacksea-mix,CC0-1.0,Anapa
39.7422,43.3276,107163387,0.0650,synthetic-blacksea-mix,CC0-1.0,Sochi
28.6846,43.5750,43329781,0.0046,synthetic-blacksea-mix,CC0-1.0,offshore
34.7126,44.6136,125139754,0.0155,synthetic-blacksea-mix,CC0-1.0,offshore
37.0526,44.8318,31766052,0.0000,synthetic-blacksea-mix,CC0-1.0,Anapa
39.6466,43.3785,81355129,0.4161,synthetic-blacksea-mix,CC0-1.0,Sochi
40.0768,41.4537,110867925,0.0000,synthetic-blacksea-mix,CC0-1.0,offshore
39.2279,40.8909,68143064,0.0310,synthetic-blacksea-mix,CC0-1.0,offshore
39.5723,43.5912,70837303,0.0000,synthetic-blacksea-mix,CC0-1.0,Sochi
29.3852,44.3216,112958753,0.0632,synthetic-blacksea-mix,CC0-1.0,offshore
34.9356,46.7658,115998382,0.0110,synthetic-blacksea-mix,CC0-1.0,offshore
33.9697,43.3624,119253178,0.0000,synthetic-blacksea-mix,CC0-1.0,offshore
31.1045,41.1897,43755251,0.0000,synthetic-blacksea-mix,CC0-1.0,offshore
34.6248,44.9691,63501983,0.0000,synthetic-blacksea-mix,CC0-1.0,offshore
31.1294,43.0377,46431790,0.0000,synthetic-blacksea-mix,CC0-1.0,offshore
41.5548,45.3957,88427690,0.0000,synthetic-blacksea-mix,CC0-1.0,offshore
37.7636,45.0797,65804849,0.0000,synthetic-blacksea-mix,CC0-1.0,Novorossiysk
40.1716,40.0918,38484947,0.0000,synthetic-blacksea-mix,CC0-1.0,offshore
40.0739,42.3233,22940816,0.0000,synthetic-blacksea-mix,CC0-1.0,offshore
31.7086,40.6641,8247769,0.1695,synthetic-blacksea-mix,CC0-1.0,offshore
30.0962,42.5321,60501221,0.0000,synthetic-blacksea-mix,CC0-1.0,offshore
28.1315,41.0295,23079745,0.0000,synthetic-blacksea-mix,CC0-1.0,offshore
40.5667,45.6533,121857045,0.0177,synthetic-blacksea-mix,CC0-1.0,offshore
40.1164,44.1147,98564775,0.0000,synthetic-blacksea-mix,CC0-1.0,offshore
38.6552,40.1164,137379697,0.0000,synthetic-blacksea-mix,CC0-1.0,offshore
37.6939,45.7455,24842143,0.0000,synthetic-blacksea-mix,CC0-1.0,offshore
30.7545,45.1986,51736784,0.0000,synthetic-blacksea-mix,CC0-1.0,offshore
40.3140,42.7001,127525575,0.0000,synthetic-blacksea-mix,CC0-1.0,offshore
40.0787,45.7707,150020898,0.0000,synthetic-blacksea-mix,CC0-1.0,offshore
31.9232,42.8018,127376845,0.0000,synthetic-blacksea-mix,CC0-1.0,offshore
32.4382,40.1597,72354437,0.0000,synthetic-blacksea-mix,CC0-1.0,offshore
30.2395,41.3629,146529048,0.0581,synthetic-blacksea-mix,CC0-1.0,offshore
29.2872,46.1983,103946913,0.0000,synthetic-blacksea-mix,CC0-1.0,offshore
40.5375,43.3988,52140655,0.1215,synthetic-blacksea-mix,CC0-1.0,offshore
29.7819,43.5098,94840307,0.0962,synthetic-blacksea-mix,CC0-1.0,offshore
30.5893,40.9074,94521310,0.0041,synthetic-blacksea-mix,CC0-1.0,offshore
29.9106,46.0233,123883992,0.0752,synthetic-blacksea-mix,CC0-1.0,offshore
33.8954,42.2085,66356573,0.0324,synthetic-blacksea-mix,CC0-1.0,offshore
36.3045,46.4208,49860074,0.0024,synthetic-blacksea-mix,CC0-1.0,offshore
30.2703,40.6996,98673436,0.0865,synthetic-blacksea-mix,CC0-1.0,offshore
27.2612,45.8335,131476688,0.0403,synthetic-blacksea-mix,CC0-1.0,offshore
39.3736,46.2848,138544928,0.0331,synthetic-blacksea-mix,CC0-1.0,offshore
32.4634,41.5116,121194519,0.0375,synthetic-blacksea-mix,CC0-1.0,offshore
29.0314,42.2838,22441080,0.0291,synthetic-blacksea-mix,CC0-1.0,offshore
41.2900,44.3699,70630223,0.0000,synthetic-blacksea-mix,CC0-1.0,offshore
34.0228,43.6919,37530170,0.1139,synthetic-blacksea-mix,CC0-1.0,offshore
40.8789,42.0081,16264202,0.0311,synthetic-blacksea-mix,CC0-1.0,offshore
38.4506,42.9632,113973603,0.0000,synthetic-blacksea-mix,CC0-1.0,offshore
30.8175,45.6963,17132151,0.0274,synthetic-blacksea-mix,CC0-1.0,offshore
28.6643,45.8144,16294190,0.0000,synthetic-blacksea-mix,CC0-1.0,offshore
40.1360,41.9363,7401118,0.0633,synthetic-blacksea-mix,CC0-1.0,offshore
36.9359,41.9011,12903268,0.0000,synthetic-blacksea-mix,CC0-1.0,offshore
37.4728,43.7834,83500791,0.0416,synthetic-blacksea-mix,CC0-1.0,offshore
33.0650,41.2840,37833322,0.0000,synthetic-blacksea-mix,CC0-1.0,offshore
38.1871,46.7543,71061532,0.0073,synthetic-blacksea-mix,CC0-1.0,offshore
38.2672,40.0058,84778967,0.0374,synthetic-blacksea-mix,CC0-1.0,offshore
38.4203,41.4342,18236485,0.0279,synthetic-blacksea-mix,CC0-1.0,offshore
31.2689,41.1962,147099728,0.0610,synthetic-blacksea-mix,CC0-1.0,offshore
38.2442,43.2323,32086768,0.0508,synthetic-blacksea-mix,CC0-1.0,offshore
39.4648,43.3142,77271743,0.0000,synthetic-blacksea-mix,CC0-1.0,Sochi
35.3842,45.3250,37763162,0.0169,synthetic-blacksea-mix,CC0-1.0,offshore
29.8347,42.8442,17173504,0.0456,synthetic-blacksea-mix,CC0-1.0,offshore
40.5392,44.3699,13063194,0.0341,synthetic-blacksea-mix,CC0-1.0,offshore
38.3649,44.2587,53842750,0.0000,synthetic-blacksea-mix,CC0-1.0,offshore
31.3154,40.5818,49593832,0.0000,synthetic-blacksea-mix,CC0-1.0,offshore
28.6095,40.2303,11512512,0.0000,synthetic-blacksea-mix,CC0-1.0,offshore
30.3080,41.0386,26682387,0.0789,synthetic-blacksea-mix,CC0-1.0,offshore
39.6378,44.1393,103405292,0.0987,synthetic-blacksea-mix,CC0-1.0,offshore
31.0542,44.9958,36142436,0.0000,synthetic-blacksea-mix,CC0-1.0,offshore
38.3421,42.1338,94573733,0.0269,synthetic-blacksea-mix,CC0-1.0,offshore
36.4725,45.4919,142332169,0.0000,synthetic-blacksea-mix,CC0-1.0,offshore
35.3168,41.8639,45441362,0.0882,synthetic-blacksea-mix,CC0-1.0,offshore
31.5186,41.2722,83711689,0.0000,synthetic-blacksea-mix,CC0-1.0,offshore
28.5740,45.8282,94395825,0.0000,synthetic-blacksea-mix,CC0-1.0,offshore
41.1798,45.6578,19137679,0.0000,synthetic-blacksea-mix,CC0-1.0,offshore
33.5797,46.1703,62346970,0.0914,synthetic-blacksea-mix,CC0-1.0,offshore
37.6555,41.6560,47355561,0.0292,synthetic-blacksea-mix,CC0-1.0,offshore
41.2292,42.8155,48867045,0.0000,synthetic-blacksea-mix,CC0-1.0,offshore
38.0685,41.2662,61100857,0.0000,synthetic-blacksea-mix,CC0-1.0,offshore
40.6292,45.3529,85970339,0.0000,synthetic-blacksea-mix,CC0-1.0,offshore
40.8081,41.7381,154363562,0.0381,synthetic-blacksea-mix,CC0-1.0,offshore
35.2953,43.9063,157074292,0.0000,synthetic-blacksea-mix,CC0-1.0,offshore
33.3923,43.6635,142229467,0.0029,synthetic-blacksea-mix,CC0-1.0,offshore
30.6403,41.5301,153033741,0.0000,synthetic-blacksea-mix,CC0-1.0,offshore
41.8808,46.1649,133025203,0.0000,synthetic-blacksea-mix,CC0-1.0,offshore
32.9890,40.6582,98497601,0.0000,synthetic-blacksea-mix,CC0-1.0,offshore
28.7133,42.4286,65308430,0.0533,synthetic-blacksea-mix,CC0-1.0,offshore
37.8866,44.1889,95234401,0.0435,synthetic-blacksea-mix,CC0-1.0,offshore
33.3382,46.4290,15092008,0.0000,synthetic-blacksea-mix,CC0-1.0,offshore
33.0728,40.2727,109563351,0.0575,synthetic-blacksea-mix,CC0-1.0,offshore
32.4755,44.3129,62074713,0.0449,synthetic-blacksea-mix,CC0-1.0,offshore
34.6349,43.1680,155834413,0.0000,synthetic-blacksea-mix,CC0-1.0,offshore
30.0697,45.0617,135463633,0.0879,synthetic-blacksea-mix,CC0-1.0,offshore
29.6394,42.4771,82529260,0.0000,synthetic-blacksea-mix,CC0-1.0,offshore
37.1538,46.0338,111237981,0.0000,synthetic-blacksea-mix,CC0-1.0,offshore
34.1049,41.4195,155174797,0.0540,synthetic-blacksea-mix,CC0-1.0,offshore
30.9024,43.0155,61366188,0.0000,synthetic-blacksea-mix,CC0-1.0,offshore
29.7845,46.5674,38392961,0.0199,synthetic-blacksea-mix,CC0-1.0,offshore
28.5716,42.4311,134036098,0.0000,synthetic-blacksea-mix,CC0-1.0,offshore
28.6734,44.9122,46067056,0.0000,synthetic-blacksea-mix,CC0-1.0,offshore
28.2821,42.9247,113179633,0.0135,synthetic-blacksea-mix,CC0-1.0,offshore
31.9712,44.8443,93390455,0.0003,synthetic-blacksea-mix,CC0-1.0,offshore
38.0434,41.6989,96520497,0.0000,synthetic-blacksea-mix,CC0-1.0,offshore
33.7316,42.5232,34649178,0.0602,synthetic-blacksea-mix,CC0-1.0,offshore
40.8338,40.3666,33375127,0.0000,synthetic-blacksea-mix,CC0-1.0,offshore
30.9724,46.6379,138429273,0.0000,synthetic-blacksea-mix,CC0-1.0,offshore
37.5780,43.2689,133966803,0.2392,synthetic-blacksea-mix,CC0-1.0,offshore
34.0408,40.6117,74760186,0.0000,synthetic-blacksea-mix,CC0-1.0,offshore
31.7627,44.4434,139923405,0.0000,synthetic-blacksea-mix,CC0-1.0,offshore
32.0333,43.9831,9371555,0.2946,synthetic-blacksea-mix,CC0-1.0,offshore
35.2633,42.3019,19103097,0.0666,synthetic-blacksea-mix,CC0-1.0,offshore
41.6985,40.0086,12506549,0.0468,synthetic-blacksea-mix,CC0-1.0,offshore
38.0896,42.9199,2009948,0.0000,synthetic-blacksea-mix,CC0-1.0,offshore
35.7475,40.7886,4534793,0.0000,synthetic-blacksea-mix,CC0-1.0,offshore
35.8628,41.8016,4297960,0.0153,synthetic-blacksea-mix,CC0-1.0,offshore
36.1886,43.1016,93043537,0.2072,synthetic-blacksea-mix,CC0-1.0,offshore
35.4705,40.6005,123930107,0.0705,synthetic-blacksea-mix,CC0-1.0,offshore
29.2632,46.4967,54514125,0.0000,synthetic-blacksea-mix,CC0-1.0,offshore
40.0629,44.9021,68269216,0.0000,synthetic-blacksea-mix,CC0-1.0,offshore
28.8454,41.2956,133138314,0.0854,synthetic-blacksea-mix,CC0-1.0,offshore
39.0999,40.0779,121463005,0.0000,synthetic-blacksea-mix,CC0-1.0,offshore
41.6758,44.6396,63924734,0.0573,synthetic-blacksea-mix,CC0-1.0,offshore
29.6016,40.7955,46271325,0.0000,synthetic-blacksea-mix,CC0-1.0,offshore
39.9540,43.4140,44820926,0.0545,synthetic-blacksea-mix,CC0-1.0,Sochi
27.6588,45.4528,29457352,0.0000,synthetic-blacksea-mix,CC0-1.0,offshore
31.6695,42.5799,133916252,0.0000,synthetic-blacksea-mix,CC0-1.0,offshore
41.0877,46.0273,142357653,0.0000,synthetic-blacksea-mix,CC0-1.0,offshore
36.2904,44.4246,85402690,0.0000,synthetic-blacksea-mix,CC0-1.0,offshore
27.4009,44.9025,118653251,0.0016,synthetic-blacksea-mix,CC0-1.0,offshore
35.2807,46.2438,77669702,0.0000,synthetic-blacksea-mix,CC0-1.0,offshore
32.7697,46.3785,128659021,0.0783,synthetic-blacksea-mix,CC0-1.0,offshore
36.8297,43.7209,149188725,0.0667,synthetic-blacksea-mix,CC0-1.0,offshore
30.9454,46.6377,89554561,0.0000,synthetic-blacksea-mix,CC0-1.0,offshore
28.9885,46.2195,3664905,0.0795,synthetic-blacksea-mix,CC0-1.0,offshore
35.8929,41.2688,55252778,0.0000,synthetic-blacksea-mix,CC0-1.0,offshore
41.2318,40.6223,102069844,0.0000,synthetic-blacksea-mix,CC0-1.0,offshore
32.2573,46.5928,90128228,0.0724,synthetic-blacksea-mix,CC0-1.0,offshore
36.6473,45.7940,68395309,0.0003,synthetic-blacksea-mix,CC0-1.0,offshore
27.0947,40.6916,117425285,0.0312,synthetic-blacksea-mix,CC0-1.0,offshore
36.4875,40.5698,153993075,0.0679,synthetic-blacksea-mix,CC0-1.0,offshore
31.4841,42.4027,132939403,0.0853,synthetic-blacksea-mix,CC0-1.0,offshore
37.0738,44.3904,153592841,0.0000,synthetic-blacksea-mix,CC0-1.0,offshore
33.5436,45.6042,17483007,0.0000,synthetic-blacksea-mix,CC0-1.0,offshore
34.8715,46.0446,84389762,0.0000,synthetic-blacksea-mix,CC0-1.0,offshore
34.0999,45.4659,105956740,0.0000,synthetic-blacksea-mix,CC0-1.0,offshore
29.9630,43.9667,18694326,0.0031,synthetic-blacksea-mix,CC0-1.0,offshore
34.2429,43.5957,15241352,0.0055,synthetic-blacksea-mix,CC0-1.0,offshore
31.2083,41.8301,26853827,0.0967,synthetic-blacksea-mix,CC0-1.0,offshore
29.2710,45.2946,156605044,0.0000,synthetic-blacksea-mix,CC0-1.0,offshore
41.2506,41.6003,21348813,0.0629,synthetic-blacksea-mix,CC0-1.0,offshore
36.7681,40.7394,17047423,0.0000,synthetic-blacksea-mix,CC0-1.0,offshore
27.1444,43.9490,83452870,0.0849,synthetic-blacksea-mix,CC0-1.0,offshore
30.5494,42.2043,99765845,0.0347,synthetic-blacksea-mix,CC0-1.0,offshore
29.0076,42.0780,94564539,0.0000,synthetic-blacksea-mix,CC0-1.0,offshore
28.6426,45.5463,153963010,0.0000,synthetic-blacksea-mix,CC0-1.0,offshore
29.9673,45.5818,19983949,0.0239,synthetic-blacksea-mix,CC0-1.0,offshore
36.7473,43.5252,90908135,0.0000,synthetic-blacksea-mix,CC0-1.0,offshore
35.7163,40.6751,77798810,0.0000,synthetic-blacksea-mix,CC0-1.0,offshore
31.2054,40.5044,55176594,0.0000,synthetic-blacksea-mix,CC0-1.0,offshore
40.3827,45.5768,88432225,0.0000,synthetic-blacksea-mix,CC0-1.0,offshore
39.9160,44.3473,45189178,0.0145,synthetic-blacksea-mix,CC0-1.0,offshore
39.6139,41.0129,142628068,0.0987,synthetic-blacksea-mix,CC0-1.0,Trabzon
35.3351,46.3323,121300972,0.0000,synthetic-blacksea-mix,CC0-1.0,offshore
38.4329,45.1490,153209407,0.0099,synthetic-blacksea-mix,CC0-1.0,offshore
35.1888,41.3301,157015474,0.0000,synthetic-blacksea-mix,CC0-1.0,offshore
30.6864,44.6344,66712587,0.0000,synthetic-blacksea-mix,CC0-1.0,offshore
31.2524,40.9736,94719849,0.0323,synthetic-blacksea-mix,CC0-1.0,offshore
27.5724,42.3136,110248904,0.0360,synthetic-blacksea-mix,CC0-1.0,Burgas
34.3368,46.1179,32034792,0.0000,synthetic-blacksea-mix,CC0-1.0,offshore
35.3706,42.0471,62475380,0.0000,synthetic-blacksea-mix,CC0-1.0,offshore
28.9461,45.1657,771972,0.0000,synthetic-blacksea-mix,CC0-1.0,offshore
27.6287,44.0879,60414104,0.0000,synthetic-blacksea-mix,CC0-1.0,offshore
31.1833,46.2098,5063575,0.0000,synthetic-blacksea-mix,CC0-1.0,offshore
28.5384,41.5580,85246000,0.0396,synthetic-blacksea-mix,CC0-1.0,offshore
35.9211,44.6875,88800986,0.0000,synthetic-blacksea-mix,CC0-1.0,offshore
37.6255,40.0842,156858305,0.0000,synthetic-blacksea-mix,CC0-1.0,offshore
40.3032,40.5956,10154457,0.0972,synthetic-blacksea-mix,CC0-1.0,offshore
33.0934,46.3491,28781785,0.0353,synthetic-blacksea-mix,CC0-1.0,offshore
40.4922,40.8809,43488841,0.0339,synthetic-blacksea-mix,CC0-1.0,offshore
34.9468,40.4693,30343424,0.0000,synthetic-blacksea-mix,CC0-1.0,offshore
36.8050,40.3576,144855102,0.0000,synthetic-blacksea-mix,CC0-1.0,offshore
29.9479,44.1887,72722673,0.0000,synthetic-blacksea-mix,CC0-1.0,offshore
41.3171,45.2321,102404246,0.0383,synthetic-blacksea-mix,CC0-1.0,offshore
31.4375,40.0580,107062375,0.0000,synthetic-blacksea-mix,CC0-1.0,offshore
37.4830,44.5429,92427800,0.0312,synthetic-blacksea-mix,CC0-1.0,Novorossiysk
35.4832,43.2846,3459311,0.0000,synthetic-blacksea-mix,CC0-1.0,offshore
38.4747,42.5144,77579752,0.0426,synthetic-blacksea-mix,CC0-1.0,offshore
35.7589,41.4358,66558971,0.1060,synthetic-blacksea-mix,CC0-1.0,offshore
41.8420,43.7172,10092394,0.0402,synthetic-blacksea-mix,CC0-1.0,offshore
39.5055,46.7790,39568006,0.0675,synthetic-blacksea-mix,CC0-1.0,offshore
29.4031,45.3029,58217395,0.0000,synthetic-blacksea-mix,CC0-1.0,offshore
38.6405,45.3973,69172046,0.0000,synthetic-blacksea-mix,CC0-1.0,offshore
37.4940,42.7128,142141350,0.3149,synthetic-blacksea-mix,CC0-1.0,offshore
38.5624,42.2597,64832935,0.0000,synthetic-blacksea-mix,CC0-1.0,offshore
27.2746,46.3875,100015534,0.0747,synthetic-blacksea-mix,CC0-1.0,offshore
34.2349,46.2903,139248896,0.0491,synthetic-blacksea-mix,CC0-1.0,offshore
27.6593,45.5168,117863745,0.0000,synthetic-blacksea-mix,CC0-1.0,offshore
39.0747,44.0302,89840623,0.0189,synthetic-blacksea-mix,CC0-1.0,offshore
28.3989,44.6079,121521559,0.0057,synthetic-blacksea-mix,CC0-1.0,offshore
31.6057,40.0107,121587158,0.0000,synthetic-blacksea-mix,CC0-1.0,offshore
30.0871,44.0706,79735744,0.0000,synthetic-blacksea-mix,CC0-1.0,offshore
37.3643,41.6482,141433265,0.0000,synthetic-blacksea-mix,CC0-1.0,offshore
35.1723,40.9786,152728176,0.0250,synthetic-blacksea-mix,CC0-1.0,offshore
40.3459,41.0577,121424554,0.0277,synthetic-blacksea-mix,CC0-1.0,offshore
28.6820,44.7579,149336080,0.0560,synthetic-blacksea-mix,CC0-1.0,offshore
29.5549,44.6153,83545157,0.0047,synthetic-blacksea-mix,CC0-1.0,offshore
34.6544,43.0308,16749510,0.0247,synthetic-blacksea-mix,CC0-1.0,offshore
29.0491,40.0394,19461189,0.0000,synthetic-blacksea-mix,CC0-1.0,offshore
27.4863,43.8565,90306407,0.0257,synthetic-blacksea-mix,CC0-1.0,offshore
29.7858,41.4344,71771865,0.0259,synthetic-blacksea-mix,CC0-1.0,offshore
32.4347,41.2705,70154791,0.0000,synthetic-blacksea-mix,CC0-1.0,offshore
31.8232,40.5613,100062744,0.0000,synthetic-blacksea-mix,CC0-1.0,offshore
30.1399,41.2909,83164742,0.0827,synthetic-blacksea-mix,CC0-1.0,offshore
36.2738,44.9468,12379930,0.0102,synthetic-blacksea-mix,CC0-1.0,offshore
29.8028,45.7552,56134898,0.0069,synthetic-blacksea-mix,CC0-1.0,offshore
28.5879,41.8138,133549109,0.0000,synthetic-blacksea-mix,CC0-1.0,offshore
32.5207,41.3803,73354750,0.0000,synthetic-blacksea-mix,CC0-1.0,offshore
33.6248,42.9577,92244691,0.0294,synthetic-blacksea-mix,CC0-1.0,offshore
35.1187,44.4945,142831474,0.0073,synthetic-blacksea-mix,CC0-1.0,offshore
29.0795,46.1906,40138307,0.0000,synthetic-blacksea-mix,CC0-1.0,offshore
33.6207,40.4342,20257619,0.0000,synthetic-blacksea-mix,CC0-1.0,offshore
29.7003,45.2068,95882664,0.0017,synthetic-blacksea-mix,CC0-1.0,offshore
39.5563,44.2627,65516007,0.0560,synthetic-blacksea-mix,CC0-1.0,offshore
33.5130,40.7777,16927710,0.0134,synthetic-blacksea-mix,CC0-1.0,offshore
41.9628,42.2251,138485825,0.0000,synthetic-blacksea-mix,CC0-1.0,offshore
40.2434,40.6130,50384421,0.0000,synthetic-blacksea-mix,CC0-1.0,offshore
37.6910,42.4667,44275427,0.0076,synthetic-blacksea-mix,CC0-1.0,offshore
32.4109,44.6673,45129040,0.0306,synthetic-blacksea-mix,CC0-1.0,offshore
32.0202,42.0576,156274998,0.0027,synthetic-blacksea-mix,CC0-1.0,offshore
38.7919,43.6819,2006004,0.0116,synthetic-blacksea-mix,CC0-1.0,offshore
32.0707,43.2391,62872322,0.0000,synthetic-blacksea-mix,CC0-1.0,offshore
39.9760,40.5853,157494534,0.0052,synthetic-blacksea-mix,CC0-1.0,Trabzon
27.6381,45.2077,128194129,0.0833,synthetic-blacksea-mix,CC0-1.0,offshore
38.1377,46.3582,141992201,0.0000,synthetic-blacksea-mix,CC0-1.0,offshore
28.0040,40.5879,46537589,0.0000,synthetic-blacksea-mix,CC0-1.0,offshore
39.2011,46.9097,139234626,0.0303,synthetic-blacksea-mix,CC0-1.0,offshore
38.6825,42.4112,149923111,0.0547,synthetic-blacksea-mix,CC0-1.0,offshore
38.4676,44.3623,95429565,0.0000,synthetic-blacksea-mix,CC0-1.0,offshore
32.8629,44.5215,51066465,0.0000,synthetic-blacksea-mix,CC0-1.0,offshore
40.9468,42.1794,69219920,0.0000,synthetic-blacksea-mix,CC0-1.0,offshore
33.1003,43.1998,56762284,0.0292,synthetic-blacksea-mix,CC0-1.0,offshore
40.0382,44.7987,107821079,0.0289,synthetic-blacksea-mix,CC0-1.0,offshore
38.4175,41.5994,155106998,0.1231,synthetic-blacksea-mix,CC0-1.0,offshore
31.6302,42.3655,143583112,0.1156,synthetic-blacksea-mix,CC0-1.0,offshore
41.2985,42.4813,111335590,0.0444,synthetic-blacksea-mix,CC0-1.0,offshore
33.5684,40.9028,6009805,0.0060,synthetic-blacksea-mix,CC0-1.0,offshore
40.5643,46.5156,134477303,0.0863,synthetic-blacksea-mix,CC0-1.0,offshore
33.9188,45.0306,61879238,0.0580,synthetic-blacksea-mix,CC0-1.0,offshore
30.6121,41.8713,63221640,0.0000,synthetic-blacksea-mix,CC0-1.0,offshore
29.4687,45.2125,12420510,0.0000,synthetic-blacksea-mix,CC0-1.0,offshore
32.6856,42.9395,31597969,0.0390,synthetic-blacksea-mix,CC0-1.0,offshore
38.7288,40.8848,124309945,0.0489,synthetic-blacksea-mix,CC0-1.0,offshore
29.3929,46.2884,49775027,0.0314,synthetic-blacksea-mix,CC0-1.0,offshore
41.0255,40.2152,77264108,0.0000,synthetic-blacksea-mix,CC0-1.0,offshore
29.5308,40.5993,65596997,0.0217,synthetic-blacksea-mix,CC0-1.0,offshore
28.8927,44.2505,129386383,0.0000,synthetic-blacksea-mix,CC0-1.0,Constanta
32.1433,46.0222,101476865,0.0000,synthetic-blacksea-mix,CC0-1.0,offshore
28.9865,43.6526,124661044,0.0107,synthetic-blacksea-mix,CC0-1.0,offshore
30.2857,41.1207,8946205,0.0291,synthetic-blacksea-mix,CC0-1.0,offshore
40.6583,46.8811,84621544,0.0000,synthetic-blacksea-mix,CC0-1.0,offshore
41.5981,40.9507,73003673,0.0000,synthetic-blacksea-mix,CC0-1.0,offshore
28.3547,41.3077,67051547,0.0000,synthetic-blacksea-mix,CC0-1.0,offshore
27.0446,44.0523,147183336,0.0000,synthetic-blacksea-mix,CC0-1.0,offshore
38.9883,42.4689,123716669,0.0688,synthetic-blacksea-mix,CC0-1.0,offshore
41.1113,41.9537,32642530,0.0015,synthetic-blacksea-mix,CC0-1.0,offshore
33.0038,40.0738,8049942,0.0035,synthetic-blacksea-mix,CC0-1.0,offshore
40.1446,41.2758,109951048,0.0000,synthetic-blacksea-mix,CC0-1.0,offshore
33.0685,45.3635,105300440,0.0529,synthetic-blacksea-mix,CC0-1.0,offshore
32.3362,45.1721,11156550,0.0000,synthetic-blacksea-mix,CC0-1.0,offshore
40.1393,46.1818,24535793,0.0000,synthetic-blacksea-mix,CC0-1.0,offshore
34.1943,46.7829,103200291,0.0288,synthetic-blacksea-mix,CC0-1.0,offshore
41.6355,46.4534,3636957,0.0000,synthetic-blacksea-mix,CC0-1.0,offshore
36.8143,45.9750,76309528,0.0868,synthetic-blacksea-mix,CC0-1.0,offshore
31.0173,41.1011,155435968,0.0000,synthetic-blacksea-mix,CC0-1.0,offshore
27.6292,41.2533,110496901,0.0450,synthetic-blacksea-mix,CC0-1.0,offshore
28.3052,42.6266,16730169,0.0000,synthetic-blacksea-mix,CC0-1.0,offshore
40.1284,43.6284,117148721,0.0499,synthetic-blacksea-mix,CC0-1.0,Sochi
37.6142,41.4949,103240825,0.0343,synthetic-blacksea-mix,CC0-1.0,offshore
30.1362,43.4793,21271385,0.0430,synthetic-blacksea-mix,CC0-1.0,offshore
39.0147,42.9444,20924405,0.0474,synthetic-blacksea-mix,CC0-1.0,offshore
37.5402,40.6184,22352621,0.0000,synthetic-blacksea-mix,CC0-1.0,offshore
41.1386,46.7997,133326511,0.0207,synthetic-blacksea-mix,CC0-1.0,offshore
29.0094,41.8273,103206031,0.0000,synthetic-blacksea-mix,CC0-1.0,offshore
41.0515,44.3596,32341260,0.0000,synthetic-blacksea-mix,CC0-1.0,offshore
34.9922,45.8791,114237074,0.0733,synthetic-blacksea-mix,CC0-1.0,offshore
30.8462,41.2448,7516952,0.0518,synthetic-blacksea-mix,CC0-1.0,offshore
38.6197,40.3461,97091755,0.0388,synthetic-blacksea-mix,CC0-1.0,offshore
38.8852,45.2832,59663407,0.0000,synthetic-blacksea-mix,CC0-1.0,offshore
32.5942,41.8665,115000235,0.0000,synthetic-blacksea-mix,CC0-1.0,offshore
36.9025,40.8767,53244020,0.0000,synthetic-blacksea-mix,CC0-1.0,offshore
35.7063,41.5229,46183679,0.0237,synthetic-blacksea-mix,CC0-1.0,offshore
32.2059,44.5774,139281522,0.0066,synthetic-blacksea-mix,CC0-1.0,offshore
29.2449,40.7729,130466188,0.0317,synthetic-blacksea-mix,CC0-1.0,offshore
27.4859,46.3743,57408322,0.0141,synthetic-blacksea-mix,CC0-1.0,offshore
29.0945,42.9218,25856361,0.0000,synthetic-blacksea-mix,CC0-1.0,offshore
27.9322,46.2202,49872858,0.0330,synthetic-blacksea-mix,CC0-1.0,offshore
28.3550,45.2442,85166863,0.1429,synthetic-blacksea-mix,CC0-1.0,offshore
41.5910,43.1420,38085647,0.0000,synthetic-blacksea-mix,CC0-1.0,offshore
38.3477,43.4557,126876289,0.0217,synthetic-blacksea-mix,CC0-1.0,offshore
28.3564,44.6532,26637505,0.0000,synthetic-blacksea-mix,CC0-1.0,offshore
27.1483,46.3988,136523746,0.0645,synthetic-blacksea-mix,CC0-1.0,offshore
40.8870,45.7746,38923232,0.0284,synthetic-blacksea-mix,CC0-1.0,offshore
37.7364,44.3677,123634265,0.0670,synthetic-blacksea-mix,CC0-1.0,Novorossiysk
33.7358,43.5309,17267839,0.0250,synthetic-blacksea-mix,CC0-1.0,offshore
34.5951,42.9064,104995638,0.0082,synthetic-blacksea-mix,CC0-1.0,offshore
37.0472,41.3060,45294562,0.0000,synthetic-blacksea-mix,CC0-1.0,offshore
40.3671,42.7044,38551534,0.0000,synthetic-blacksea-mix,CC0-1.0,offshore
38.6449,43.3555,49762615,0.0000,synthetic-blacksea-mix,CC0-1.0,offshore
41.2326,46.0498,28406447,0.0000,synthetic-blacksea-mix,CC0-1.0,offshore
32.6095,46.8690,20243298,0.0252,synthetic-blacksea-mix,CC0-1.0,offshore
40.0951,43.7972,138598460,0.0000,synthetic-blacksea-mix,CC0-1.0,Sochi
32.9170,40.5908,14218435,0.0408,synthetic-blacksea-mix,CC0-1.0,offshore
28.4733,43.6287,116537053,0.0000,synthetic-blacksea-mix,CC0-1.0,offshore
31.0373,41.2784,98680113,0.0000,synthetic-blacksea-mix,CC0-1.0,offshore
35.6777,42.3931,51484110,0.0457,synthetic-blacksea-mix,CC0-1.0,offshore
40.7334,45.9222,37845918,0.0342,synthetic-blacksea-mix,CC0-1.0,offshore
30.9228,40.2164,23932704,0.0000,synthetic-blacksea-mix,CC0-1.0,offshore
27.0654,46.3252,105054278,0.0000,synthetic-blacksea-mix,CC0-1.0,offshore
35.7728,46.5123,52109093,0.0508,synthetic-blacksea-mix,CC0-1.0,offshore
40.3037,43.6335,83826493,0.0551,synthetic-blacksea-mix,CC0-1.0,offshore
41.6018,43.5165,105597675,0.0000,synthetic-blacksea-mix,CC0-1.0,offshore
33.0004,40.2752,77802698,0.0721,synthetic-blacksea-mix,CC0-1.0,offshore
40.3096,40.5729,91020747,0.0000,synthetic-blacksea-mix,CC0-1.0,offshore
34.8441,44.9455,29238056,0.0474,synthetic-blacksea-mix,CC0-1.0,offshore
32.1502,46.1378,55380143,0.0082,synthetic-blacksea-mix,CC0-1.0,offshore
32.1718,40.0745,111369635,0.0000,synthetic-blacksea-mix,CC0-1.0,offshore
37.3043,42.2134,52199013,0.0000,synthetic-blacksea-mix,CC0-1.0,offshore
31.4560,46.9691,144499585,0.0000,synthetic-blacksea-mix,CC0-1.0,offshore
32.4897,46.7772,100242602,0.0000,synthetic-blacksea-mix,CC0-1.0,offshore
29.6786,46.3528,142722526,0.0182,synthetic-blacksea-mix,CC0-1.0,offshore
30.7949,42.0658,28349320,0.0000,synthetic-blacksea-mix,CC0-1.0,offshore
27.5918,41.6432,45341764,0.0632,synthetic-blacksea-mix,CC0-1.0,offshore
30.0202,40.3813,96679759,0.0198,synthetic-blacksea-mix,CC0-1.0,offshore
33.5728,41.4122,17562367,0.0145,synthetic-blacksea-mix,CC0-1.0,offshore
31.0152,46.3290,72006174,0.0000,synthetic-blacksea-mix,CC0-1.0,offshore
33.8708,46.7182,135678603,0.0043,synthetic-blacksea-mix,CC0-1.0,offshore
39.5523,45.6492,23513876,0.0000,synthetic-blacksea-mix,CC0-1.0,offshore
37.4224,42.5751,66468409,0.0593,synthetic-blacksea-mix,CC0-1.0,offshore
36.3321,46.1735,147387479,0.0049,synthetic-blacksea-mix,CC0-1.0,offshore
36.9904,44.9242,69363200,0.0000,synthetic-blacksea-mix,CC0-1.0,Anapa
39.5484,46.2134,114869940,0.0000,synthetic-blacksea-mix,CC0-1.0,offshore
34.8436,43.5536,105374735,0.0173,synthetic-blacksea-mix,CC0-1.0,offshore
32.5135,46.5351,61055625,0.0000,synthetic-blacksea-mix,CC0-1.0,offshore
36.1164,43.3878,27876984,0.0000,synthetic-blacksea-mix,CC0-1.0,offshore
34.1745,46.1900,123095454,0.0477,synthetic-blacksea-mix,CC0-1.0,offshore
35.1055,42.2096,110102107,0.0000,synthetic-blacksea-mix,CC0-1.0,offshore
34.7497,43.7198,140394317,0.0000,synthetic-blacksea-mix,CC0-1.0,offshore
28.1976,44.5820,85903288,0.0000,synthetic-blacksea-mix,CC0-1.0,offshore
38.4862,41.9242,53781707,0.0000,synthetic-blacksea-mix,CC0-1.0,offshore
34.4915,43.9972,65344531,0.3006,synthetic-blacksea-mix,CC0-1.0,offshore
32.8315,42.5390,133572305,0.0000,synthetic-blacksea-mix,CC0-1.0,offshore
27.4879,46.8374,65153849,0.0608,synthetic-blacksea-mix,CC0-1.0,offshore
38.8789,45.8682,134643731,0.0087,synthetic-blacksea-mix,CC0-1.0,offshore
34.3151,40.7826,52792828,0.0000,synthetic-blacksea-mix,CC0-1.0,offshore
31.0112,43.8091,97145906,0.0000,synthetic-blacksea-mix,CC0-1.0,offshore
34.6468,41.4900,97394256,0.0000,synthetic-blacksea-mix,CC0-1.0,offshore
29.6906,45.5209,49725485,0.0394,synthetic-blacksea-mix,CC0-1.0,offshore
34.8176,41.0362,111254467,0.0248,synthetic-blacksea-mix,CC0-1.0,offshore
27.5090,43.1768,114341942,0.0000,synthetic-blacksea-mix,CC0-1.0,offshore
28.9802,45.3623,45603799,0.0000,synthetic-blacksea-mix,CC0-1.0,offshore
37.8639,40.0023,122768090,0.1014,synthetic-blacksea-mix,CC0-1.0,offshore
32.6105,45.4129,13295096,0.0406,synthetic-blacksea-mix,CC0-1.0,offshore
38.3821,40.0935,61160220,0.0000,synthetic-blacksea-mix,CC0-1.0,offshore
31.4386,44.7890,67491068,0.0794,synthetic-blacksea-mix,CC0-1.0,offshore
38.8400,44.8509,123516385,0.1549,synthetic-blacksea-mix,CC0-1.0,offshore
31.6021,42.5135,124911332,0.0000,synthetic-blacksea-mix,CC0-1.0,offshore
34.8431,41.8615,101739788,0.0000,synthetic-blacksea-mix,CC0-1.0,offshore
31.4840,44.3236,73068125,0.0000,synthetic-blacksea-mix,CC0-1.0,offshore
31.0526,45.6235,7744054,0.0000,synthetic-blacksea-mix,CC0-1.0,offshore
32.2296,41.3953,101799721,0.0000,synthetic-blacksea-mix,CC0-1.0,offshore
41.4384,46.8324,99891545,0.0000,synthetic-blacksea-mix,CC0-1.0,offshore
38.0435,43.0661,71819748,0.0011,synthetic-blacksea-mix,CC0-1.0,offshore
31.5710,44.5790,41185563,0.0000,synthetic-blacksea-mix,CC0-1.0,offshore
35.4413,46.0316,154815968,0.0009,synthetic-blacksea-mix,CC0-1.0,offshore
35.6343,44.1640,79441419,0.0000,synthetic-blacksea-mix,CC0-1.0,offshore
36.0958,45.2595,71822577,0.0924,synthetic-blacksea-mix,CC0-1.0,offshore
31.2021,45.1425,111557332,0.0782,synthetic-blacksea-mix,CC0-1.0,offshore
38.3380,41.0038,6234180,0.0000,synthetic-blacksea-mix,CC0-1.0,offshore
33.4067,42.4240,82640052,0.0401,synthetic-blacksea-mix,CC0-1.0,offshore
39.8148,45.3224,133246453,0.0000,synthetic-blacksea-mix,CC0-1.0,offshore
37.3538,42.4986,63167870,0.0180,synthetic-blacksea-mix,CC0-1.0,offshore
29.2715,45.9575,117748207,0.0000,synthetic-blacksea-mix,CC0-1.0,offshore
27.7013,41.7020,45445968,0.0268,synthetic-blacksea-mix,CC0-1.0,offshore
29.3439,42.6576,87551277,0.0308,synthetic-blacksea-mix,CC0-1.0,offshore
36.9036,44.1550,151276228,0.0047,synthetic-blacksea-mix,CC0-1.0,offshore
30.2532,44.8109,97760624,0.0000,synthetic-blacksea-mix,CC0-1.0,offshore
32.8373,45.3738,55054027,0.0221,synthetic-blacksea-mix,CC0-1.0,offshore
30.4847,42.1222,64645297,0.0000,synthetic-blacksea-mix,CC0-1.0,offshore
35.5790,42.9783,82103740,0.1793,synthetic-blacksea-mix,CC0-1.0,offshore
30.2022,41.8363,71696103,0.0383,synthetic-blacksea-mix,CC0-1.0,offshore
30.2073,46.9157,148208298,0.0000,synthetic-blacksea-mix,CC0-1.0,offshore
27.4956,45.5581,54467027,0.0000,synthetic-blacksea-mix,CC0-1.0,offshore
27.0769,44.6618,37611437,0.1446,synthetic-blacksea-mix,CC0-1.0,offshore
37.1263,41.1699,41901736,0.0259,synthetic-blacksea-mix,CC0-1.0,offshore
30.5283,46.5143,42585325,0.0000,synthetic-blacksea-mix,CC0-1.0,offshore
37.9677,42.4645,121612439,0.0187,synthetic-blacksea-mix,CC0-1.0,offshore
38.9303,40.4364,6963247,0.0000,synthetic-blacksea-mix,CC0-1.0,offshore
38.6595,45.7926,122835655,0.0375,synthetic-blacksea-mix,CC0-1.0,offshore
39.3643,46.3239,80867397,0.0000,synthetic-blacksea-mix,CC0-1.0,offshore
39.0421,43.0543,97506744,0.0091,synthetic-blacksea-mix,CC0-1.0,offshore
32.6215,41.6661,155743358,0.0000,synthetic-blacksea-mix,CC0-1.0,offshore
40.5881,40.6268,54603213,0.0435,synthetic-blacksea-mix,CC0-1.0,offshore
41.6857,43.0271,138973112,0.0000,synthetic-blacksea-mix,CC0-1.0,offshore
33.3450,45.7267,104999075,0.0118,synthetic-blacksea-mix,CC0-1.0,offshore
28.8872,44.8756,154344829,0.0403,synthetic-blacksea-mix,CC0-1.0,offshore
36.7180,45.9351,119191731,0.1009,synthetic-blacksea-mix,CC0-1.0,offshore
38.3539,41.5950,44398127,0.0153,synthetic-blacksea-mix,CC0-1.0,offshore
30.8990,44.6153,120762300,0.0000,synthetic-blacksea-mix,CC0-1.0,offshore
28.4478,40.5579,9893122,0.0062,synthetic-blacksea-mix,CC0-1.0,offshore
27.9617,44.8168,72657507,0.0000,synthetic-blacksea-mix,CC0-1.0,offshore
28.5723,46.9861,26882134,0.0000,synthetic-blacksea-mix,CC0-1.0,offshore
36.0195,44.3414,108160893,0.0000,synthetic-blacksea-mix,CC0-1.0,offshore
40.3974,40.9378,41504926,0.0000,synthetic-blacksea-mix,CC0-1.0,offshore
36.4312,42.3499,58671423,0.0781,synthetic-blacksea-mix,CC0-1.0,offshore
30.1584,40.5936,80572075,0.0000,synthetic-blacksea-mix,CC0-1.0,offshore
35.0739,40.3298,113275643,0.0289,synthetic-blacksea-mix,CC0-1.0,offshore
34.0753,41.9005,156119450,0.0000,synthetic-blacksea-mix,CC0-1.0,offshore
37.0668,41.3604,6419688,0.0161,synthetic-blacksea-mix,CC0-1.0,offshore
30.8468,40.8534,84291717,0.0196,synthetic-blacksea-mix,CC0-1.0,offshore
34.6771,41.3279,119929435,0.0000,synthetic-blacksea-mix,CC0-1.0,offshore
28.2264,40.4654,71945385,0.0288,synthetic-blacksea-mix,CC0-1.0,offshore
41.4090,41.7917,78622199,0.0000,synthetic-blacksea-mix,CC0-1.0,offshore
38.8486,46.4233,39913044,0.0000,synthetic-blacksea-mix,CC0-1.0,offshore
41.9035,45.3928,123849120,0.0000,synthetic-blacksea-mix,CC0-1.0,offshore
32.6346,42.2699,23197529,0.0000,synthetic-blacksea-mix,CC0-1.0,offshore
35.7825,44.8049,41121371,0.0022,synthetic-blacksea-mix,CC0-1.0,offshore
34.4454,41.3656,46324044,0.0597,synthetic-blacksea-mix,CC0-1.0,offshore
34.7435,44.5774,19292381,0.0515,synthetic-blacksea-mix,CC0-1.0,offshore
31.0168,42.0246,153058132,0.0366,synthetic-blacksea-mix,CC0-1.0,offshore
40.3915,40.8789,109738636,0.0475,synthetic-blacksea-mix,CC0-1.0,offshore
27.0986,41.8628,130083182,0.0000,synthetic-blacksea-mix,CC0-1.0,offshore
32.0356,43.1915,72277616,0.0000,synthetic-blacksea-mix,CC0-1.0,offshore
39.3993,46.6835,44725608,0.0000,synthetic-blacksea-mix,CC0-1.0,offshore
38.9015,40.2176,128387804,0.0231,synthetic-blacksea-mix,CC0-1.0,offshore
40.5083,41.8716,109587001,0.0000,synthetic-blacksea-mix,CC0-1.0,offshore
35.3783,40.6756,64563895,0.0000,synthetic-blacksea-mix,CC0-1.0,offshore
29.4002,41.2615,144304642,0.0000,synthetic-blacksea-mix,CC0-1.0,offshore
27.2407,42.1221,61375621,0.0000,synthetic-blacksea-mix,CC0-1.0,Burgas
39.7198,43.1394,61690641,0.0000,synthetic-blacksea-mix,CC0-1.0,Sochi
38.8876,41.6030,125320424,0.0445,synthetic-blacksea-mix,CC0-1.0,offshore
31.8522,46.2285,52333171,0.0000,synthetic-blacksea-mix,CC0-1.0,offshore
30.7728,41.4392,75865951,0.0176,synthetic-blacksea-mix,CC0-1.0,offshore
31.4739,46.8265,63618639,0.0000,synthetic-blacksea-mix,CC0-1.0,offshore
29.9759,44.8400,79633069,0.0220,synthetic-blacksea-mix,CC0-1.0,offshore
34.1745,40.1622,79175089,0.0000,synthetic-blacksea-mix,CC0-1.0,offshore
41.1329,42.1253,76184459,0.0000,synthetic-blacksea-mix,CC0-1.0,offshore
36.0812,45.3056,118847916,0.0000,synthetic-blacksea-mix,CC0-1.0,offshore
36.0347,44.2625,41808438,0.0000,synthetic-blacksea-mix,CC0-1.0,offshore
38.0487,44.7154,20674888,0.0000,synthetic-blacksea-mix,CC0-1.0,Novorossiysk
39.9278,41.0264,142883382,0.0530,synthetic-blacksea-mix,CC0-1.0,Trabzon
37.0535,44.7443,863996,0.0000,synthetic-blacksea-mix,CC0-1.0,Anapa
40.7123,45.9511,145764940,0.0000,synthetic-blacksea-mix,CC0-1.0,offshore
28.8515,41.1151,62687451,0.0000,synthetic-blacksea-mix,CC0-1.0,offshore
31.4747,46.0324,130490530,0.0648,synthetic-blacksea-mix,CC0-1.0,offshore
30.6605,42.8328,151756210,0.0000,synthetic-blacksea-mix,CC0-1.0,offshore
36.3990,40.1763,69865728,0.0000,synthetic-blacksea-mix,CC0-1.0,offshore
39.5071,45.7902,59442233,0.1254,synthetic-blacksea-mix,CC0-1.0,offshore
36.7495,46.1317,76035388,0.0202,synthetic-blacksea-mix,CC0-1.0,offshore
30.5664,43.8517,27211045,0.0000,synthetic-blacksea-mix,CC0-1.0,offshore
38.6514,43.2813,14288078,0.0197,synthetic-blacksea-mix,CC0-1.0,offshore
35.7229,46.1100,63679536,0.0000,synthetic-blacksea-mix,CC0-1.0,offshore
27.7438,45.1738,100541199,0.0000,synthetic-blacksea-mix,CC0-1.0,offshore
35.8406,42.6559,85641361,0.1246,synthetic-blacksea-mix,CC0-1.0,offshore
39.3798,46.2729,125263963,0.0116,synthetic-blacksea-mix,CC0-1.0,offshore
36.0314,43.1851,103022919,0.3745,synthetic-blacksea-mix,CC0-1.0,offshore
39.8979,42.4769,32805345,0.0192,synthetic-blacksea-mix,CC0-1.0,offshore
29.6778,44.8725,20408612,0.0000,synthetic-blacksea-mix,CC0-1.0,offshore
31.1703,40.2380,150430195,0.0000,synthetic-blacksea-mix,CC0-1.0,offshore
30.9039,40.1630,136714141,0.0380,synthetic-blacksea-mix,CC0-1.0,offshore
33.4214,43.4953,38944160,0.1960,synthetic-blacksea-mix,CC0-1.0,offshore
39.9510,42.0563,78594791,0.0276,synthetic-blacksea-mix,CC0-1.0,offshore
27.8546,46.7616,51342554,0.0000,synthetic-blacksea-mix,CC0-1.0,offshore
35.0143,43.8378,118535607,0.0660,synthetic-blacksea-mix,CC0-1.0,offshore
39.9220,42.0658,12803249,0.0000,synthetic-blacksea-mix,CC0-1.0,offshore
33.1832,40.8786,38835552,0.0128,synthetic-blacksea-mix,CC0-1.0,offshore
28.2510,43.5622,138456706,0.0000,synthetic-blacksea-mix,CC0-1.0,offshore
39.1766,43.6123,24248693,0.0000,synthetic-blacksea-mix,CC0-1.0,offshore
29.4778,42.7168,53210462,0.0000,synthetic-blacksea-mix,CC0-1.0,offshore
39.5635,45.8684,49339853,0.0174,synthetic-blacksea-mix,CC0-1.0,offshore
39.7973,44.8276,52279002,0.0000,synthetic-blacksea-mix,CC0-1.0,offshore
32.8399,44.5078,153491808,0.0326,synthetic-blacksea-mix,CC0-1.0,offshore
41.1130,44.2527,117351930,0.0000,synthetic-blacksea-mix,CC0-1.0,offshore
27.9320,40.7372,133610978,0.0771,synthetic-blacksea-mix,CC0-1.0,offshore
32.2364,45.2181,90265858,0.0000,synthetic-blacksea-mix,CC0-1.0,offshore
34.5902,42.6769,7307364,0.0000,synthetic-blacksea-mix,CC0-1.0,offshore
29.3888,44.0859,98484263,0.0177,synthetic-blacksea-mix,CC0-1.0,offshore
27.2643,44.7543,103898513,0.0917,synthetic-blacksea-mix,CC0-1.0,offshore
30.2633,43.4596,134161613,0.0489,synthetic-blacksea-mix,CC0-1.0,offshore
34.9440,40.9416,13286022,0.0000,synthetic-blacksea-mix,CC0-1.0,offshore
33.9085,42.4073,7849057,0.0000,synthetic-blacksea-mix,CC0-1.0,offshore
34.3755,43.2592,22712770,0.0788,synthetic-blacksea-mix,CC0-1.0,offshore
35.3726,41.1371,80485803,0.0000,synthetic-blacksea-mix,CC0-1.0,offshore
31.9224,44.9869,36674249,0.0577,synthetic-blacksea-mix,CC0-1.0,offshore
33.7266,41.3194,139703054,0.0000,synthetic-blacksea-mix,CC0-1.0,offshore
29.6272,43.5823,56573026,0.0000,synthetic-blacksea-mix,CC0-1.0,offshore
30.1001,40.0513,30511367,0.0000,synthetic-blacksea-mix,CC0-1.0,offshore
29.1882,40.4201,35840,0.0611,synthetic-blacksea-mix,CC0-1.0,offshore
30.5622,40.2216,100981030,0.0000,synthetic-blacksea-mix,CC0-1.0,offshore
36.4743,46.9741,95081976,0.0000,synthetic-blacksea-mix,CC0-1.0,offshore
36.1216,41.7764,74789325,0.0000,synthetic-blacksea-mix,CC0-1.0,offshore
37.0151,46.0614,100846341,0.0000,synthetic-blacksea-mix,CC0-1.0,offshore
30.0017,45.7239,109121529,0.0170,synthetic-blacksea-mix,CC0-1.0,offshore
28.7604,43.6596,19964193,0.0000,synthetic-blacksea-mix,CC0-1.0,offshore
37.3916,44.3200,654210,0.0423,synthetic-blacksea-mix,CC0-1.0,offshore
36.3392,42.4368,99568918,0.1138,synthetic-blacksea-mix,CC0-1.0,offshore
37.9131,41.3561,20960097,0.0599,synthetic-blacksea-mix,CC0-1.0,offshore
30.0991,46.3311,38556936,0.0468,synthetic-blacksea-mix,CC0-1.0,offshore
36.7702,40.1261,48346917,0.0515,synthetic-blacksea-mix,CC0-1.0,offshore
36.1001,46.5602,100257050,0.0416,synthetic-blacksea-mix,CC0-1.0,offshore
27.8879,42.9566,25593857,0.0000,synthetic-blacksea-mix,CC0-1.0,offshore
41.9386,44.2390,9834903,0.0105,synthetic-blacksea-mix,CC0-1.0,offshore
29.8243,41.9255,71465702,0.0000,synthetic-blacksea-mix,CC0-1.0,offshore
29.7584,43.3281,129166761,0.0000,synthetic-blacksea-mix,CC0-1.0,offshore
40.7008,41.9222,30363566,0.0388,synthetic-blacksea-mix,CC0-1.0,offshore
32.9140,45.9306,45987673,0.0000,synthetic-blacksea-mix,CC0-1.0,offshore
27.3533,43.3689,27435508,0.0000,synthetic-blacksea-mix,CC0-1.0,offshore
35.3523,44.8788,57078590,0.0000,synthetic-blacksea-mix,CC0-1.0,offshore
41.0860,44.0089,91703518,0.0000,synthetic-blacksea-mix,CC0-1.0,offshore
39.1374,42.7301,15830614,0.0000,synthetic-blacksea-mix,CC0-1.0,offshore
30.1398,41.1094,42718890,0.0248,synthetic-blacksea-mix,CC0-1.0,offshore
36.4072,42.8160,12115069,0.0000,synthetic-blacksea-mix,CC0-1.0,offshore
41.7592,44.7266,34694195,0.0000,synthetic-blacksea-mix,CC0-1.0,offshore
40.7129,40.3791,54697683,0.0000,synthetic-blacksea-mix,CC0-1.0,offshore
35.3435,44.4721,51725113,0.0241,synthetic-blacksea-mix,CC0-1.0,offshore
35.2650,44.3639,48588660,0.0000,synthetic-blacksea-mix,CC0-1.0,offshore
38.0541,43.5678,9918200,0.0125,synthetic-blacksea-mix,CC0-1.0,offshore
40.5063,44.6101,153937508,0.0494,synthetic-blacksea-mix,CC0-1.0,offshore
35.9108,41.3139,142418318,0.0000,synthetic-blacksea-mix,CC0-1.0,offshore
33.8542,40.9063,27025923,0.0224,synthetic-blacksea-mix,CC0-1.0,offshore
35.8989,42.7568,98336354,0.2303,synthetic-blacksea-mix,CC0-1.0,offshore
34.2560,46.7273,151058360,0.0006,synthetic-blacksea-mix,CC0-1.0,offshore
41.9563,46.4868,52828332,0.0000,synthetic-blacksea-mix,CC0-1.0,offshore
32.4390,46.3734,86901850,0.0000,synthetic-blacksea-mix,CC0-1.0,offshore
35.4950,46.7304,10422913,0.0101,synthetic-blacksea-mix,CC0-1.0,offshore
32.7556,42.5576,18808917,0.0000,synthetic-blacksea-mix,CC0-1.0,offshore
34.6784,44.0108,104825575,0.0557,synthetic-blacksea-mix,CC0-1.0,offshore
31.4550,44.3180,130597987,0.0488,synthetic-blacksea-mix,CC0-1.0,offshore
32.8138,45.3103,72299258,0.0046,synthetic-blacksea-mix,CC0-1.0,offshore
41.3419,44.4373,94525281,0.0923,synthetic-blacksea-mix,CC0-1.0,offshore
40.2141,40.1937,22108850,0.0425,synthetic-blacksea-mix,CC0-1.0,offshore
31.2462,45.7460,41000818,0.0067,synthetic-blacksea-mix,CC0-1.0,offshore
31.0656,40.1191,72149798,0.0135,synthetic-blacksea-mix,CC0-1.0,offshore
33.4943,45.5738,131807079,0.0185,synthetic-blacksea-mix,CC0-1.0,offshore
41.2576,41.0561,117260473,0.0240,synthetic-blacksea-mix,CC0-1.0,offshore
29.3887,41.3458,62590316,0.0000,synthetic-blacksea-mix,CC0-1.0,offshore
38.7985,43.5318,114268948,0.0062,synthetic-blacksea-mix,CC0-1.0,offshore
33.2888,43.4975,62387993,0.0467,synthetic-blacksea-mix,CC0-1.0,offshore
31.7448,43.1951,112669159,0.0000,synthetic-blacksea-mix,CC0-1.0,offshore
41.0539,41.8966,50086764,0.0000,synthetic-blacksea-mix,CC0-1.0,offshore
40.0928,42.7455,89885853,0.0053,synthetic-blacksea-mix,CC0-1.0,offshore
32.2418,46.2695,130393251,0.0000,synthetic-blacksea-mix,CC0-1.0,offshore
33.1775,46.2983,76243496,0.0000,synthetic-blacksea-mix,CC0-1.0,offshore
28.5219,45.8032,84010548,0.0037,synthetic-blacksea-mix,CC0-1.0,offshore
33.0868,45.7424,1002447,0.0127,synthetic-blacksea-mix,CC0-1.0,offshore
27.9187,46.2978,38855832,0.0415,synthetic-blacksea-mix,CC0-1.0,offshore
27.7719,41.6205,62183964,0.1062,synthetic-blacksea-mix,CC0-1.0,offshore
28.9345,44.5683,42719997,0.0000,synthetic-blacksea-mix,CC0-1.0,Constanta
36.4043,40.3122,92473763,0.0129,synthetic-blacksea-mix,CC0-1.0,offshore
39.6935,42.7347,85402287,0.0057,synthetic-blacksea-mix,CC0-1.0,offshore
34.4886,42.4290,51744870,0.0000,synthetic-blacksea-mix,CC0-1.0,offshore
29.7907,45.0107,114046532,0.0000,synthetic-blacksea-mix,CC0-1.0,offshore
34.6150,40.0333,113607852,0.0000,synthetic-blacksea-mix,CC0-1.0,offshore
31.6271,43.3886,24364919,0.0000,synthetic-blacksea-mix,CC0-1.0,offshore
35.5634,44.4287,67002665,0.0000,synthetic-blacksea-mix,CC0-1.0,offshore
36.7154,45.3967,130146593,0.0000,synthetic-blacksea-mix,CC0-1.0,offshore
35.2115,46.2400,20773508,0.0364,synthetic-blacksea-mix,CC0-1.0,offshore
31.2475,40.9911,37126814,0.0000,synthetic-blacksea-mix,CC0-1.0,offshore
28.7981,45.7833,47903111,0.0000,synthetic-blacksea-mix,CC0-1.0,offshore
27.9444,43.2165,13748609,0.0000,synthetic-blacksea-mix,CC0-1.0,offshore
29.4182,42.9489,39577914,0.0000,synthetic-blacksea-mix,CC0-1.0,offshore
28.3467,46.3266,48125225,0.0000,synthetic-blacksea-mix,CC0-1.0,offshore
32.3530,41.0894,88774770,0.0000,synthetic-blacksea-mix,CC0-1.0,offshore
34.9252,41.3769,144169417,0.0000,synthetic-blacksea-mix,CC0-1.0,offshore
41.9900,42.8354,33690704,0.0103,synthetic-blacksea-mix,CC0-1.0,offshore
39.9692,46.5194,144628010,0.0000,synthetic-blacksea-mix,CC0-1.0,offshore
34.6767,41.2419,142605546,0.0606,synthetic-blacksea-mix,CC0-1.0,offshore
31.4903,40.1653,142079898,0.0280,synthetic-blacksea-mix,CC0-1.0,offshore
39.6140,41.3720,18704905,0.0000,synthetic-blacksea-mix,CC0-1.0,Trabzon
27.7825,42.2925,81078084,0.0379,synthetic-blacksea-mix,CC0-1.0,Burgas
32.4359,44.3509,18182268,0.2782,synthetic-blacksea-mix,CC0-1.0,offshore
30.9458,44.9190,96692956,0.0000,synthetic-blacksea-mix,CC0-1.0,offshore
40.8689,43.5377,43963609,0.0252,synthetic-blacksea-mix,CC0-1.0,offshore
31.2451,45.1636,117888723,0.0000,synthetic-blacksea-mix,CC0-1.0,offshore
41.3092,46.6067,73765119,0.0000,synthetic-blacksea-mix,CC0-1.0,offshore
40.5338,40.0771,131326991,0.0349,synthetic-blacksea-mix,CC0-1.0,offshore
27.7917,45.4691,71854245,0.0539,synthetic-blacksea-mix,CC0-1.0,offshore
36.0936,43.6793,75640878,0.0427,synthetic-blacksea-mix,CC0-1.0,offshore
31.6325,41.9210,129642304,0.1181,synthetic-blacksea-mix,CC0-1.0,offshore
28.4992,44.7237,21453167,0.0026,synthetic-blacksea-mix,CC0-1.0,offshore
37.8040,46.1853,123933409,0.0000,synthetic-blacksea-mix,CC0-1.0,offshore
35.0161,41.7609,44960166,0.0021,synthetic-blacksea-mix,CC0-1.0,offshore
33.3009,40.0631,1409605,0.0079,synthetic-blacksea-mix,CC0-1.0,offshore
37.6703,46.4759,23864116,0.0406,synthetic-blacksea-mix,CC0-1.0,offshore
41.4864,42.3398,111655754,0.0241,synthetic-blacksea-mix,CC0-1.0,offshore
29.4116,43.6074,139778922,0.0472,synthetic-blacksea-mix,CC0-1.0,offshore
40.2379,40.7372,73653123,0.0000,synthetic-blacksea-mix,CC0-1.0,offshore
29.4908,45.1106,25267576,0.0000,synthetic-blacksea-mix,CC0-1.0,offshore
31.3153,43.1868,100885436,0.0000,synthetic-blacksea-mix,CC0-1.0,offshore
30.7871,43.1500,91334978,0.1290,synthetic-blacksea-mix,CC0-1.0,offshore
41.2442,45.6915,139863641,0.0437,synthetic-blacksea-mix,CC0-1.0,offshore
36.7081,46.6810,149953656,0.0613,synthetic-blacksea-mix,CC0-1.0,offshore
30.3237,46.2255,56058844,0.0690,synthetic-blacksea-mix,CC0-1.0,offshore
27.3496,40.6930,157194409,0.0000,synthetic-blacksea-mix,CC0-1.0,offshore
29.2102,42.1145,138613215,0.0000,synthetic-blacksea-mix,CC0-1.0,offshore
36.1701,41.9173,60168794,0.0321,synthetic-blacksea-mix,CC0-1.0,offshore
29.6060,46.6353,111833489,0.0000,synthetic-blacksea-mix,CC0-1.0,offshore
33.6406,40.2310,134954938,0.0000,synthetic-blacksea-mix,CC0-1.0,offshore
27.2958,41.3928,18977761,0.0105,synthetic-blacksea-mix,CC0-1.0,offshore
27.2027,46.8414,151919973,0.0000,synthetic-blacksea-mix,CC0-1.0,offshore
39.7932,45.2887,64111163,0.0733,synthetic-blacksea-mix,CC0-1.0,offshore
35.1845,40.3688,125739317,0.0359,synthetic-blacksea-mix,CC0-1.0,offshore
27.2161,40.4001,88415207,0.0276,synthetic-blacksea-mix,CC0-1.0,offshore
39.7630,45.7471,64040109,0.0008,synthetic-blacksea-mix,CC0-1.0,offshore
37.6927,46.7587,151649133,0.0000,synthetic-blacksea-mix,CC0-1.0,offshore
31.1257,40.8240,116903516,0.1240,synthetic-blacksea-mix,CC0-1.0,offshore
39.4932,40.3751,13315979,0.0000,synthetic-blacksea-mix,CC0-1.0,offshore
29.2121,46.8640,80284455,0.0375,synthetic-blacksea-mix,CC0-1.0,offshore
31.7220,46.9966,46969264,0.0000,synthetic-blacksea-mix,CC0-1.0,offshore
28.9920,44.6066,52981047,0.0336,synthetic-blacksea-mix,CC0-1.0,offshore
41.6473,42.0628,146268713,0.0000,synthetic-blacksea-mix,CC0-1.0,offshore
28.6087,45.8303,10123780,0.0000,synthetic-blacksea-mix,CC0-1.0,offshore
28.6611,42.4899,156165470,0.0069,synthetic-blacksea-mix,CC0-1.0,offshore
38.0923,43.5340,133561059,0.0719,synthetic-blacksea-mix,CC0-1.0,offshore
38.7062,40.4349,23142332,0.0519,synthetic-blacksea-mix,CC0-1.0,offshore
35.7810,40.7584,27333760,0.0108,synthetic-blacksea-mix,CC0-1.0,offshore
38.3345,42.7604,105986426,0.0000,synthetic-blacksea-mix,CC0-1.0,offshore
39.5922,41.6850,103570018,0.0000,synthetic-blacksea-mix,CC0-1.0,offshore
29.6098,46.4700,105042912,0.0555,synthetic-blacksea-mix,CC0-1.0,offshore
38.3923,41.8953,60638079,0.0499,synthetic-blacksea-mix,CC0-1.0,offshore
29.7270,41.7570,139173591,0.0909,synthetic-blacksea-mix,CC0-1.0,offshore
41.4264,46.0409,140526718,0.0000,synthetic-blacksea-mix,CC0-1.0,offshore
36.2489,41.3901,131752553,0.1463,synthetic-blacksea-mix,CC0-1.0,offshore
41.6895,40.6618,65850656,0.0000,synthetic-blacksea-mix,CC0-1.0,offshore
27.8687,44.9403,21430337,0.0000,synthetic-blacksea-mix,CC0-1.0,offshore
37.8211,46.8040,36500060,0.0325,synthetic-blacksea-mix,CC0-1.0,offshore
34.0494,46.2389,118358797,0.0000,synthetic-blacksea-mix,CC0-1.0,offshore
41.9835,46.3321,70607289,0.0187,synthetic-blacksea-mix,CC0-1.0,offshore
40.5754,40.8620,34690486,0.0000,synthetic-blacksea-mix,CC0-1.0,offshore
32.8372,46.9960,122052276,0.0000,synthetic-blacksea-mix,CC0-1.0,offshore
41.8166,40.7275,41552992,0.0180,synthetic-blacksea-mix,CC0-1.0,offshore
35.6254,41.4266,16590194,0.0000,synthetic-blacksea-mix,CC0-1.0,offshore
32.9689,41.1966,103007732,0.0000,synthetic-blacksea-mix,CC0-1.0,offshore
38.7493,42.3797,142461538,0.0000,synthetic-blacksea-mix,CC0-1.0,offshore
33.5860,45.4550,98056856,0.0196,synthetic-blacksea-mix,CC0-1.0,offshore
40.3899,44.5273,65388058,0.0037,synthetic-blacksea-mix,CC0-1.0,offshore
39.3465,42.8413,44732877,0.0386,synthetic-blacksea-mix,CC0-1.0,offshore
28.5106,46.0255,27425352,0.0260,synthetic-blacksea-mix,CC0-1.0,offshore
33.4981,41.5258,129488896,0.0000,synthetic-blacksea-mix,CC0-1.0,offshore
27.8458,40.1547,85436016,0.0195,synthetic-blacksea-mix,CC0-1.0,offshore
35.8720,40.2636,31678890,0.0057,synthetic-blacksea-mix,CC0-1.0,offshore
32.1400,41.9076,74512165,0.0192,synthetic-blacksea-mix,CC0-1.0,offshore
37.7344,45.8512,113993541,0.0106,synthetic-blacksea-mix,CC0-1.0,offshore
38.9576,42.1723,4998856,0.0178,synthetic-blacksea-mix,CC0-1.0,offshore
38.1977,42.4892,103723396,0.0000,synthetic-blacksea-mix,CC0-1.0,offshore
40.4844,45.2125,63114476,0.0000,synthetic-blacksea-mix,CC0-1.0,offshore
33.5394,41.3135,112783419,0.0000,synthetic-blacksea-mix,CC0-1.0,offshore
33.8262,42.6750,71203548,0.0093,synthetic-blacksea-mix,CC0-1.0,offshore
33.2053,43.8032,112586193,0.0830,synthetic-blacksea-mix,CC0-1.0,offshore
34.5575,46.6053,41760002,0.0000,synthetic-blacksea-mix,CC0-1.0,offshore
38.7506,40.8492,148519746,0.0000,synthetic-blacksea-mix,CC0-1.0,offshore
27.2545,44.0881,7805790,0.0072,synthetic-blacksea-mix,CC0-1.0,offshore
32.6902,44.3658,130086454,0.0019,synthetic-blacksea-mix,CC0-1.0,offshore
27.3226,45.9252,85340825,0.0000,synthetic-blacksea-mix,CC0-1.0,offshore
30.3653,41.5122,127834591,0.0343,synthetic-blacksea-mix,CC0-1.0,offshore
41.2291,43.3380,155650665,0.0094,synthetic-blacksea-mix,CC0-1.0,offshore
31.7902,42.7764,41989829,0.0000,synthetic-blacksea-mix,CC0-1.0,offshore
39.6609,45.3720,22815969,0.0000,synthetic-blacksea-mix,CC0-1.0,offshore
29.9153,44.3494,29506571,0.0225,synthetic-blacksea-mix,CC0-1.0,offshore
40.7344,46.5796,58703805,0.0000,synthetic-blacksea-mix,CC0-1.0,offshore
39.7301,42.9939,67839,0.0263,synthetic-blacksea-mix,CC0-1.0,offshore
35.0744,46.7449,58784313,0.0000,synthetic-blacksea-mix,CC0-1.0,offshore
29.8188,40.2307,20477009,0.0004,synthetic-blacksea-mix,CC0-1.0,offshore
31.7657,43.9101,24166082,0.0830,synthetic-blacksea-mix,CC0-1.0,offshore
35.0203,40.4934,6590112,0.0000,synthetic-blacksea-mix,CC0-1.0,offshore
41.6329,42.3592,76397191,0.0000,synthetic-blacksea-mix,CC0-1.0,offshore
41.0509,45.8520,32510985,0.0465,synthetic-blacksea-mix,CC0-1.0,offshore
27.7473,44.4875,90887173,0.0000,synthetic-blacksea-mix,CC0-1.0,offshore
35.3590,43.1256,72185842,0.2319,synthetic-blacksea-mix,CC0-1.0,offshore
37.9137,45.4697,5274304,0.0169,synthetic-blacksea-mix,CC0-1.0,offshore
36.3188,41.6292,73374418,0.0638,synthetic-blacksea-mix,CC0-1.0,offshore
41.4739,46.5618,65766,0.0363,synthetic-blacksea-mix,CC0-1.0,offshore
29.7883,46.7206,99584465,0.0000,synthetic-blacksea-mix,CC0-1.0,offshore
38.5657,40.2880,31989561,0.0000,synthetic-blacksea-mix,CC0-1.0,offshore
34.5657,42.8901,100853967,0.0000,synthetic-blacksea-mix,CC0-1.0,offshore
30.9159,42.3121,45115210,0.0000,synthetic-blacksea-mix,CC0-1.0,offshore
35.9067,42.8362,43954439,0.0147,synthetic-blacksea-mix,CC0-1.0,offshore
27.5136,44.0327,137169800,0.0109,synthetic-blacksea-mix,CC0-1.0,offshore
33.2353,41.1685,56851816,0.0000,synthetic-blacksea-mix,CC0-1.0,offshore
33.7468,46.9480,64463772,0.0000,synthetic-blacksea-mix,CC0-1.0,offshore
36.2523,40.4558,83167595,0.0000,synthetic-blacksea-mix,CC0-1.0,offshore
28.8265,46.0445,87533762,0.0000,synthetic-blacksea-mix,CC0-1.0,offshore
40.3093,44.7661,111563822,0.0026,synthetic-blacksea-mix,CC0-1.0,offshore
36.9034,42.8436,108748788,0.0894,synthetic-blacksea-mix,CC0-1.0,offshore
41.7462,42.6309,109375714,0.0217,synthetic-blacksea-mix,CC0-1.0,offshore
39.2188,40.5708,36108365,0.0105,synthetic-blacksea-mix,CC0-1.0,offshore
27.1253,45.7516,20237766,0.0481,synthetic-blacksea-mix,CC0-1.0,offshore
27.5202,45.0529,20916602,0.0000,synthetic-blacksea-mix,CC0-1.0,offshore
29.3145,43.0999,56520081,0.0314,synthetic-blacksea-mix,CC0-1.0,offshore
34.0782,40.8193,80379892,0.0474,synthetic-blacksea-mix,CC0-1.0,offshore
33.3238,41.1210,5014277,0.0507,synthetic-blacksea-mix,CC0-1.0,offshore
35.8343,40.2700,99084786,0.0014,synthetic-blacksea-mix,CC0-1.0,offshore
30.9587,40.0466,97006049,0.0536,synthetic-blacksea-mix,CC0-1.0,offshore
30.3603,41.1653,44296051,0.0919,synthetic-blacksea-mix,CC0-1.0,offshore
28.9146,45.8900,3538188,0.0112,synthetic-blacksea-mix,CC0-1.0,offshore
32.0629,46.1624,79860248,0.0000,synthetic-blacksea-mix,CC0-1.0,offshore
34.8310,43.5955,151361696,0.0130,synthetic-blacksea-mix,CC0-1.0,offshore
36.5120,43.2573,33851828,0.0051,synthetic-blacksea-mix,CC0-1.0,offshore
37.5422,45.0830,143909930,0.0386,synthetic-blacksea-mix,CC0-1.0,Anapa
30.6613,41.6148,124391541,0.0932,synthetic-blacksea-mix,CC0-1.0,offshore
31.3939,43.4142,149445079,0.0234,synthetic-blacksea-mix,CC0-1.0,offshore
34.4017,45.5800,43998186,0.0834,synthetic-blacksea-mix,CC0-1.0,offshore
30.2757,43.3696,135917260,0.0000,synthetic-blacksea-mix,CC0-1.0,offshore
35.3607,43.4977,28111202,0.0000,synthetic-blacksea-mix,CC0-1.0,offshore
36.0089,46.0102,76642315,0.0000,synthetic-blacksea-mix,CC0-1.0,offshore
39.0707,43.5556,83485947,0.0057,synthetic-blacksea-mix,CC0-1.0,offshore
29.9823,41.7978,41791815,0.0365,synthetic-blacksea-mix,CC0-1.0,offshore
37.0708,43.9061,70384646,0.0582,synthetic-blacksea-mix,CC0-1.0,offshore
33.5115,41.6665,110269659,0.0188,synthetic-blacksea-mix,CC0-1.0,offshore
27.1670,46.0940,16933519,0.0000,synthetic-blacksea-mix,CC0-1.0,offshore
27.3523,41.2380,90002990,0.0000,synthetic-blacksea-mix,CC0-1.0,offshore
34.7711,43.0437,40268823,0.0000,synthetic-blacksea-mix,CC0-1.0,offshore
32.2917,45.1285,124706501,0.0842,synthetic-blacksea-mix,CC0-1.0,offshore
38.4475,41.3642,77404239,0.0040,synthetic-blacksea-mix,CC0-1.0,offshore
31.2555,40.6574,152424139,0.0628,synthetic-blacksea-mix,CC0-1.0,offshore
32.4408,43.9257,99580919,0.0000,synthetic-blacksea-mix,CC0-1.0,offshore
34.4360,43.5390,22232774,0.0464,synthetic-blacksea-mix,CC0-1.0,offshore
27.8816,44.8998,57847859,0.1031,synthetic-blacksea-mix,CC0-1.0,offshore
37.5678,46.1863,17888848,0.0000,synthetic-blacksea-mix,CC0-1.0,offshore
41.0729,40.0381,82826223,0.0083,synthetic-blacksea-mix,CC0-1.0,offshore
38.9170,43.1741,141777414,0.0141,synthetic-blacksea-mix,CC0-1.0,offshore
32.5422,46.6079,44523603,0.0000,synthetic-blacksea-mix,CC0-1.0,offshore
39.0328,43.6730,140606754,0.0721,synthetic-blacksea-mix,CC0-1.0,offshore
39.7745,43.8027,88816851,0.0000,synthetic-blacksea-mix,CC0-1.0,Sochi
41.3932,46.9162,124685353,0.0000,synthetic-blacksea-mix,CC0-1.0,offshore
40.1867,40.4995,69615222,0.0000,synthetic-blacksea-mix,CC0-1.0,offshore
40.4496,45.4849,87837203,0.0000,synthetic-blacksea-mix,CC0-1.0,offshore
37.3339,41.2125,92803465,0.0000,synthetic-blacksea-mix,CC0-1.0,offshore
38.2325,42.5922,54920432,0.0000,synthetic-blacksea-mix,CC0-1.0,offshore
28.1259,44.2809,70875140,0.0000,synthetic-blacksea-mix,CC0-1.0,offshore
30.7309,46.4692,131637439,0.0000,synthetic-blacksea-mix,CC0-1.0,offshore
37.8113,42.8418,106452953,0.0963,synthetic-blacksea-mix,CC0-1.0,offshore
41.3994,46.9018,91170481,0.0130,synthetic-blacksea-mix,CC0-1.0,offshore
38.1319,46.2254,19179139,0.0673,synthetic-blacksea-mix,CC0-1.0,offshore
27.5189,41.9634,42667495,0.0000,synthetic-blacksea-mix,CC0-1.0,offshore
27.1773,42.0384,105925266,0.0092,synthetic-blacksea-mix,CC0-1.0,offshore
30.6440,41.3284,27421694,0.0000,synthetic-blacksea-mix,CC0-1.0,offshore
39.0236,43.5898,29424878,0.1109,synthetic-blacksea-mix,CC0-1.0,offshore
33.2167,46.8490,107801411,0.0170,synthetic-blacksea-mix,CC0-1.0,offshore
39.8385,43.0292,92409920,0.0307,synthetic-blacksea-mix,CC0-1.0,offshore
32.4339,41.3727,93074346,0.0543,synthetic-blacksea-mix,CC0-1.0,offshore
40.6930,46.0542,75996229,0.0000,synthetic-blacksea-mix,CC0-1.0,offshore
30.4122,42.6151,91772652,0.0677,synthetic-blacksea-mix,CC0-1.0,offshore
29.4908,43.9078,86674360,0.0000,synthetic-blacksea-mix,CC0-1.0,offshore
35.9226,46.5642,152588929,0.0000,synthetic-blacksea-mix,CC0-1.0,offshore
37.5586,44.2665,143361838,0.0791,synthetic-blacksea-mix,CC0-1.0,offshore
38.2383,45.9400,128786498,0.1224,synthetic-blacksea-mix,CC0-1.0,offshore
35.1435,41.5347,93592231,0.0000,synthetic-blacksea-mix,CC0-1.0,offshore
34.0455,45.2474,21870067,0.0638,synthetic-blacksea-mix,CC0-1.0,offshore
27.3756,41.6931,62090880,0.0000,synthetic-blacksea-mix,CC0-1.0,offshore
31.4317,45.7275,56692993,0.1028,synthetic-blacksea-mix,CC0-1.0,offshore
30.3732,40.1602,88738104,0.0558,synthetic-blacksea-mix,CC0-1.0,offshore
33.8870,43.8301,103692712,0.0000,synthetic-blacksea-mix,CC0-1.0,offshore
31.3850,46.7690,137377132,0.0000,synthetic-blacksea-mix,CC0-1.0,offshore
30.3452,45.8810,73322989,0.0665,synthetic-blacksea-mix,CC0-1.0,offshore
36.3437,45.9868,126053230,0.0000,synthetic-blacksea-mix,CC0-1.0,offshore
29.2922,42.5853,113590160,0.0000,synthetic-blacksea-mix,CC0-1.0,offshore
35.6882,45.2120,64341780,0.0000,synthetic-blacksea-mix,CC0-1.0,offshore
30.3688,42.9795,103120584,0.0810,synthetic-blacksea-mix,CC0-1.0,offshore
30.7609,44.9280,31043717,0.0000,synthetic-blacksea-mix,CC0-1.0,offshore
40.6320,46.1563,113930790,0.0000,synthetic-blacksea-mix,CC0-1.0,offshore
35.9338,46.7217,65683710,0.0062,synthetic-blacksea-mix,CC0-1.0,offshore
31.0506,44.0475,18166125,0.0489,synthetic-blacksea-mix,CC0-1.0,offshore
33.0611,41.1922,71799857,0.0204,synthetic-blacksea-mix,CC0-1.0,offshore
30.6103,46.3610,84783222,0.0498,synthetic-blacksea-mix,CC0-1.0,offshore
34.5104,42.5064,22169243,0.0143,synthetic-blacksea-mix,CC0-1.0,offshore
41.4237,46.0464,42578986,0.0901,synthetic-blacksea-mix,CC0-1.0,offshore
30.0745,44.2039,17314641,0.0000,synthetic-blacksea-mix,CC0-1.0,offshore
41.4708,44.5867,37171087,0.0648,synthetic-blacksea-mix,CC0-1.0,offshore
35.0355,41.8399,9679577,0.0073,synthetic-blacksea-mix,CC0-1.0,offshore
33.3101,46.8121,14965642,0.0000,synthetic-blacksea-mix,CC0-1.0,offshore
34.6482,45.4578,141758871,0.0000,synthetic-blacksea-mix,CC0-1.0,offshore
34.6824,42.6583,130901423,0.0183,synthetic-blacksea-mix,CC0-1.0,offshore
36.0215,42.7367,36006360,0.0531,synthetic-blacksea-mix,CC0-1.0,offshore
33.9747,43.9736,76725745,0.0000,synthetic-blacksea-mix,CC0-1.0,offshore
38.8017,46.2944,1988941,0.0360,synthetic-blacksea-mix,CC0-1.0,offshore
40.9227,44.7834,134597652,0.0017,synthetic-blacksea-mix,CC0-1.0,offshore
38.6845,46.4181,141931935,0.0000,synthetic-blacksea-mix,CC0-1.0,offshore
41.0556,40.2232,156017470,0.0000,synthetic-blacksea-mix,CC0-1.0,offshore
37.6425,40.5484,141100653,0.0275,synthetic-blacksea-mix,CC0-1.0,offshore
30.7422,44.9903,56675158,0.0584,synthetic-blacksea-mix,CC0-1.0,offshore
37.7056,46.1032,5548552,0.0302,synthetic-blacksea-mix,CC0-1.0,offshore
34.6504,43.9843,50621231,0.1310,synthetic-blacksea-mix,CC0-1.0,offshore
36.9335,40.0418,157409264,0.0000,synthetic-blacksea-mix,CC0-1.0,offshore
28.0429,44.9968,118494833,0.0182,synthetic-blacksea-mix,CC0-1.0,offshore
29.7384,44.7275,60127255,0.0093,synthetic-blacksea-mix,CC0-1.0,offshore
27.3646,45.1790,90170096,0.0309,synthetic-blacksea-mix,CC0-1.0,offshore
33.9682,46.2693,140594595,0.0000,synthetic-blacksea-mix,CC0-1.0,offshore
40.5811,46.5300,104131783,0.0072,synthetic-blacksea-mix,CC0-1.0,offshore
35.6288,44.6852,29529713,0.0000,synthetic-blacksea-mix,CC0-1.0,offshore
27.3900,41.7460,21414628,0.0000,synthetic-blacksea-mix,CC0-1.0,offshore
37.7472,42.7238,31613463,0.0000,synthetic-blacksea-mix,CC0-1.0,offshore
34.3984,45.1290,51173876,0.0513,synthetic-blacksea-mix,CC0-1.0,offshore
29.4874,45.8867,35624582,0.0251,synthetic-blacksea-mix,CC0-1.0,offshore
40.5144,44.9433,12202643,0.0999,synthetic-blacksea-mix,CC0-1.0,offshore
39.7362,41.8876,96041243,0.0808,synthetic-blacksea-mix,CC0-1.0,offshore
32.0314,45.5117,1265446,0.0000,synthetic-blacksea-mix,CC0-1.0,offshore
29.4908,46.2850,34134161,0.0000,synthetic-blacksea-mix,CC0-1.0,offshore
32.6223,44.1284,77902211,0.0000,synthetic-blacksea-mix,CC0-1.0,offshore
37.6650,46.4780,30230111,0.0091,synthetic-blacksea-mix,CC0-1.0,offshore
41.3047,44.9464,65201387,0.0000,synthetic-blacksea-mix,CC0-1.0,offshore
34.9364,46.5421,34244931,0.0048,synthetic-blacksea-mix,CC0-1.0,offshore
29.8442,43.5877,11257353,0.0047,synthetic-blacksea-mix,CC0-1.0,offshore
41.1082,41.1704,92505679,0.0079,synthetic-blacksea-mix,CC0-1.0,offshore
31.2275,46.5404,35208955,0.0005,synthetic-blacksea-mix,CC0-1.0,offshore
38.3661,45.5440,129105911,0.0390,synthetic-blacksea-mix,CC0-1.0,offshore
37.7100,44.6679,55997434,0.0000,synthetic-blacksea-mix,CC0-1.0,Novorossiysk
28.6263,41.8313,142161527,0.0000,synthetic-blacksea-mix,CC0-1.0,offshore
30.2217,41.2099,98851232,0.0086,synthetic-blacksea-mix,CC0-1.0,offshore
27.5752,46.4298,24677079,0.0276,synthetic-blacksea-mix,CC0-1.0,offshore
38.0350,43.2631,113862405,0.0000,synthetic-blacksea-mix,CC0-1.0,offshore
36.7018,42.3226,41984428,0.0000,synthetic-blacksea-mix,CC0-1.0,offshore
29.5820,43.5618,101338637,0.0000,synthetic-blacksea-mix,CC0-1.0,offshore
33.7237,46.3900,6528251,0.0058,synthetic-blacksea-mix,CC0-1.0,offshore
38.6968,46.5250,148047872,0.0000,synthetic-blacksea-mix,CC0-1.0,offshore
33.9863,42.4409,132831034,0.0000,synthetic-blacksea-mix,CC0-1.0,offshore
28.4676,43.5433,145078029,0.0000,synthetic-blacksea-mix,CC0-1.0,offshore
40.5302,45.6451,52730981,0.0722,synthetic-blacksea-mix,CC0-1.0,offshore
35.7047,40.8964,89535928,0.0000,synthetic-blacksea-mix,CC0-1.0,offshore
36.6720,41.9362,18130659,0.0147,synthetic-blacksea-mix,CC0-1.0,offshore
40.9262,46.9090,94800306,0.0156,synthetic-blacksea-mix,CC0-1.0,offshore
38.9281,42.5897,55828791,0.0288,synthetic-blacksea-mix,CC0-1.0,offshore
36.0933,40.1601,95612927,0.0000,synthetic-blacksea-mix,CC0-1.0,offshore
35.9359,42.9380,149403629,0.0000,synthetic-blacksea-mix,CC0-1.0,offshore
38.6598,45.8238,85196301,0.0276,synthetic-blacksea-mix,CC0-1.0,offshore
32.9776,41.0436,130315422,0.0549,synthetic-blacksea-mix,CC0-1.0,offshore
30.9369,46.6759,114288293,0.0816,synthetic-blacksea-mix,CC0-1.0,offshore
29.1614,40.0854,93468163,0.0196,synthetic-blacksea-mix,CC0-1.0,offshore
33.2523,40.6906,127073569,0.0199,synthetic-blacksea-mix,CC0-1.0,offshore
29.2842,41.0663,155708748,0.0000,synthetic-blacksea-mix,CC0-1.0,offshore
37.2532,46.6519,14974919,0.0276,synthetic-blacksea-mix,CC0-1.0,offshore
29.9446,42.9690,131615821,0.0048,synthetic-blacksea-mix,CC0-1.0,offshore
31.6049,44.7931,87206336,0.1020,synthetic-blacksea-mix,CC0-1.0,offshore
28.9615,43.2868,11688260,0.0814,synthetic-blacksea-mix,CC0-1.0,offshore
34.3616,45.9840,124667031,0.0000,synthetic-blacksea-mix,CC0-1.0,offshore
32.3259,45.0574,66433930,0.0326,synthetic-blacksea-mix,CC0-1.0,offshore
33.3389,45.8083,58166160,0.0000,synthetic-blacksea-mix,CC0-1.0,offshore
37.3382,44.7605,128225291,0.0075,synthetic-blacksea-mix,CC0-1.0,Anapa
30.5897,43.5098,129193888,0.0014,synthetic-blacksea-mix,CC0-1.0,offshore
39.6142,43.3608,26963320,0.0177,synthetic-blacksea-mix,CC0-1.0,Sochi
30.1115,40.2661,128344068,0.0000,synthetic-blacksea-mix,CC0-1.0,offshore
33.5691,43.7796,154119979,0.0000,synthetic-blacksea-mix,CC0-1.0,offshore
29.5462,40.4282,74274293,0.0000,synthetic-blacksea-mix,CC0-1.0,offshore
31.8007,42.1726,45200861,0.0000,synthetic-blacksea-mix,CC0-1.0,offshore
35.5059,43.2648,69361702,0.1025,synthetic-blacksea-mix,CC0-1.0,offshore
33.6920,46.1837,87639270,0.0463,synthetic-blacksea-mix,CC0-1.0,offshore
36.7879,41.9916,2015560,0.0000,synthetic-blacksea-mix,CC0-1.0,offshore
35.9172,40.9084,144356198,0.0000,synthetic-blacksea-mix,CC0-1.0,offshore
39.2928,46.6908,64524015,0.0347,synthetic-blacksea-mix,CC0-1.0,offshore
41.7130,40.7122,136113323,0.0302,synthetic-blacksea-mix,CC0-1.0,offshore
40.5293,43.8430,36956970,0.0000,synthetic-blacksea-mix,CC0-1.0,offshore
40.3709,44.6210,78656257,0.0000,synthetic-blacksea-mix,CC0-1.0,offshore
33.0532,43.4445,150544518,0.0000,synthetic-blacksea-mix,CC0-1.0,offshore
30.7059,40.6358,4475123,0.0380,synthetic-blacksea-mix,CC0-1.0,offshore
36.1452,44.6547,144150152,0.0229,synthetic-blacksea-mix,CC0-1.0,offshore
36.9161,42.8478,20875872,0.0000,synthetic-blacksea-mix,CC0-1.0,offshore
32.5657,44.4458,86531718,0.0000,synthetic-blacksea-mix,CC0-1.0,offshore
32.1723,41.6413,37413679,0.0000,synthetic-blacksea-mix,CC0-1.0,offshore
38.7761,43.9025,74599989,0.0304,synthetic-blacksea-mix,CC0-1.0,offshore
27.3052,43.6746,63870600,0.0000,synthetic-blacksea-mix,CC0-1.0,offshore
28.3671,41.8992,131185731,0.1131,synthetic-blacksea-mix,CC0-1.0,offshore
41.1526,40.3285,6405787,0.0272,synthetic-blacksea-mix,CC0-1.0,offshore
27.1716,45.2636,115699210,0.0000,synthetic-blacksea-mix,CC0-1.0,offshore
35.4415,46.4373,132536402,0.0840,synthetic-blacksea-mix,CC0-1.0,offshore
41.9732,41.1513,106195986,0.0024,synthetic-blacksea-mix,CC0-1.0,offshore
33.8672,45.3348,119895135,0.0011,synthetic-blacksea-mix,CC0-1.0,offshore
27.0197,46.4410,2058206,0.0492,synthetic-blacksea-mix,CC0-1.0,offshore
35.6448,46.3355,17299943,0.0000,synthetic-blacksea-mix,CC0-1.0,offshore
31.5662,41.0424,124513451,0.0000,synthetic-blacksea-mix,CC0-1.0,offshore
29.9948,41.7298,3718128,0.0112,synthetic-blacksea-mix,CC0-1.0,offshore
37.1617,44.2452,105385457,0.0000,synthetic-blacksea-mix,CC0-1.0,offshore
34.4997,41.5777,34926669,0.0160,synthetic-blacksea-mix,CC0-1.0,offshore
29.4299,40.2170,43326943,0.0786,synthetic-blacksea-mix,CC0-1.0,offshore
33.6729,42.0175,2593251,0.0088,synthetic-blacksea-mix,CC0-1.0,offshore
35.6367,41.3357,151257036,0.0000,synthetic-blacksea-mix,CC0-1.0,offshore
38.8242,45.0283,101496263,0.0484,synthetic-blacksea-mix,CC0-1.0,offshore
35.9389,42.0622,10656229,0.0000,synthetic-blacksea-mix,CC0-1.0,offshore
29.7086,45.0419,128335448,0.0268,synthetic-blacksea-mix,CC0-1.0,offshore
33.1970,46.8835,132081737,0.0387,synthetic-blacksea-mix,CC0-1.0,offshore
32.0367,42.5743,41747850,0.0081,synthetic-blacksea-mix,CC0-1.0,offshore
36.8040,40.5519,1279866,0.0230,synthetic-blacksea-mix,CC0-1.0,offshore
32.5076,45.8334,71039522,0.0109,synthetic-blacksea-mix,CC0-1.0,offshore
38.4694,45.2265,48236687,0.0798,synthetic-blacksea-mix,CC0-1.0,offshore
40.9702,46.8990,122769615,0.0335,synthetic-blacksea-mix,CC0-1.0,offshore
41.9320,42.3776,83605417,0.0000,synthetic-blacksea-mix,CC0-1.0,offshore
29.2803,43.0785,4868939,0.0069,synthetic-blacksea-mix,CC0-1.0,offshore
35.3277,41.5036,56975989,0.0000,synthetic-blacksea-mix,CC0-1.0,offshore
38.1862,40.9984,105103681,0.0000,synthetic-blacksea-mix,CC0-1.0,offshore
41.4062,45.3313,62264143,0.0000,synthetic-blacksea-mix,CC0-1.0,offshore
29.6317,41.0119,79004798,0.0000,synthetic-blacksea-mix,CC0-1.0,offshore
31.3195,45.4801,6176012,0.0588,synthetic-blacksea-mix,CC0-1.0,offshore
38.0044,45.4995,81195042,0.0000,synthetic-blacksea-mix,CC0-1.0,offshore
38.4549,42.3000,49045292,0.0000,synthetic-blacksea-mix,CC0-1.0,offshore
40.3901,45.1416,123909327,0.0000,synthetic-blacksea-mix,CC0-1.0,offshore
33.8841,43.2945,42394544,0.0841,synthetic-blacksea-mix,CC0-1.0,offshore
41.4138,45.7408,71253672,0.0000,synthetic-blacksea-mix,CC0-1.0,offshore
39.6671,46.7439,157364944,0.0009,synthetic-blacksea-mix,CC0-1.0,offshore
41.3235,42.2100,155447784,0.0368,synthetic-blacksea-mix,CC0-1.0,offshore
40.4026,42.6289,138594711,0.0000,synthetic-blacksea-mix,CC0-1.0,offshore
33.8028,41.2404,3656370,0.0000,synthetic-blacksea-mix,CC0-1.0,offshore
28.7320,42.9747,62911107,0.0242,synthetic-blacksea-mix,CC0-1.0,offshore
38.4801,46.9128,51795926,0.0741,synthetic-blacksea-mix,CC0-1.0,offshore
32.8216,42.3449,76537277,0.0441,synthetic-blacksea-mix,CC0-1.0,offshore
27.4263,40.6177,84621780,0.0000,synthetic-blacksea-mix,CC0-1.0,offshore
37.0584,44.5953,68898064,0.0000,synthetic-blacksea-mix,CC0-1.0,Anapa
30.9121,42.7690,12430149,0.0000,synthetic-blacksea-mix,CC0-1.0,offshore
40.8840,40.6416,137628195,0.0000,synthetic-blacksea-mix,CC0-1.0,offshore
27.8621,46.1300,28744840,0.0128,synthetic-blacksea-mix,CC0-1.0,offshore
39.1179,44.4203,120004196,0.0215,synthetic-blacksea-mix,CC0-1.0,offshore
32.1688,43.9557,101158856,0.0059,synthetic-blacksea-mix,CC0-1.0,offshore
31.8078,41.4728,11937131,0.0120,synthetic-blacksea-mix,CC0-1.0,offshore
31.8106,43.9224,104628992,0.0000,synthetic-blacksea-mix,CC0-1.0,offshore
30.1909,44.3204,111721688,0.0000,synthetic-blacksea-mix,CC0-1.0,offshore
41.7353,40.5997,138928315,0.0000,synthetic-blacksea-mix,CC0-1.0,offshore
34.6479,42.3175,124541713,0.0000,synthetic-blacksea-mix,CC0-1.0,offshore
36.5935,40.2659,4583617,0.0000,synthetic-blacksea-mix,CC0-1.0,offshore
37.1664,42.2450,38283523,0.0337,synthetic-blacksea-mix,CC0-1.0,offshore
39.5987,45.2721,78980279,0.0260,synthetic-blacksea-mix,CC0-1.0,offshore
40.8629,44.1388,145957365,0.0000,synthetic-blacksea-mix,CC0-1.0,offshore
31.8413,43.4662,78545889,0.0094,synthetic-blacksea-mix,CC0-1.0,offshore
37.3197,44.4404,119206994,0.0000,synthetic-blacksea-mix,CC0-1.0,Anapa
28.1515,41.0352,72198040,0.0000,synthetic-blacksea-mix,CC0-1.0,offshore
38.0469,40.3881,79336555,0.0000,synthetic-blacksea-mix,CC0-1.0,offshore
33.4936,46.5203,55656691,0.0883,synthetic-blacksea-mix,CC0-1.0,offshore
33.0236,42.8557,102049169,0.0046,synthetic-blacksea-mix,CC0-1.0,offshore
29.2783,43.0562,40488686,0.0000,synthetic-blacksea-mix,CC0-1.0,offshore
32.4048,44.9006,65242373,0.0085,synthetic-blacksea-mix,CC0-1.0,offshore
30.8966,41.8831,75829043,0.0680,synthetic-blacksea-mix,CC0-1.0,offshore
37.3981,46.8359,25282128,0.0000,synthetic-blacksea-mix,CC0-1.0,offshore
30.8972,40.3604,112408586,0.0212,synthetic-blacksea-mix,CC0-1.0,offshore
33.5880,45.5576,152580443,0.0272,synthetic-blacksea-mix,CC0-1.0,offshore
30.5920,45.5209,121700403,0.0646,synthetic-blacksea-mix,CC0-1.0,offshore
41.3727,45.9571,126321761,0.0761,synthetic-blacksea-mix,CC0-1.0,offshore
40.8404,41.5017,94572896,0.0000,synthetic-blacksea-mix,CC0-1.0,offshore
37.8231,44.9802,99153143,0.0000,synthetic-blacksea-mix,CC0-1.0,Novorossiysk
37.6304,43.9702,120216094,0.0733,synthetic-blacksea-mix,CC0-1.0,offshore
39.6454,45.7124,147068197,0.0000,synthetic-blacksea-mix,CC0-1.0,offshore
35.9566,46.7470,103567219,0.0000,synthetic-blacksea-mix,CC0-1.0,offshore
40.0799,40.2022,142579523,0.0602,synthetic-blacksea-mix,CC0-1.0,offshore
31.0328,42.8691,22978756,0.0000,synthetic-blacksea-mix,CC0-1.0,offshore
31.7993,45.4377,62462314,0.0509,synthetic-blacksea-mix,CC0-1.0,offshore
37.7973,43.0717,113148527,0.0000,synthetic-blacksea-mix,CC0-1.0,offshore
40.8383,40.3828,20952383,0.0000,synthetic-blacksea-mix,CC0-1.0,offshore
40.8009,43.4265,78061026,0.0867,synthetic-blacksea-mix,CC0-1.0,offshore
34.4683,43.6190,79405010,0.3046,synthetic-blacksea-mix,CC0-1.0,offshore
38.9606,43.0070,32411450,0.0428,synthetic-blacksea-mix,CC0-1.0,offshore
33.1085,42.4775,127739027,0.0000,synthetic-blacksea-mix,CC0-1.0,offshore
34.3116,42.3257,131797114,0.0861,synthetic-blacksea-mix,CC0-1.0,offshore
36.3445,46.8217,120455164,0.0447,synthetic-blacksea-mix,CC0-1.0,offshore
37.2022,45.7734,37488255,0.0772,synthetic-blacksea-mix,CC0-1.0,offshore
31.6301,41.9789,47489063,0.0473,synthetic-blacksea-mix,CC0-1.0,offshore
36.9327,42.8063,9611649,0.0000,synthetic-blacksea-mix,CC0-1.0,offshore
35.0232,46.5757,15973490,0.0377,synthetic-blacksea-mix,CC0-1.0,offshore
29.4106,43.6150,69293698,0.0172,synthetic-blacksea-mix,CC0-1.0,offshore
33.4804,42.0044,29683945,0.0000,synthetic-blacksea-mix,CC0-1.0,offshore
36.8821,42.2478,80480462,0.0000,synthetic-blacksea-mix,CC0-1.0,offshore
30.9522,46.1643,76092080,0.0822,synthetic-blacksea-mix,CC0-1.0,offshore
38.1726,43.0519,70028837,0.0825,synthetic-blacksea-mix,CC0-1.0,offshore
37.0462,46.1190,920220,0.0000,synthetic-blacksea-mix,CC0-1.0,offshore
32.7648,42.0399,79770918,0.1004,synthetic-blacksea-mix,CC0-1.0,offshore
38.0674,42.4321,139421030,0.1242,synthetic-blacksea-mix,CC0-1.0,offshore
27.1081,42.3362,6743037,0.0000,synthetic-blacksea-mix,CC0-1.0,Burgas
29.0961,40.8259,87692650,0.0000,synthetic-blacksea-mix,CC0-1.0,offshore
34.5302,41.1896,81267042,0.0383,synthetic-blacksea-mix,CC0-1.0,offshore
32.6223,43.7440,28230677,0.3243,synthetic-blacksea-mix,CC0-1.0,offshore
39.9755,40.3370,113931923,0.0224,synthetic-blacksea-mix,CC0-1.0,offshore
28.5473,42.1667,16457249,0.0061,synthetic-blacksea-mix,CC0-1.0,offshore
38.2241,45.8879,58545253,0.0028,synthetic-blacksea-mix,CC0-1.0,offshore
39.7902,42.6064,17761282,0.0722,synthetic-blacksea-mix,CC0-1.0,offshore
32.7422,46.3788,137753754,0.0762,synthetic-blacksea-mix,CC0-1.0,offshore
30.6696,42.9649,62629420,0.0421,synthetic-blacksea-mix,CC0-1.0,offshore
32.7675,42.5566,145398817,0.0000,synthetic-blacksea-mix,CC0-1.0,offshore
28.9288,43.8814,42704788,0.0000,synthetic-blacksea-mix,CC0-1.0,Constanta
36.7836,42.1285,150701554,0.0000,synthetic-blacksea-mix,CC0-1.0,offshore
36.8911,40.9549,40531138,0.0000,synthetic-blacksea-mix,CC0-1.0,offshore
35.9294,44.3893,51944272,0.0000,synthetic-blacksea-mix,CC0-1.0,offshore
31.0710,45.1693,51786470,0.0000,synthetic-blacksea-mix,CC0-1.0,offshore
28.9849,42.3644,116496697,0.0000,synthetic-blacksea-mix,CC0-1.0,offshore
40.8880,41.7783,54617749,0.0958,synthetic-blacksea-mix,CC0-1.0,offshore
34.9144,40.2853,97466672,0.0709,synthetic-blacksea-mix,CC0-1.0,offshore
28.0238,43.5376,133706062,0.0575,synthetic-blacksea-mix,CC0-1.0,offshore
31.0311,41.7836,5415922,0.0122,synthetic-blacksea-mix,CC0-1.0,offshore
38.2385,41.4385,120623130,0.0000,synthetic-blacksea-mix,CC0-1.0,offshore
37.5583,40.8297,62344630,0.0000,synthetic-blacksea-mix,CC0-1.0,offshore
34.6263,41.5604,28361825,0.0125,synthetic-blacksea-mix,CC0-1.0,offshore
40.0391,42.7225,155630195,0.0182,synthetic-blacksea-mix,CC0-1.0,offshore
40.0855,46.6764,38013322,0.0000,synthetic-blacksea-mix,CC0-1.0,offshore
39.0832,40.3186,88706914,0.0291,synthetic-blacksea-mix,CC0-1.0,offshore
28.8583,40.8614,151142726,0.0112,synthetic-blacksea-mix,CC0-1.0,offshore
41.4731,42.7828,19509604,0.0000,synthetic-blacksea-mix,CC0-1.0,offshore
31.6483,46.5000,42410179,0.0000,synthetic-blacksea-mix,CC0-1.0,offshore
40.3026,43.2602,30924859,0.0155,synthetic-blacksea-mix,CC0-1.0,offshore
29.5789,40.4419,109391347,0.0204,synthetic-blacksea-mix,CC0-1.0,offshore
41.6743,45.8381,10850735,0.0000,synthetic-blacksea-mix,CC0-1.0,offshore
30.7655,40.6599,150894949,0.0000,synthetic-blacksea-mix,CC0-1.0,offshore
35.6834,42.5494,6387723,0.0126,synthetic-blacksea-mix,CC0-1.0,offshore
33.0958,43.0341,56089186,0.0000,synthetic-blacksea-mix,CC0-1.0,offshore
34.9743,41.4057,31101222,0.0431,synthetic-blacksea-mix,CC0-1.0,offshore
39.6837,43.5120,11442477,0.0000,synthetic-blacksea-mix,CC0-1.0,Sochi
36.3416,46.5239,86035126,0.0927,synthetic-blacksea-mix,CC0-1.0,offshore
41.9888,41.6889,1999414,0.0862,synthetic-blacksea-mix,CC0-1.0,offshore
35.0613,44.8995,106619825,0.0296,synthetic-blacksea-mix,CC0-1.0,offshore
27.9871,43.8342,70266508,0.0186,synthetic-blacksea-mix,CC0-1.0,offshore
40.4322,40.0534,27362336,0.0000,synthetic-blacksea-mix,CC0-1.0,offshore
37.9724,42.3107,15387337,0.0000,synthetic-blacksea-mix,CC0-1.0,offshore
31.9667,44.4136,132615106,0.0230,synthetic-blacksea-mix,CC0-1.0,offshore
39.2981,43.4519,94864563,0.0000,synthetic-blacksea-mix,CC0-1.0,Sochi
35.2214,40.8463,116574947,0.0087,synthetic-blacksea-mix,CC0-1.0,offshore
39.5630,45.8975,140557532,0.0269,synthetic-blacksea-mix,CC0-1.0,offshore
27.8746,43.0217,86868563,0.0069,synthetic-blacksea-mix,CC0-1.0,offshore
41.1589,41.4419,124809436,0.0078,synthetic-blacksea-mix,CC0-1.0,offshore
33.5691,46.4334,90158960,0.0014,synthetic-blacksea-mix,CC0-1.0,offshore
35.0908,44.7847,150739308,0.0437,synthetic-blacksea-mix,CC0-1.0,offshore
29.5241,42.5409,53564032,0.0686,synthetic-blacksea-mix,CC0-1.0,offshore
36.4969,41.1664,102074138,0.0168,synthetic-blacksea-mix,CC0-1.0,offshore
41.7424,42.6938,49069157,0.0000,synthetic-blacksea-mix,CC0-1.0,offshore
37.9993,41.3308,99231636,0.0000,synthetic-blacksea-mix,CC0-1.0,offshore
38.6835,41.1689,30247425,0.0988,synthetic-blacksea-mix,CC0-1.0,offshore
38.3351,45.8960,68921420,0.0000,synthetic-blacksea-mix,CC0-1.0,offshore
38.2165,46.1929,7283231,0.0200,synthetic-blacksea-mix,CC0-1.0,offshore
30.4453,45.4077,95287557,0.0000,synthetic-blacksea-mix,CC0-1.0,offshore
35.7062,43.5219,120771790,0.0263,synthetic-blacksea-mix,CC0-1.0,offshore
40.4534,41.9168,148822696,0.0524,synthetic-blacksea-mix,CC0-1.0,offshore
35.4008,40.3978,78536902,0.0096,synthetic-blacksea-mix,CC0-1.0,offshore
38.7710,43.0195,75994052,0.0000,synthetic-blacksea-mix,CC0-1.0,offshore
27.5841,40.3901,66801110,0.0000,synthetic-blacksea-mix,CC0-1.0,offshore
39.1251,40.7426,12930508,0.0000,synthetic-blacksea-mix,CC0-1.0,offshore
35.9065,46.6319,126696498,0.0032,synthetic-blacksea-mix,CC0-1.0,offshore
32.0338,43.0422,70402688,0.0199,synthetic-blacksea-mix,CC0-1.0,offshore
36.4959,41.6819,41142846,0.0043,synthetic-blacksea-mix,CC0-1.0,offshore
34.8338,46.2110,70572294,0.0494,synthetic-blacksea-mix,CC0-1.0,offshore
37.3276,42.6929,18936893,0.0065,synthetic-blacksea-mix,CC0-1.0,offshore
32.6870,40.5156,148924573,0.0000,synthetic-blacksea-mix,CC0-1.0,offshore
37.4106,42.2236,53078659,0.0000,synthetic-blacksea-mix,CC0-1.0,offshore
37.4740,40.5175,28687325,0.0873,synthetic-blacksea-mix,CC0-1.0,offshore
41.1497,46.8579,49407261,0.0410,synthetic-blacksea-mix,CC0-1.0,offshore
35.1286,43.1502,102792098,0.1252,synthetic-blacksea-mix,CC0-1.0,offshore
36.9631,44.3776,134754441,0.0538,synthetic-blacksea-mix,CC0-1.0,offshore
34.4451,46.8133,66353332,0.0000,synthetic-blacksea-mix,CC0-1.0,offshore
41.4635,44.3284,82632388,0.0101,synthetic-blacksea-mix,CC0-1.0,offshore
28.6078,42.8023,111569776,0.0504,synthetic-blacksea-mix,CC0-1.0,offshore
40.8666,45.0080,30150270,0.0756,synthetic-blacksea-mix,CC0-1.0,offshore
35.5658,42.1407,100514924,0.0689,synthetic-blacksea-mix,CC0-1.0,offshore
38.1698,42.4839,75358358,0.0000,synthetic-blacksea-mix,CC0-1.0,offshore
27.7119,42.7356,151408280,0.0000,synthetic-blacksea-mix,CC0-1.0,Burgas
29.6498,43.2495,88815849,0.0000,synthetic-blacksea-mix,CC0-1.0,offshore
28.7938,42.0550,44041356,0.0459,synthetic-blacksea-mix,CC0-1.0,offshore
37.1475,44.8106,132512557,0.0000,synthetic-blacksea-mix,CC0-1.0,Anapa
29.1540,44.6422,7100008,0.0052,synthetic-blacksea-mix,CC0-1.0,offshore
41.9472,45.2590,61767750,0.0000,synthetic-blacksea-mix,CC0-1.0,offshore
27.2526,44.5260,2224166,0.0290,synthetic-blacksea-mix,CC0-1.0,offshore
41.5373,41.3519,143810922,0.0000,synthetic-blacksea-mix,CC0-1.0,offshore
41.8992,40.9613,3302773,0.1450,synthetic-blacksea-mix,CC0-1.0,offshore
29.1944,46.0611,60437066,0.0000,synthetic-blacksea-mix,CC0-1.0,offshore
31.4353,46.0527,79565921,0.0599,synthetic-blacksea-mix,CC0-1.0,offshore
39.3534,44.5964,36095504,0.0183,synthetic-blacksea-mix,CC0-1.0,offshore
38.9783,44.3059,131836685,0.0000,synthetic-blacksea-mix,CC0-1.0,offshore
41.6903,46.6056,146224792,0.0000,synthetic-blacksea-mix,CC0-1.0,offshore
35.0980,42.3715,12454427,0.0175,synthetic-blacksea-mix,CC0-1.0,offshore
35.8766,43.4540,152919928,0.0197,synthetic-blacksea-mix,CC0-1.0,offshore
27.1068,41.4922,114457234,0.0186,synthetic-blacksea-mix,CC0-1.0,offshore
30.4224,44.3569,150709260,0.0383,synthetic-blacksea-mix,CC0-1.0,offshore
31.2247,44.9727,114642800,0.0198,synthetic-blacksea-mix,CC0-1.0,offshore
28.3307,43.8854,40816237,0.0000,synthetic-blacksea-mix,CC0-1.0,Constanta
33.9020,46.8794,54427083,0.0000,synthetic-blacksea-mix,CC0-1.0,offshore
32.8365,43.0881,734617,0.0426,synthetic-blacksea-mix,CC0-1.0,offshore
28.0272,44.2414,149386212,0.0000,synthetic-blacksea-mix,CC0-1.0,offshore
37.5769,43.4229,93793878,0.0000,synthetic-blacksea-mix,CC0-1.0,offshore
27.2035,40.5191,108057762,0.0000,synthetic-blacksea-mix,CC0-1.0,offshore
29.2914,40.4964,40033918,0.0496,synthetic-blacksea-mix,CC0-1.0,offshore
31.7197,46.5505,131384830,0.0000,synthetic-blacksea-mix,CC0-1.0,offshore
31.5926,46.2033,144763560,0.0000,synthetic-blacksea-mix,CC0-1.0,offshore
31.3118,40.1250,106774379,0.0080,synthetic-blacksea-mix,CC0-1.0,offshore
37.4467,46.4410,96715536,0.0000,synthetic-blacksea-mix,CC0-1.0,offshore
30.5661,44.7113,123666100,0.0618,synthetic-blacksea-mix,CC0-1.0,offshore
39.3387,45.9411,30568597,0.0000,synthetic-blacksea-mix,CC0-1.0,offshore
30.3031,42.2400,40776092,0.0000,synthetic-blacksea-mix,CC0-1.0,offshore
32.1136,42.0738,76318595,0.0000,synthetic-blacksea-mix,CC0-1.0,offshore
40.2550,46.7601,60807535,0.0000,synthetic-blacksea-mix,CC0-1.0,offshore
39.8240,46.0832,30665814,0.0000,synthetic-blacksea-mix,CC0-1.0,offshore
32.6730,42.7253,68293368,0.0607,synthetic-blacksea-mix,CC0-1.0,offshore
30.9826,42.5654,32353165,0.0430,synthetic-blacksea-mix,CC0-1.0,offshore
31.5063,42.3978,145399136,0.0386,synthetic-blacksea-mix,CC0-1.0,offshore
34.6566,44.7663,148329360,0.0000,synthetic-blacksea-mix,CC0-1.0,offshore
36.6375,44.8851,112630622,0.0657,synthetic-blacksea-mix,CC0-1.0,offshore
34.3182,40.0120,93435936,0.0262,synthetic-blacksea-mix,CC0-1.0,offshore
27.6435,46.3914,88156205,0.1114,synthetic-blacksea-mix,CC0-1.0,offshore
30.5944,46.3099,45324292,0.0216,synthetic-blacksea-mix,CC0-1.0,offshore
40.2664,42.4845,20192247,0.0143,synthetic-blacksea-mix,CC0-1.0,offshore
31.6484,43.4352,5203619,0.2648,synthetic-blacksea-mix,CC0-1.0,offshore
36.5267,45.0888,133258405,0.0610,synthetic-blacksea-mix,CC0-1.0,offshore
35.9043,43.9200,63595646,0.0555,synthetic-blacksea-mix,CC0-1.0,offshore
39.9258,41.9921,115112982,0.0000,synthetic-blacksea-mix,CC0-1.0,offshore
27.9185,46.3775,154346739,0.0000,synthetic-blacksea-mix,CC0-1.0,offshore
40.7917,42.7794,86780107,0.0000,synthetic-blacksea-mix,CC0-1.0,offshore
31.3266,44.8961,31917047,0.0881,synthetic-blacksea-mix,CC0-1.0,offshore
37.3698,46.7341,140007987,0.0053,synthetic-blacksea-mix,CC0-1.0,offshore
41.5794,45.9105,84005798,0.0216,synthetic-blacksea-mix,CC0-1.0,offshore
34.3700,43.6864,5517193,0.0385,synthetic-blacksea-mix,CC0-1.0,offshore
36.1122,42.7838,67965914,0.0000,synthetic-blacksea-mix,CC0-1.0,offshore
32.2634,43.5597,73852976,0.0000,synthetic-blacksea-mix,CC0-1.0,offshore
41.9641,44.0462,27115308,0.0000,synthetic-blacksea-mix,CC0-1.0,offshore
28.9021,46.8941,67117663,0.0746,synthetic-blacksea-mix,CC0-1.0,offshore
30.9079,41.6224,17473214,0.0000,synthetic-blacksea-mix,CC0-1.0,offshore
34.1949,40.9244,99894105,0.0408,synthetic-blacksea-mix,CC0-1.0,offshore
33.2120,42.1372,32578131,0.0000,synthetic-blacksea-mix,CC0-1.0,offshore
37.2111,44.6366,155235451,0.0000,synthetic-blacksea-mix,CC0-1.0,Anapa
35.5658,40.7900,134247210,0.0000,synthetic-blacksea-mix,CC0-1.0,offshore
36.4459,42.5305,51184779,0.0139,synthetic-blacksea-mix,CC0-1.0,offshore
37.1042,41.5622,98987539,0.0627,synthetic-blacksea-mix,CC0-1.0,offshore
27.1297,40.0953,114548139,0.0740,synthetic-blacksea-mix,CC0-1.0,offshore
40.0752,44.9476,150277370,0.0729,synthetic-blacksea-mix,CC0-1.0,offshore
32.3209,41.7531,42940321,0.0000,synthetic-blacksea-mix,CC0-1.0,offshore
31.0204,43.7086,130521881,0.0392,synthetic-blacksea-mix,CC0-1.0,offshore
27.5826,45.4842,6797502,0.0000,synthetic-blacksea-mix,CC0-1.0,offshore
28.9616,44.5856,9135368,0.0000,synthetic-blacksea-mix,CC0-1.0,offshore
28.3827,44.7481,15985933,0.0209,synthetic-blacksea-mix,CC0-1.0,offshore
28.5070,44.3311,115851837,0.0058,synthetic-blacksea-mix,CC0-1.0,Constanta
39.5221,41.2594,119463074,0.0000,synthetic-blacksea-mix,CC0-1.0,Trabzon
36.0656,40.3711,78176017,0.0000,synthetic-blacksea-mix,CC0-1.0,offshore
38.2072,40.6681,68919726,0.0057,synthetic-blacksea-mix,CC0-1.0,offshore
40.2605,40.4493,53284086,0.0364,synthetic-blacksea-mix,CC0-1.0,offshore
38.0119,40.7225,38657574,0.0935,synthetic-blacksea-mix,CC0-1.0,offshore
39.3402,46.4875,111516927,0.0000,synthetic-blacksea-mix,CC0-1.0,offshore
34.5404,42.4423,51757094,0.0000,synthetic-blacksea-mix,CC0-1.0,offshore
29.4508,41.0503,151218902,0.0000,synthetic-blacksea-mix,CC0-1.0,offshore
38.9720,40.0654,127303936,0.0000,synthetic-blacksea-mix,CC0-1.0,offshore
31.3450,45.4661,68184529,0.0085,synthetic-blacksea-mix,CC0-1.0,offshore
39.1954,43.2601,74426530,0.0205,synthetic-blacksea-mix,CC0-1.0,offshore
36.2469,41.9100,110938226,0.0312,synthetic-blacksea-mix,CC0-1.0,offshore
28.0721,40.7292,89329269,0.0000,synthetic-blacksea-mix,CC0-1.0,offshore
33.1737,42.5138,106346700,0.0000,synthetic-blacksea-mix,CC0-1.0,offshore
29.7098,46.0501,1403976,0.0000,synthetic-blacksea-mix,CC0-1.0,offshore
39.4410,44.6185,59627891,0.0122,synthetic-blacksea-mix,CC0-1.0,offshore
34.1173,46.3146,74995458,0.0307,synthetic-blacksea-mix,CC0-1.0,offshore
28.7472,41.7159,50949220,0.0199,synthetic-blacksea-mix,CC0-1.0,offshore
37.6402,42.0619,157078934,0.0225,synthetic-blacksea-mix,CC0-1.0,offshore
27.9485,43.1208,75354011,0.0000,synthetic-blacksea-mix,CC0-1.0,offshore
40.8115,45.9705,32224897,0.0146,synthetic-blacksea-mix,CC0-1.0,offshore
33.6725,46.7829,66045301,0.0000,synthetic-blacksea-mix,CC0-1.0,offshore
30.5719,43.0338,144286536,0.0496,synthetic-blacksea-mix,CC0-1.0,offshore
37.9119,43.8156,50105110,0.0336,synthetic-blacksea-mix,CC0-1.0,offshore
32.9516,46.3602,101267955,0.0000,synthetic-blacksea-mix,CC0-1.0,offshore
30.7471,41.8314,15760132,0.0268,synthetic-blacksea-mix,CC0-1.0,offshore
27.9159,42.8349,35652271,0.0038,synthetic-blacksea-mix,CC0-1.0,offshore
38.8088,42.4849,41656645,0.0000,synthetic-blacksea-mix,CC0-1.0,offshore
30.7659,46.2719,56490760,0.0000,synthetic-blacksea-mix,CC0-1.0,offshore
31.8370,43.7210,124581963,0.0734,synthetic-blacksea-mix,CC0-1.0,offshore
27.9144,42.4506,57034077,0.0000,synthetic-blacksea-mix,CC0-1.0,Burgas
28.4661,46.0072,139950878,0.0000,synthetic-blacksea-mix,CC0-1.0,offshore
38.8592,43.6529,9694987,0.0000,synthetic-blacksea-mix,CC0-1.0,offshore
39.8674,46.6620,64175284,0.0120,synthetic-blacksea-mix,CC0-1.0,offshore
31.1934,40.1162,153892574,0.0208,synthetic-blacksea-mix,CC0-1.0,offshore
38.4489,43.7638,131013751,0.0861,synthetic-blacksea-mix,CC0-1.0,offshore
39.9789,44.4705,91202421,0.0000,synthetic-blacksea-mix,CC0-1.0,offshore
31.4191,46.2809,53427424,0.0463,synthetic-blacksea-mix,CC0-1.0,offshore
37.5137,42.5457,39909400,0.0000,synthetic-blacksea-mix,CC0-1.0,offshore
32.8650,43.7781,117513971,0.0093,synthetic-blacksea-mix,CC0-1.0,offshore
35.2361,44.5132,113113468,0.0170,synthetic-blacksea-mix,CC0-1.0,offshore
36.5321,46.1081,107721749,0.0516,synthetic-blacksea-mix,CC0-1.0,offshore
37.7690,44.0706,65967903,0.0000,synthetic-blacksea-mix,CC0-1.0,offshore
41.9277,44.0085,116617869,0.0000,synthetic-blacksea-mix,CC0-1.0,offshore
27.1415,46.9676,59636377,0.0000,synthetic-blacksea-mix,CC0-1.0,offshore
34.4332,45.6164,72422525,0.0000,synthetic-blacksea-mix,CC0-1.0,offshore
29.1595,40.7605,155504458,0.0210,synthetic-blacksea-mix,CC0-1.0,offshore
33.3171,41.6957,86944150,0.0012,synthetic-blacksea-mix,CC0-1.0,offshore
34.5218,42.2651,125634697,0.0000,synthetic-blacksea-mix,CC0-1.0,offshore
35.7830,44.6275,91141988,0.0211,synthetic-blacksea-mix,CC0-1.0,offshore
37.2161,40.8215,16128080,0.0000,synthetic-blacksea-mix,CC0-1.0,offshore
37.7533,42.2242,88178682,0.0476,synthetic-blacksea-mix,CC0-1.0,offshore
27.5983,45.1570,136793521,0.0262,synthetic-blacksea-mix,CC0-1.0,offshore
33.2447,43.2118,66193108,0.0841,synthetic-blacksea-mix,CC0-1.0,offshore
38.7305,41.2938,124260461,0.0029,synthetic-blacksea-mix,CC0-1.0,offshore
33.2155,46.6068,39358475,0.0330,synthetic-blacksea-mix,CC0-1.0,offshore
30.2238,44.2390,76762134,0.0440,synthetic-blacksea-mix,CC0-1.0,offshore
39.8759,44.1906,94554374,0.0018,synthetic-blacksea-mix,CC0-1.0,offshore
31.4855,46.6330,102703348,0.0000,synthetic-blacksea-mix,CC0-1.0,offshore
39.9040,45.9744,16135545,0.0000,synthetic-blacksea-mix,CC0-1.0,offshore
39.2943,43.3560,99740160,0.0196,synthetic-blacksea-mix,CC0-1.0,Sochi
39.6812,46.6562,17119699,0.0874,synthetic-blacksea-mix,CC0-1.0,offshore
37.8436,41.5570,7106956,0.0000,synthetic-blacksea-mix,CC0-1.0,offshore
33.1280,45.0405,50720686,0.0845,synthetic-blacksea-mix,CC0-1.0,offshore
34.1249,41.2210,144670139,0.0294,synthetic-blacksea-mix,CC0-1.0,offshore
27.0268,43.7105,70353628,0.0000,synthetic-blacksea-mix,CC0-1.0,offshore
31.4729,44.0670,10489588,0.1082,synthetic-blacksea-mix,CC0-1.0,offshore
30.1368,46.1597,151022213,0.0000,synthetic-blacksea-mix,CC0-1.0,offshore
29.7935,45.4607,96740681,0.0000,synthetic-blacksea-mix,CC0-1.0,offshore
37.4435,40.1906,117273393,0.0000,synthetic-blacksea-mix,CC0-1.0,offshore
28.3382,41.2936,83870896,0.0000,synthetic-blacksea-mix,CC0-1.0,offshore
27.0887,40.3300,55035954,0.0429,synthetic-blacksea-mix,CC0-1.0,offshore
28.9036,41.5882,9508266,0.0000,synthetic-blacksea-mix,CC0-1.0,offshore
40.7075,43.2670,31117671,0.0000,synthetic-blacksea-mix,CC0-1.0,offshore
31.2112,44.6108,106914092,0.0000,synthetic-blacksea-mix,CC0-1.0,offshore
31.0671,41.3571,135548928,0.0363,synthetic-blacksea-mix,CC0-1.0,offshore
41.3078,43.0006,70360351,0.0052,synthetic-blacksea-mix,CC0-1.0,offshore
27.8466,42.7751,93871209,0.0025,synthetic-blacksea-mix,CC0-1.0,Burgas
30.7484,42.2635,127620514,0.0374,synthetic-blacksea-mix,CC0-1.0,offshore
29.9398,41.8503,61926420,0.0032,synthetic-blacksea-mix,CC0-1.0,offshore
32.5600,46.3811,29518587,0.0195,synthetic-blacksea-mix,CC0-1.0,offshore
32.3208,40.3908,70885029,0.0234,synthetic-blacksea-mix,CC0-1.0,offshore
30.5228,43.9666,14770974,0.0240,synthetic-blacksea-mix,CC0-1.0,offshore
35.2441,40.1467,81587123,0.0616,synthetic-blacksea-mix,CC0-1.0,offshore
27.7491,45.6170,152881057,0.0000,synthetic-blacksea-mix,CC0-1.0,offshore
39.2545,45.7173,126687757,0.0847,synthetic-blacksea-mix,CC0-1.0,offshore
36.2653,41.0892,72583139,0.0000,synthetic-blacksea-mix,CC0-1.0,offshore
29.9865,43.6421,12864480,0.0469,synthetic-blacksea-mix,CC0-1.0,offshore
34.7557,41.0703,91533704,0.0000,synthetic-blacksea-mix,CC0-1.0,offshore
28.3097,45.6324,110128275,0.0472,synthetic-blacksea-mix,CC0-1.0,offshore
34.2576,40.2206,105367523,0.0000,synthetic-blacksea-mix,CC0-1.0,offshore
40.1226,45.6392,74296148,0.0000,synthetic-blacksea-mix,CC0-1.0,offshore
31.5614,43.0700,117010196,0.0284,synthetic-blacksea-mix,CC0-1.0,offshore
37.7524,45.5160,134719806,0.0274,synthetic-blacksea-mix,CC0-1.0,offshore
37.4878,43.2197,44553655,0.0000,synthetic-blacksea-mix,CC0-1.0,offshore
39.0728,45.6577,136138344,0.0000,synthetic-blacksea-mix,CC0-1.0,offshore
29.2617,45.1681,120223338,0.0000,synthetic-blacksea-mix,CC0-1.0,offshore
37.4513,43.6252,144519389,0.3511,synthetic-blacksea-mix,CC0-1.0,offshore
41.3495,42.1665,29446256,0.0478,synthetic-blacksea-mix,CC0-1.0,offshore
28.5330,41.2119,99235571,0.0000,synthetic-blacksea-mix,CC0-1.0,offshore
33.4582,46.4047,39438777,0.0053,synthetic-blacksea-mix,CC0-1.0,offshore
38.8083,46.7574,74447447,0.0819,synthetic-blacksea-mix,CC0-1.0,offshore
28.1866,44.7139,136718682,0.0000,synthetic-blacksea-mix,CC0-1.0,offshore
28.6512,44.0115,98652333,0.1227,synthetic-blacksea-mix,CC0-1.0,Constanta
41.1733,43.4471,1606964,0.1041,synthetic-blacksea-mix,CC0-1.0,offshore
36.9259,43.2024,7800524,0.0404,synthetic-blacksea-mix,CC0-1.0,offshore
38.0297,40.1110,40020740,0.0551,synthetic-blacksea-mix,CC0-1.0,offshore
30.4896,46.0580,106955787,0.0760,synthetic-blacksea-mix,CC0-1.0,offshore
30.5943,40.5078,149809639,0.0619,synthetic-blacksea-mix,CC0-1.0,offshore
38.1833,40.1660,116958438,0.0132,synthetic-blacksea-mix,CC0-1.0,offshore
41.1340,42.3396,21191432,0.0000,synthetic-blacksea-mix,CC0-1.0,offshore
34.7936,41.6058,146766618,0.0115,synthetic-blacksea-mix,CC0-1.0,offshore
37.7304,44.1541,35991431,0.0090,synthetic-blacksea-mix,CC0-1.0,offshore
41.4081,46.3582,23033412,0.0853,synthetic-blacksea-mix,CC0-1.0,offshore
36.3913,44.4532,10625562,0.0000,synthetic-blacksea-mix,CC0-1.0,offshore
29.8590,46.1187,13729043,0.0527,synthetic-blacksea-mix,CC0-1.0,offshore
40.5541,41.2742,124507919,0.0000,synthetic-blacksea-mix,CC0-1.0,offshore
28.3857,41.1852,3911840,0.0767,synthetic-blacksea-mix,CC0-1.0,offshore
27.5413,45.7440,153495682,0.0000,synthetic-blacksea-mix,CC0-1.0,offshore
27.8673,42.4147,86144488,0.0090,synthetic-blacksea-mix,CC0-1.0,Burgas
38.5024,42.0472,64512054,0.0000,synthetic-blacksea-mix,CC0-1.0,offshore
27.7829,43.0110,72379724,0.0250,synthetic-blacksea-mix,CC0-1.0,offshore
28.3139,40.4389,44670640,0.0253,synthetic-blacksea-mix,CC0-1.0,offshore
28.2440,40.1430,69494743,0.0000,synthetic-blacksea-mix,CC0-1.0,offshore
28.1373,44.3251,52031238,0.0395,synthetic-blacksea-mix,CC0-1.0,offshore
33.0978,43.1076,152462344,0.0000,synthetic-blacksea-mix,CC0-1.0,offshore
29.4222,41.0771,75591046,0.0253,synthetic-blacksea-mix,CC0-1.0,offshore
30.1630,43.6549,95516287,0.0000,synthetic-blacksea-mix,CC0-1.0,offshore
40.2541,42.7203,7155515,0.0237,synthetic-blacksea-mix,CC0-1.0,offshore
39.5613,40.6839,155258963,0.0812,synthetic-blacksea-mix,CC0-1.0,Trabzon
28.8813,42.9356,81318,0.0063,synthetic-blacksea-mix,CC0-1.0,offshore
33.1809,41.7384,100558731,0.0000,synthetic-blacksea-mix,CC0-1.0,offshore
29.2294,46.5147,36935582,0.0471,synthetic-blacksea-mix,CC0-1.0,offshore
37.3795,41.8655,26460783,0.0195,synthetic-blacksea-mix,CC0-1.0,offshore
29.7654,45.0299,74319481,0.0000,synthetic-blacksea-mix,CC0-1.0,offshore
30.3458,40.5652,86323220,0.0000,synthetic-blacksea-mix,CC0-1.0,offshore
41.5614,42.8272,27826033,0.0580,synthetic-blacksea-mix,CC0-1.0,offshore
36.7727,41.8962,50579747,0.0390,synthetic-blacksea-mix,CC0-1.0,offshore
35.5956,46.4541,46168192,0.0534,synthetic-blacksea-mix,CC0-1.0,offshore
27.0388,43.1187,65753047,0.0000,synthetic-blacksea-mix,CC0-1.0,offshore
35.0255,44.6060,146999415,0.0017,synthetic-blacksea-mix,CC0-1.0,offshore
35.6821,41.5405,36490226,0.0000,synthetic-blacksea-mix,CC0-1.0,offshore
34.6689,45.1372,108171606,0.0067,synthetic-blacksea-mix,CC0-1.0,offshore
40.5856,45.0588,143415260,0.0149,synthetic-blacksea-mix,CC0-1.0,offshore
36.6810,46.5475,102908070,0.0000,synthetic-blacksea-mix,CC0-1.0,offshore
34.2966,46.4247,138756232,0.0000,synthetic-blacksea-mix,CC0-1.0,offshore
33.4189,41.9596,29226158,0.0276,synthetic-blacksea-mix,CC0-1.0,offshore
27.5439,41.4499,99033875,0.0087,synthetic-blacksea-mix,CC0-1.0,offshore
28.8795,46.2079,21771888,0.0000,synthetic-blacksea-mix,CC0-1.0,offshore
36.1674,41.4126,74529381,0.0375,synthetic-blacksea-mix,CC0-1.0,offshore
41.7712,46.6874,37340071,0.0000,synthetic-blacksea-mix,CC0-1.0,offshore
37.7250,44.3022,72997366,0.0000,synthetic-blacksea-mix,CC0-1.0,Novorossiysk
34.8873,44.0737,25886409,0.0095,synthetic-blacksea-mix,CC0-1.0,offshore
37.2282,40.4581,157098197,0.0380,synthetic-blacksea-mix,CC0-1.0,offshore
38.1053,43.5675,38750812,0.0253,synthetic-blacksea-mix,CC0-1.0,offshore
35.2455,40.8542,35712216,0.0000,synthetic-blacksea-mix,CC0-1.0,offshore
34.4749,46.7944,146205799,0.0000,synthetic-blacksea-mix,CC0-1.0,offshore
37.4962,43.6355,20838548,0.0076,synthetic-blacksea-mix,CC0-1.0,offshore
41.9922,42.4443,74840148,0.0373,synthetic-blacksea-mix,CC0-1.0,offshore
31.1615,41.7547,11194925,0.0000,synthetic-blacksea-mix,CC0-1.0,offshore
31.0823,43.5606,74798885,0.0249,synthetic-blacksea-mix,CC0-1.0,offshore
33.8645,40.6932,54842433,0.0000,synthetic-blacksea-mix,CC0-1.0,offshore
38.0439,40.7721,143492726,0.0220,synthetic-blacksea-mix,CC0-1.0,offshore
41.8932,46.3101,143354061,0.0194,synthetic-blacksea-mix,CC0-1.0,offshore
29.5976,42.4372,81159030,0.0747,synthetic-blacksea-mix,CC0-1.0,offshore
27.1859,40.2775,128435224,0.0097,synthetic-blacksea-mix,CC0-1.0,offshore
27.0363,46.5903,124421578,0.0000,synthetic-blacksea-mix,CC0-1.0,offshore
32.4699,42.9569,68027961,0.0000,synthetic-blacksea-mix,CC0-1.0,offshore
40.0435,46.9846,134907299,0.0000,synthetic-blacksea-mix,CC0-1.0,offshore
31.6790,43.3519,70384866,0.0223,synthetic-blacksea-mix,CC0-1.0,offshore
38.3264,43.6040,54646648,0.0000,synthetic-blacksea-mix,CC0-1.0,offshore
27.6248,43.8336,131585327,0.0000,synthetic-blacksea-mix,CC0-1.0,offshore
39.2041,46.3360,108840860,0.0000,synthetic-blacksea-mix,CC0-1.0,offshore
39.7668,43.9179,140159949,0.0000,synthetic-blacksea-mix,CC0-1.0,Sochi
38.8703,42.4719,71796674,0.0000,synthetic-blacksea-mix,CC0-1.0,offshore
37.0777,42.4861,150115551,0.0283,synthetic-blacksea-mix,CC0-1.0,offshore
40.6018,40.9081,76420644,0.0929,synthetic-blacksea-mix,CC0-1.0,offshore
41.5435,46.1479,45288599,0.0000,synthetic-blacksea-mix,CC0-1.0,offshore
33.2261,43.5502,84665554,0.0000,synthetic-blacksea-mix,CC0-1.0,offshore
30.0236,44.6361,47583081,0.0000,synthetic-blacksea-mix,CC0-1.0,offshore
34.8779,46.6120,89377954,0.0771,synthetic-blacksea-mix,CC0-1.0,offshore
36.9064,45.6523,66193254,0.0000,synthetic-blacksea-mix,CC0-1.0,offshore
32.8080,42.4354,41953926,0.0000,synthetic-blacksea-mix,CC0-1.0,offshore
30.7339,44.9768,99145971,0.0055,synthetic-blacksea-mix,CC0-1.0,offshore
38.4890,45.5039,92623150,0.0000,synthetic-blacksea-mix,CC0-1.0,offshore
41.1325,44.5713,36507833,0.0632,synthetic-blacksea-mix,CC0-1.0,offshore
30.0726,45.9087,50532533,0.0000,synthetic-blacksea-mix,CC0-1.0,offshore
29.4804,44.0877,37569619,0.0000,synthetic-blacksea-mix,CC0-1.0,offshore
30.4436,46.7785,21418361,0.0166,synthetic-blacksea-mix,CC0-1.0,offshore
39.9573,45.3900,56994957,0.0000,synthetic-blacksea-mix,CC0-1.0,offshore
38.3178,44.9444,87067020,0.0000,synthetic-blacksea-mix,CC0-1.0,offshore
40.0857,43.1753,51282546,0.0000,synthetic-blacksea-mix,CC0-1.0,offshore
36.0177,46.0672,95850806,0.0000,synthetic-blacksea-mix,CC0-1.0,offshore
39.0589,43.8180,110903087,0.0112,synthetic-blacksea-mix,CC0-1.0,offshore
40.3137,44.1205,27505146,0.0748,synthetic-blacksea-mix,CC0-1.0,offshore
32.9245,46.0568,101771851,0.0641,synthetic-blacksea-mix,CC0-1.0,offshore
33.3667,43.8286,93668439,0.0156,synthetic-blacksea-mix,CC0-1.0,offshore
30.5205,44.7964,141556026,0.0000,synthetic-blacksea-mix,CC0-1.0,offshore
35.5362,43.2233,107557447,0.1901,synthetic-blacksea-mix,CC0-1.0,offshore
30.6638,44.1898,89302962,0.0397,synthetic-blacksea-mix,CC0-1.0,offshore
33.6630,41.4149,29260256,0.0000,synthetic-blacksea-mix,CC0-1.0,offshore
27.1123,46.1088,21961568,0.0057,synthetic-blacksea-mix,CC0-1.0,offshore
35.7555,41.9192,122755178,0.0009,synthetic-blacksea-mix,CC0-1.0,offshore
32.0940,41.9938,111144034,0.0000,synthetic-blacksea-mix,CC0-1.0,offshore
41.2089,46.3270,53093452,0.0569,synthetic-blacksea-mix,CC0-1.0,offshore
37.2431,40.9856,47242727,0.0000,synthetic-blacksea-mix,CC0-1.0,offshore
29.8809,45.3570,1907369,0.0000,synthetic-blacksea-mix,CC0-1.0,offshore
34.0806,40.5214,92131397,0.0456,synthetic-blacksea-mix,CC0-1.0,offshore
40.0982,44.2572,64444917,0.0085,synthetic-blacksea-mix,CC0-1.0,offshore
38.8451,41.7792,11341822,0.0103,synthetic-blacksea-mix,CC0-1.0,offshore
29.0173,46.8775,92562720,0.0131,synthetic-blacksea-mix,CC0-1.0,offshore
31.1626,43.6620,83468530,0.0069,synthetic-blacksea-mix,CC0-1.0,offshore
31.6886,42.4931,11576437,0.0157,synthetic-blacksea-mix,CC0-1.0,offshore
34.8001,40.1043,39212368,0.0000,synthetic-blacksea-mix,CC0-1.0,offshore
40.1433,45.2314,836341,0.0000,synthetic-blacksea-mix,CC0-1.0,offshore
31.0799,40.8978,12898291,0.0244,synthetic-blacksea-mix,CC0-1.0,offshore
33.3090,43.9340,90029389,0.0588,synthetic-blacksea-mix,CC0-1.0,offshore
34.0886,43.4549,55731826,0.3343,synthetic-blacksea-mix,CC0-1.0,offshore
34.8807,43.6859,149354399,0.1076,synthetic-blacksea-mix,CC0-1.0,offshore
27.4176,40.0405,76688973,0.0000,synthetic-blacksea-mix,CC0-1.0,offshore
35.2895,46.6669,124688135,0.0000,synthetic-blacksea-mix,CC0-1.0,offshore
33.5894,46.0772,23694065,0.0800,synthetic-blacksea-mix,CC0-1.0,offshore
35.5597,46.9839,111879392,0.0000,synthetic-blacksea-mix,CC0-1.0,offshore
28.6845,45.0875,71456533,0.0257,synthetic-blacksea-mix,CC0-1.0,offshore
40.2389,45.5591,51125523,0.0000,synthetic-blacksea-mix,CC0-1.0,offshore
27.5961,44.9914,149092978,0.0000,synthetic-blacksea-mix,CC0-1.0,offshore
41.7940,46.3530,33350323,0.0236,synthetic-blacksea-mix,CC0-1.0,offshore
39.1939,43.2886,8012895,0.0203,synthetic-blacksea-mix,CC0-1.0,offshore
30.6599,43.8340,98793863,0.0000,synthetic-blacksea-mix,CC0-1.0,offshore
31.5412,40.7845,43781829,0.0000,synthetic-blacksea-mix,CC0-1.0,offshore
41.2647,45.7306,31867239,0.0032,synthetic-blacksea-mix,CC0-1.0,offshore
39.3207,46.5205,44576672,0.0518,synthetic-blacksea-mix,CC0-1.0,offshore
34.2298,42.9545,61787043,0.1142,synthetic-blacksea-mix,CC0-1.0,offshore
34.2218,43.8310,46717773,0.3107,synthetic-blacksea-mix,CC0-1.0,offshore
31.3823,41.8852,109721407,0.0783,synthetic-blacksea-mix,CC0-1.0,offshore
29.7326,43.5000,81449265,0.0000,synthetic-blacksea-mix,CC0-1.0,offshore
31.5433,45.0256,1206273,0.0286,synthetic-blacksea-mix,CC0-1.0,offshore
34.2966,43.2990,69184447,0.3604,synthetic-blacksea-mix,CC0-1.0,offshore
41.9391,44.6313,138608056,0.0304,synthetic-blacksea-mix,CC0-1.0,offshore
37.2696,41.0727,101890322,0.0000,synthetic-blacksea-mix,CC0-1.0,offshore
32.8049,42.1584,106669067,0.0000,synthetic-blacksea-mix,CC0-1.0,offshore
28.1704,40.8000,118793246,0.0310,synthetic-blacksea-mix,CC0-1.0,offshore
37.3265,40.3144,87668735,0.0359,synthetic-blacksea-mix,CC0-1.0,offshore
29.6594,42.7811,22666731,0.0000,synthetic-blacksea-mix,CC0-1.0,offshore
33.0363,41.0132,51423675,0.0000,synthetic-blacksea-mix,CC0-1.0,offshore
35.2566,41.5671,41548708,0.0262,synthetic-blacksea-mix,CC0-1.0,offshore
31.9566,46.1931,106256763,0.0059,synthetic-blacksea-mix,CC0-1.0,offshore
33.9575,46.4457,153988209,0.0000,synthetic-blacksea-mix,CC0-1.0,offshore
31.7342,43.8415,102237887,0.0000,synthetic-blacksea-mix,CC0-1.0,offshore
27.5036,42.4950,133800329,0.0000,synthetic-blacksea-mix,CC0-1.0,Burgas
28.3449,42.1193,1286881,0.0000,synthetic-blacksea-mix,CC0-1.0,offshore
38.0412,44.9434,23802805,0.0838,synthetic-blacksea-mix,CC0-1.0,Novorossiysk
28.1189,41.0680,68046940,0.0000,synthetic-blacksea-mix,CC0-1.0,offshore
37.7759,46.8513,12224676,0.0000,synthetic-blacksea-mix,CC0-1.0,offshore
27.8944,41.6056,66209035,0.0000,synthetic-blacksea-mix,CC0-1.0,offshore
33.8898,46.8784,5138033,0.0000,synthetic-blacksea-mix,CC0-1.0,offshore
34.8511,44.0758,73630363,0.2355,synthetic-blacksea-mix,CC0-1.0,offshore
35.6668,44.4163,112085597,0.0446,synthetic-blacksea-mix,CC0-1.0,offshore
40.2376,43.3926,157652764,0.0000,synthetic-blacksea-mix,CC0-1.0,offshore
29.8090,44.6891,105256627,0.0000,synthetic-blacksea-mix,CC0-1.0,offshore
41.8659,42.4109,63313640,0.0299,synthetic-blacksea-mix,CC0-1.0,offshore
37.3284,43.4494,68184896,0.0000,synthetic-blacksea-mix,CC0-1.0,offshore
38.4462,41.2843,51464838,0.0181,synthetic-blacksea-mix,CC0-1.0,offshore
38.8325,43.3313,109965401,0.0140,synthetic-blacksea-mix,CC0-1.0,offshore
32.0761,41.9958,53802516,0.0578,synthetic-blacksea-mix,CC0-1.0,offshore
28.8996,40.6662,118817570,0.0242,synthetic-blacksea-mix,CC0-1.0,offshore
36.8747,40.0602,34513084,0.0000,synthetic-blacksea-mix,CC0-1.0,offshore
34.5367,41.5050,87105250,0.0457,synthetic-blacksea-mix,CC0-1.0,offshore
37.4254,43.7469,88127880,0.0000,synthetic-blacksea-mix,CC0-1.0,offshore
32.1563,42.4593,33870597,0.0000,synthetic-blacksea-mix,CC0-1.0,offshore
28.7024,42.9164,45220741,0.0157,synthetic-blacksea-mix,CC0-1.0,offshore
41.9432,46.7617,119212366,0.0111,synthetic-blacksea-mix,CC0-1.0,offshore
40.0266,44.6738,77828697,0.0000,synthetic-blacksea-mix,CC0-1.0,offshore
27.2883,41.4947,117951002,0.0853,synthetic-blacksea-mix,CC0-1.0,offshore
40.6046,45.7405,51661237,0.0454,synthetic-blacksea-mix,CC0-1.0,offshore
31.4310,40.4493,23849891,0.0592,synthetic-blacksea-mix,CC0-1.0,offshore
34.8618,41.4119,102368579,0.0000,synthetic-blacksea-mix,CC0-1.0,offshore
39.8669,43.1535,125512708,0.0000,synthetic-blacksea-mix,CC0-1.0,Sochi
28.0767,44.6270,67496310,0.0000,synthetic-blacksea-mix,CC0-1.0,offshore
28.0075,44.8949,88420208,0.0239,synthetic-blacksea-mix,CC0-1.0,offshore
34.2806,40.3948,5761735,0.0000,synthetic-blacksea-mix,CC0-1.0,offshore
30.3096,44.9284,101966058,0.0000,synthetic-blacksea-mix,CC0-1.0,offshore
36.5380,42.8117,73292194,0.0604,synthetic-blacksea-mix,CC0-1.0,offshore
32.6073,45.9472,92031047,0.0024,synthetic-blacksea-mix,CC0-1.0,offshore
39.8892,45.7037,82731430,0.0000,synthetic-blacksea-mix,CC0-1.0,offshore
28.1389,45.1324,9556626,0.0000,synthetic-blacksea-mix,CC0-1.0,offshore
34.9722,46.2355,123257080,0.0597,synthetic-blacksea-mix,CC0-1.0,offshore
31.4196,42.8915,140792986,0.0000,synthetic-blacksea-mix,CC0-1.0,offshore
37.9077,46.9777,43346082,0.0946,synthetic-blacksea-mix,CC0-1.0,offshore
33.8429,40.4091,99435858,0.0899,synthetic-blacksea-mix,CC0-1.0,offshore
31.8312,42.4471,27610858,0.0470,synthetic-blacksea-mix,CC0-1.0,offshore
27.7444,40.5147,102586676,0.0143,synthetic-blacksea-mix,CC0-1.0,offshore
36.2316,44.0689,119396184,0.0000,synthetic-blacksea-mix,CC0-1.0,offshore
34.8246,42.5093,96467908,0.0132,synthetic-blacksea-mix,CC0-1.0,offshore
31.8516,43.3420,30116443,0.0633,synthetic-blacksea-mix,CC0-1.0,offshore
34.9826,42.3591,94467201,0.0813,synthetic-blacksea-mix,CC0-1.0,offshore
32.2371,42.0592,62311202,0.0000,synthetic-blacksea-mix,CC0-1.0,offshore
41.2934,40.7019,119985933,0.0000,synthetic-blacksea-mix,CC0-1.0,offshore
33.9577,42.4695,98496564,0.0374,synthetic-blacksea-mix,CC0-1.0,offshore
32.7597,41.7456,39101941,0.0130,synthetic-blacksea-mix,CC0-1.0,offshore
34.8451,43.0879,155629168,0.0000,synthetic-blacksea-mix,CC0-1.0,offshore
30.0723,40.0416,124094148,0.0000,synthetic-blacksea-mix,CC0-1.0,offshore
30.1637,46.5038,68570366,0.0000,synthetic-blacksea-mix,CC0-1.0,offshore
34.3689,41.7191,1011972,0.0608,synthetic-blacksea-mix,CC0-1.0,offshore
38.9406,44.7661,14987148,0.0120,synthetic-blacksea-mix,CC0-1.0,offshore
36.2240,46.5152,116645650,0.0257,synthetic-blacksea-mix,CC0-1.0,offshore
35.5578,44.0272,116500158,0.0546,synthetic-blacksea-mix,CC0-1.0,offshore
41.5689,40.4749,71691499,0.0000,synthetic-blacksea-mix,CC0-1.0,offshore
31.6245,43.3813,11594661,0.0487,synthetic-blacksea-mix,CC0-1.0,offshore
36.0431,42.7996,80686206,0.0000,synthetic-blacksea-mix,CC0-1.0,offshore
28.4306,41.9748,152743787,0.0099,synthetic-blacksea-mix,CC0-1.0,offshore
31.8387,46.0680,15482268,0.0000,synthetic-blacksea-mix,CC0-1.0,offshore
29.0688,42.2485,62109723,0.0137,synthetic-blacksea-mix,CC0-1.0,offshore
29.5693,46.9993,80190428,0.0998,synthetic-blacksea-mix,CC0-1.0,offshore
30.0512,41.0651,18807663,0.0000,synthetic-blacksea-mix,CC0-1.0,offshore
39.7245,41.7948,35419154,0.0094,synthetic-blacksea-mix,CC0-1.0,offshore
41.9952,46.7564,60209928,0.0814,synthetic-blacksea-mix,CC0-1.0,offshore
32.1714,40.6843,123170235,0.0319,synthetic-blacksea-mix,CC0-1.0,offshore
37.9111,46.9406,92019477,0.0299,synthetic-blacksea-mix,CC0-1.0,offshore
30.2439,40.5055,64785560,0.0000,synthetic-blacksea-mix,CC0-1.0,offshore
35.3747,41.6291,76216505,0.0000,synthetic-blacksea-mix,CC0-1.0,offshore
38.4488,42.4145,148790664,0.0000,synthetic-blacksea-mix,CC0-1.0,offshore
41.9724,40.8097,122969298,0.0463,synthetic-blacksea-mix,CC0-1.0,offshore
41.0131,46.2203,15472073,0.0000,synthetic-blacksea-mix,CC0-1.0,offshore
39.7650,41.9942,141724463,0.0000,synthetic-blacksea-mix,CC0-1.0,offshore
30.6703,43.7959,79996344,0.0195,synthetic-blacksea-mix,CC0-1.0,offshore
30.9682,40.1430,64013111,0.0000,synthetic-blacksea-mix,CC0-1.0,offshore
29.6454,44.4391,138366571,0.0000,synthetic-blacksea-mix,CC0-1.0,offshore
37.5523,43.8571,21339160,0.0000,synthetic-blacksea-mix,CC0-1.0,offshore
36.2191,45.8052,124952491,0.0000,synthetic-blacksea-mix,CC0-1.0,offshore
34.8923,40.3340,109983726,0.0395,synthetic-blacksea-mix,CC0-1.0,offshore
36.8947,46.4612,40753215,0.0000,synthetic-blacksea-mix,CC0-1.0,offshore
36.2292,44.1146,91177852,0.1440,synthetic-blacksea-mix,CC0-1.0,offshore
38.8343,45.4031,126446697,0.0102,synthetic-blacksea-mix,CC0-1.0,offshore
35.6198,45.6710,88704543,0.0856,synthetic-blacksea-mix,CC0-1.0,offshore
33.6134,41.0002,18755257,0.0000,synthetic-blacksea-mix,CC0-1.0,offshore
28.0683,41.5825,54935744,0.0000,synthetic-blacksea-mix,CC0-1.0,offshore
33.8861,46.4471,20594458,0.0149,synthetic-blacksea-mix,CC0-1.0,offshore
30.3950,42.8509,141960598,0.0000,synthetic-blacksea-mix,CC0-1.0,offshore
39.0925,45.9069,122658328,0.0000,synthetic-blacksea-mix,CC0-1.0,offshore
32.3500,42.2485,110779732,0.0000,synthetic-blacksea-mix,CC0-1.0,offshore
36.6871,44.6904,118382449,0.0337,synthetic-blacksea-mix,CC0-1.0,offshore
38.0126,44.0584,8371397,0.0000,synthetic-blacksea-mix,CC0-1.0,offshore
33.9713,46.7531,130716258,0.0771,synthetic-blacksea-mix,CC0-1.0,offshore
41.1845,45.3408,122804364,0.0390,synthetic-blacksea-mix,CC0-1.0,offshore
39.2638,45.4119,30350113,0.0335,synthetic-blacksea-mix,CC0-1.0,offshore
31.0995,43.7738,28850312,0.0158,synthetic-blacksea-mix,CC0-1.0,offshore
34.3750,41.2099,104893068,0.0819,synthetic-blacksea-mix,CC0-1.0,offshore
27.3691,41.2157,114168877,0.0001,synthetic-blacksea-mix,CC0-1.0,offshore
28.0831,41.0229,111231644,0.0000,synthetic-blacksea-mix,CC0-1.0,offshore
31.6459,46.7045,144459895,0.0000,synthetic-blacksea-mix,CC0-1.0,offshore
32.7397,42.9580,128950740,0.0933,synthetic-blacksea-mix,CC0-1.0,offshore
31.2125,46.2705,36622669,0.0000,synthetic-blacksea-mix,CC0-1.0,offshore
37.5225,40.2678,11450704,0.0000,synthetic-blacksea-mix,CC0-1.0,offshore
39.4907,44.1542,110502685,0.1016,synthetic-blacksea-mix,CC0-1.0,offshore
29.9791,40.5967,52139785,0.0668,synthetic-blacksea-mix,CC0-1.0,offshore
29.0666,41.7105,38637567,0.0000,synthetic-blacksea-mix,CC0-1.0,offshore
29.8632,44.6047,154597581,0.0000,synthetic-blacksea-mix,CC0-1.0,offshore
37.2559,41.2777,3390149,0.0000,synthetic-blacksea-mix,CC0-1.0,offshore
36.9270,42.7749,69420200,0.0520,synthetic-blacksea-mix,CC0-1.0,offshore
37.7583,41.2355,26459457,0.0000,synthetic-blacksea-mix,CC0-1.0,offshore
36.2186,41.7958,25082962,0.0315,synthetic-blacksea-mix,CC0-1.0,offshore
40.1362,40.7830,70354501,0.0000,synthetic-blacksea-mix,CC0-1.0,Trabzon
29.3488,43.2914,18950943,0.1049,synthetic-blacksea-mix,CC0-1.0,offshore
32.6132,43.6950,78512788,0.0467,synthetic-blacksea-mix,CC0-1.0,offshore
28.2244,42.8394,108456862,0.0160,synthetic-blacksea-mix,CC0-1.0,offshore
29.9786,43.8035,90984366,0.0270,synthetic-blacksea-mix,CC0-1.0,offshore
28.5987,43.0744,150604973,0.0000,synthetic-blacksea-mix,CC0-1.0,offshore
35.2387,43.2342,58244197,0.0000,synthetic-blacksea-mix,CC0-1.0,offshore
39.7724,44.5815,67614016,0.0718,synthetic-blacksea-mix,CC0-1.0,offshore
30.5854,44.8678,122274934,0.0000,synthetic-blacksea-mix,CC0-1.0,offshore
30.6436,43.7759,111204511,0.0000,synthetic-blacksea-mix,CC0-1.0,offshore
35.3529,40.6549,91021121,0.0058,synthetic-blacksea-mix,CC0-1.0,offshore
36.1244,44.2109,127732122,0.0455,synthetic-blacksea-mix,CC0-1.0,offshore
34.7492,44.2629,21098027,0.0000,synthetic-blacksea-mix,CC0-1.0,offshore
29.0077,42.6917,59484270,0.0000,synthetic-blacksea-mix,CC0-1.0,offshore
37.2964,40.7826,147921832,0.0045,synthetic-blacksea-mix,CC0-1.0,offshore
32.8454,44.4945,2732686,0.0100,synthetic-blacksea-mix,CC0-1.0,offshore
30.5407,44.8621,545998,0.0000,synthetic-blacksea-mix,CC0-1.0,offshore
27.3080,44.1251,48427144,0.0110,synthetic-blacksea-mix,CC0-1.0,offshore
34.6964,44.2328,25516379,0.0000,synthetic-blacksea-mix,CC0-1.0,offshore
29.2663,46.3269,39332425,0.0000,synthetic-blacksea-mix,CC0-1.0,offshore
28.6083,41.3981,117555440,0.0030,synthetic-blacksea-mix,CC0-1.0,offshore
33.9153,43.4099,32545100,0.0784,synthetic-blacksea-mix,CC0-1.0,offshore
36.2484,42.3400,14795389,0.0000,synthetic-blacksea-mix,CC0-1.0,offshore
37.2489,45.7568,156975053,0.0668,synthetic-blacksea-mix,CC0-1.0,offshore
27.0061,46.5686,144838403,0.0000,synthetic-blacksea-mix,CC0-1.0,offshore
27.3190,44.5608,114478296,0.0365,synthetic-blacksea-mix,CC0-1.0,offshore
40.4697,42.7345,57336620,0.0361,synthetic-blacksea-mix,CC0-1.0,offshore
29.1386,43.5351,108840507,0.0313,synthetic-blacksea-mix,CC0-1.0,offshore
31.1444,46.5948,4091860,0.0269,synthetic-blacksea-mix,CC0-1.0,offshore
29.0038,42.5580,146400777,0.0000,synthetic-blacksea-mix,CC0-1.0,offshore
32.8857,45.9632,41885194,0.0000,synthetic-blacksea-mix,CC0-1.0,offshore
27.4124,46.1769,89503548,0.0000,synthetic-blacksea-mix,CC0-1.0,offshore
28.6222,41.9126,82069596,0.0000,synthetic-blacksea-mix,CC0-1.0,offshore
37.5485,43.3609,126973327,0.1515,synthetic-blacksea-mix,CC0-1.0,offshore
33.8534,41.2357,48142225,0.0893,synthetic-blacksea-mix,CC0-1.0,offshore
31.3061,42.3142,147994370,0.0000,synthetic-blacksea-mix,CC0-1.0,offshore
29.9621,44.1462,155238315,0.0000,synthetic-blacksea-mix,CC0-1.0,offshore
41.4942,45.8950,47148175,0.0524,synthetic-blacksea-mix,CC0-1.0,offshore
29.5770,44.6763,139849225,0.0052,synthetic-blacksea-mix,CC0-1.0,offshore
37.8349,44.5550,69745158,0.0000,synthetic-blacksea-mix,CC0-1.0,Novorossiysk
32.9794,46.1801,75301849,0.0122,synthetic-blacksea-mix,CC0-1.0,offshore
28.7908,41.0786,80417004,0.0000,synthetic-blacksea-mix,CC0-1.0,offshore
33.3179,45.1275,68265368,0.0125,synthetic-blacksea-mix,CC0-1.0,offshore
37.9084,46.0943,49500173,0.0000,synthetic-blacksea-mix,CC0-1.0,offshore
27.6204,46.4741,12759109,0.0000,synthetic-blacksea-mix,CC0-1.0,offshore
31.7558,46.3535,107676553,0.0000,synthetic-blacksea-mix,CC0-1.0,offshore
33.4425,41.2900,37330714,0.0000,synthetic-blacksea-mix,CC0-1.0,offshore
40.6741,42.5334,106302925,0.0108,synthetic-blacksea-mix,CC0-1.0,offshore
28.0868,46.6325,28464222,0.0336,synthetic-blacksea-mix,CC0-1.0,offshore
41.1146,43.0141,81310505,0.0005,synthetic-blacksea-mix,CC0-1.0,offshore
29.5406,43.4099,144540998,0.0075,synthetic-blacksea-mix,CC0-1.0,offshore
31.4454,40.1994,35858334,0.0026,synthetic-blacksea-mix,CC0-1.0,offshore
28.3288,42.0109,114865558,0.0230,synthetic-blacksea-mix,CC0-1.0,offshore
40.9296,43.1940,126817796,0.0992,synthetic-blacksea-mix,CC0-1.0,offshore
32.7468,40.0677,14001827,0.0000,synthetic-blacksea-mix,CC0-1.0,offshore
38.2491,41.6871,145070562,0.0000,synthetic-blacksea-mix,CC0-1.0,offshore
37.7009,46.7365,69149856,0.0000,synthetic-blacksea-mix,CC0-1.0,offshore
36.7580,41.6197,12330016,0.0000,synthetic-blacksea-mix,CC0-1.0,offshore
34.3725,43.1911,90589973,0.0455,synthetic-blacksea-mix,CC0-1.0,offshore
34.7940,42.1655,130716986,0.0478,synthetic-blacksea-mix,CC0-1.0,offshore
32.3339,46.4489,77054889,0.0000,synthetic-blacksea-mix,CC0-1.0,offshore
35.6783,42.4320,39410340,0.0230,synthetic-blacksea-mix,CC0-1.0,offshore
33.8242,43.5197,136653931,0.0332,synthetic-blacksea-mix,CC0-1.0,offshore
37.9115,44.9212,23452828,0.0962,synthetic-blacksea-mix,CC0-1.0,Novorossiysk
37.9955,45.5076,9784340,0.0000,synthetic-blacksea-mix,CC0-1.0,offshore
28.9548,46.2611,113197246,0.1010,synthetic-blacksea-mix,CC0-1.0,offshore
31.0300,43.8054,52083556,0.0000,synthetic-blacksea-mix,CC0-1.0,offshore
38.2937,45.2061,59953749,0.0243,synthetic-blacksea-mix,CC0-1.0,offshore
29.6668,40.3627,153540357,0.1018,synthetic-blacksea-mix,CC0-1.0,offshore
36.9047,42.3417,156753508,0.0565,synthetic-blacksea-mix,CC0-1.0,offshore
33.9413,41.5966,115317558,0.0000,synthetic-blacksea-mix,CC0-1.0,offshore
35.6389,41.6765,148155818,0.1210,synthetic-blacksea-mix,CC0-1.0,offshore
35.1111,40.8466,62243648,0.0000,synthetic-blacksea-mix,CC0-1.0,offshore
29.8871,42.5429,133201858,0.0402,synthetic-blacksea-mix,CC0-1.0,offshore
40.1606,40.9861,141443376,0.0700,synthetic-blacksea-mix,CC0-1.0,Trabzon
39.8299,45.9530,65866075,0.0600,synthetic-blacksea-mix,CC0-1.0,offshore
35.9807,41.4405,4286804,0.0000,synthetic-blacksea-mix,CC0-1.0,offshore
34.6852,41.5767,63155435,0.0193,synthetic-blacksea-mix,CC0-1.0,offshore
39.5984,41.4398,65795620,0.0000,synthetic-blacksea-mix,CC0-1.0,Trabzon
34.5271,46.5973,137302176,0.0000,synthetic-blacksea-mix,CC0-1.0,offshore
36.3620,43.8073,149435833,0.0271,synthetic-blacksea-mix,CC0-1.0,offshore
31.9820,41.5521,157462020,0.0340,synthetic-blacksea-mix,CC0-1.0,offshore
32.7862,43.4473,92680020,0.0069,synthetic-blacksea-mix,CC0-1.0,offshore
32.1953,45.9610,143673659,0.0000,synthetic-blacksea-mix,CC0-1.0,offshore
39.2684,41.8458,64608399,0.0000,synthetic-blacksea-mix,CC0-1.0,offshore
28.9622,45.2856,140812312,0.0000,synthetic-blacksea-mix,CC0-1.0,offshore
30.0356,44.9219,143032030,0.0000,synthetic-blacksea-mix,CC0-1.0,offshore
35.7779,44.6460,62729451,0.0000,synthetic-blacksea-mix,CC0-1.0,offshore
29.3875,44.3440,156408817,0.0000,synthetic-blacksea-mix,CC0-1.0,offshore
37.1241,46.8829,129874789,0.0000,synthetic-blacksea-mix,CC0-1.0,offshore
35.9302,45.6593,93888255,0.0000,synthetic-blacksea-mix,CC0-1.0,offshore
40.9576,41.8558,20136778,0.0000,synthetic-blacksea-mix,CC0-1.0,offshore
38.7497,44.6476,95730381,0.0675,synthetic-blacksea-mix,CC0-1.0,offshore
30.4355,40.5229,121601082,0.0000,synthetic-blacksea-mix,CC0-1.0,offshore
29.7560,45.8959,121887717,0.0044,synthetic-blacksea-mix,CC0-1.0,offshore
28.7209,40.2025,50821086,0.0132,synthetic-blacksea-mix,CC0-1.0,offshore
36.7974,46.9223,23266578,0.0000,synthetic-blacksea-mix,CC0-1.0,offshore
30.8642,42.7507,105700680,0.0000,synthetic-blacksea-mix,CC0-1.0,offshore
35.7729,45.8271,141862576,0.0000,synthetic-blacksea-mix,CC0-1.0,offshore
36.9429,41.2389,24816565,0.0000,synthetic-blacksea-mix,CC0-1.0,offshore
34.7922,45.8573,103560356,0.0357,synthetic-blacksea-mix,CC0-1.0,offshore
36.0842,43.8413,54712925,0.0599,synthetic-blacksea-mix,CC0-1.0,offshore
29.6549,46.1510,42359638,0.0144,synthetic-blacksea-mix,CC0-1.0,offshore
34.2339,45.6129,123056035,0.0000,synthetic-blacksea-mix,CC0-1.0,offshore
40.3319,45.9686,146335262,0.0000,synthetic-blacksea-mix,CC0-1.0,offshore
39.2681,43.2921,79065694,0.0409,synthetic-blacksea-mix,CC0-1.0,offshore
35.0896,40.9108,94392275,0.0000,synthetic-blacksea-mix,CC0-1.0,offshore
41.9150,45.0523,32184149,0.0256,synthetic-blacksea-mix,CC0-1.0,offshore
34.7522,42.6819,140121221,0.0210,synthetic-blacksea-mix,CC0-1.0,offshore
30.0273,40.5174,135580607,0.0000,synthetic-blacksea-mix,CC0-1.0,offshore
29.9679,45.8287,57997785,0.0000,synthetic-blacksea-mix,CC0-1.0,offshore
27.8886,46.0290,151507329,0.0215,synthetic-blacksea-mix,CC0-1.0,offshore
38.0039,43.0966,46089585,0.0000,synthetic-blacksea-mix,CC0-1.0,offshore
41.5744,43.1284,61987744,0.0655,synthetic-blacksea-mix,CC0-1.0,offshore
32.8022,40.1429,116885146,0.0000,synthetic-blacksea-mix,CC0-1.0,offshore
32.0450,44.1190,26631801,0.1332,synthetic-blacksea-mix,CC0-1.0,offshore
33.8128,43.8715,1223020,0.0000,synthetic-blacksea-mix,CC0-1.0,offshore
30.0263,40.1164,99358893,0.0368,synthetic-blacksea-mix,CC0-1.0,offshore
29.0920,45.4324,57694473,0.0246,synthetic-blacksea-mix,CC0-1.0,offshore
35.7816,46.5382,89947450,0.0784,synthetic-blacksea-mix,CC0-1.0,offshore
41.0239,41.7543,96515358,0.0000,synthetic-blacksea-mix,CC0-1.0,offshore
27.6486,42.5357,92749299,0.0000,synthetic-blacksea-mix,CC0-1.0,Burgas
41.8512,46.1999,34139138,0.0000,synthetic-blacksea-mix,CC0-1.0,offshore
28.4078,45.5974,100065378,0.0264,synthetic-blacksea-mix,CC0-1.0,offshore
41.4427,40.5219,50861040,0.0000,synthetic-blacksea-mix,CC0-1.0,offshore
38.1484,45.9128,95508185,0.0000,synthetic-blacksea-mix,CC0-1.0,offshore
27.8116,43.3585,144495713,0.0000,synthetic-blacksea-mix,CC0-1.0,offshore
32.1126,43.6993,82358314,0.0270,synthetic-blacksea-mix,CC0-1.0,offshore
35.7030,44.8254,3748581,0.0000,synthetic-blacksea-mix,CC0-1.0,offshore
37.9099,45.9361,25868723,0.0549,synthetic-blacksea-mix,CC0-1.0,offshore
33.8096,41.6577,93064069,0.0417,synthetic-blacksea-mix,CC0-1.0,offshore
35.5002,41.6885,49038334,0.1000,synthetic-blacksea-mix,CC0-1.0,offshore
30.5633,40.2199,31674847,0.0394,synthetic-blacksea-mix,CC0-1.0,offshore
40.9988,40.5183,52209549,0.0482,synthetic-blacksea-mix,CC0-1.0,offshore
33.5538,40.3420,39122205,0.0000,synthetic-blacksea-mix,CC0-1.0,offshore
37.5339,46.3459,81983524,0.0169,synthetic-blacksea-mix,CC0-1.0,offshore
34.7774,41.8329,11374244,0.0000,synthetic-blacksea-mix,CC0-1.0,offshore
33.9322,46.6916,46698761,0.0216,synthetic-blacksea-mix,CC0-1.0,offshore
31.8944,45.8493,69555129,0.0038,synthetic-blacksea-mix,CC0-1.0,offshore
36.0455,42.2920,10258723,0.0000,synthetic-blacksea-mix,CC0-1.0,offshore
27.4360,44.4549,107952035,0.0392,synthetic-blacksea-mix,CC0-1.0,offshore
33.0475,45.2863,51506173,0.0389,synthetic-blacksea-mix,CC0-1.0,offshore
30.7235,44.3306,97339003,0.0360,synthetic-blacksea-mix,CC0-1.0,offshore
40.2702,46.2904,50175096,0.0000,synthetic-blacksea-mix,CC0-1.0,offshore
38.4483,41.8413,29484698,0.0161,synthetic-blacksea-mix,CC0-1.0,offshore
37.7904,40.1119,141746177,0.0275,synthetic-blacksea-mix,CC0-1.0,offshore
35.9377,41.0170,62040357,0.0964,synthetic-blacksea-mix,CC0-1.0,offshore
27.5214,40.9921,107079816,0.0135,synthetic-blacksea-mix,CC0-1.0,offshore
31.7939,43.4393,14821708,0.0751,synthetic-blacksea-mix,CC0-1.0,offshore
27.7533,44.4042,48735829,0.0000,synthetic-blacksea-mix,CC0-1.0,offshore
37.4386,40.9507,91235039,0.0034,synthetic-blacksea-mix,CC0-1.0,offshore
30.5033,40.2055,99296058,0.0122,synthetic-blacksea-mix,CC0-1.0,offshore
41.7754,41.3414,30222066,0.0031,synthetic-blacksea-mix,CC0-1.0,offshore
40.7610,41.1178,98081559,0.0330,synthetic-blacksea-mix,CC0-1.0,offshore
32.1467,41.3949,4658841,0.0317,synthetic-blacksea-mix,CC0-1.0,offshore
41.1915,46.8712,19127736,0.0000,synthetic-blacksea-mix,CC0-1.0,offshore
32.7747,40.6783,70912527,0.0265,synthetic-blacksea-mix,CC0-1.0,offshore
39.7753,42.7103,36414256,0.0000,synthetic-blacksea-mix,CC0-1.0,offshore
40.2412,43.5877,11080899,0.0000,synthetic-blacksea-mix,CC0-1.0,offshore
34.4761,41.4923,15538056,0.0179,synthetic-blacksea-mix,CC0-1.0,offshore
31.5250,40.1561,145984849,0.0000,synthetic-blacksea-mix,CC0-1.0,offshore
30.7603,40.4676,41838293,0.0763,synthetic-blacksea-mix,CC0-1.0,offshore
40.3284,46.6628,26689869,0.0663,synthetic-blacksea-mix,CC0-1.0,offshore
41.7513,45.0112,123554536,0.0000,synthetic-blacksea-mix,CC0-1.0,offshore
29.2788,45.2152,6837237,0.0944,synthetic-blacksea-mix,CC0-1.0,offshore
27.8257,41.9144,94552993,0.0362,synthetic-blacksea-mix,CC0-1.0,offshore
34.7420,42.5960,104382296,0.0212,synthetic-blacksea-mix,CC0-1.0,offshore
34.0312,43.7203,139288097,0.0281,synthetic-blacksea-mix,CC0-1.0,offshore
37.8447,40.7028,110940463,0.0367,synthetic-blacksea-mix,CC0-1.0,offshore
40.6914,45.4597,136771481,0.0000,synthetic-blacksea-mix,CC0-1.0,offshore
31.8279,41.6247,9454000,0.0000,synthetic-blacksea-mix,CC0-1.0,offshore
29.7029,43.7216,155467979,0.0000,synthetic-blacksea-mix,CC0-1.0,offshore
30.3537,44.7138,40619801,0.0684,synthetic-blacksea-mix,CC0-1.0,offshore
27.5422,44.2979,59583336,0.0000,synthetic-blacksea-mix,CC0-1.0,offshore
31.1568,41.0554,74521468,0.0138,synthetic-blacksea-mix,CC0-1.0,offshore
37.2119,44.1008,109742348,0.0476,synthetic-blacksea-mix,CC0-1.0,offshore
29.1434,43.6577,120260959,0.0612,synthetic-blacksea-mix,CC0-1.0,offshore
34.7822,41.5038,36174447,0.0034,synthetic-blacksea-mix,CC0-1.0,offshore
29.4095,45.0715,144287828,0.0000,synthetic-blacksea-mix,CC0-1.0,offshore
36.7783,45.2148,124532301,0.0386,synthetic-blacksea-mix,CC0-1.0,offshore
27.9080,40.2818,91418763,0.0000,synthetic-blacksea-mix,CC0-1.0,offshore
37.7344,44.6354,112143180,0.0598,synthetic-blacksea-mix,CC0-1.0,Novorossiysk
29.1697,45.4097,85350249,0.0424,synthetic-blacksea-mix,CC0-1.0,offshore
38.2483,46.0117,110311188,0.0000,synthetic-blacksea-mix,CC0-1.0,offshore
27.0142,42.1045,56754663,0.0000,synthetic-blacksea-mix,CC0-1.0,offshore
29.6203,42.8387,135752766,0.0000,synthetic-blacksea-mix,CC0-1.0,offshore
32.6325,41.1900,108757850,0.0000,synthetic-blacksea-mix,CC0-1.0,offshore
41.6099,45.9036,2482297,0.0000,synthetic-blacksea-mix,CC0-1.0,offshore
32.8209,41.8563,97264772,0.0000,synthetic-blacksea-mix,CC0-1.0,offshore
31.7441,46.8816,99573885,0.0096,synthetic-blacksea-mix,CC0-1.0,offshore
40.7951,45.7923,67566416,0.0000,synthetic-blacksea-mix,CC0-1.0,offshore
28.8203,41.6172,35795372,0.0000,synthetic-blacksea-mix,CC0-1.0,offshore
38.6241,42.0884,77398409,0.0000,synthetic-blacksea-mix,CC0-1.0,offshore
34.7306,44.5189,92639750,0.0502,synthetic-blacksea-mix,CC0-1.0,offshore
37.4237,46.8232,77904016,0.0476,synthetic-blacksea-mix,CC0-1.0,offshore
37.8961,46.7199,5065271,0.0000,synthetic-blacksea-mix,CC0-1.0,offshore
37.5997,46.0282,3744114,0.0998,synthetic-blacksea-mix,CC0-1.0,offshore
34.0432,40.2773,125190035,0.0000,synthetic-blacksea-mix,CC0-1.0,offshore
29.8225,40.1567,20071369,0.0167,synthetic-blacksea-mix,CC0-1.0,offshore
40.3418,43.3726,144705654,0.0000,synthetic-blacksea-mix,CC0-1.0,offshore
33.9578,40.6725,64356586,0.0135,synthetic-blacksea-mix,CC0-1.0,offshore
27.9594,42.2567,134871604,0.0000,synthetic-blacksea-mix,CC0-1.0,offshore
32.7646,44.7739,48565495,0.0010,synthetic-blacksea-mix,CC0-1.0,offshore
33.7830,46.3792,43190724,0.0232,synthetic-blacksea-mix,CC0-1.0,offshore
39.5491,42.2829,106616648,0.0824,synthetic-blacksea-mix,CC0-1.0,offshore
31.6024,45.7511,55028852,0.0000,synthetic-blacksea-mix,CC0-1.0,offshore
41.8985,45.9006,106511529,0.0000,synthetic-blacksea-mix,CC0-1.0,offshore
27.7936,43.9083,10581506,0.0000,synthetic-blacksea-mix,CC0-1.0,offshore
39.1399,41.7025,119113867,0.0076,synthetic-blacksea-mix,CC0-1.0,offshore
32.1726,41.7493,150918145,0.0413,synthetic-blacksea-mix,CC0-1.0,offshore
29.6461,40.5675,97042894,0.0000,synthetic-blacksea-mix,CC0-1.0,offshore
36.7885,40.4587,104351913,0.0426,synthetic-blacksea-mix,CC0-1.0,offshore
32.1550,40.9041,8084313,0.0000,synthetic-blacksea-mix,CC0-1.0,offshore
27.8809,45.9272,20247133,0.0000,synthetic-blacksea-mix,CC0-1.0,offshore
27.7889,43.2349,69090798,0.0878,synthetic-blacksea-mix,CC0-1.0,offshore
34.5720,45.8303,78015474,0.0000,synthetic-blacksea-mix,CC0-1.0,offshore
35.1098,43.9956,121834822,0.0000,synthetic-blacksea-mix,CC0-1.0,offshore
30.6447,40.5463,23131064,0.0297,synthetic-blacksea-mix,CC0-1.0,offshore
28.0999,42.3272,58288595,0.0000,synthetic-blacksea-mix,CC0-1.0,offshore
36.6062,44.3019,117249098,0.0000,synthetic-blacksea-mix,CC0-1.0,offshore
41.1916,42.4389,65204654,0.0334,synthetic-blacksea-mix,CC0-1.0,offshore
28.9179,44.6270,146334591,0.0564,synthetic-blacksea-mix,CC0-1.0,offshore
30.1264,44.3552,12671763,0.0000,synthetic-blacksea-mix,CC0-1.0,offshore
27.5551,45.2932,83708307,0.0070,synthetic-blacksea-mix,CC0-1.0,offshore
36.8399,41.5878,45962643,0.0000,synthetic-blacksea-mix,CC0-1.0,offshore
30.8030,43.7658,57489478,0.0000,synthetic-blacksea-mix,CC0-1.0,offshore
30.9896,42.4276,43388967,0.0000,synthetic-blacksea-mix,CC0-1.0,offshore
29.6455,44.3653,130463979,0.0732,synthetic-blacksea-mix,CC0-1.0,offshore
30.2665,40.4126,65566751,0.0000,synthetic-blacksea-mix,CC0-1.0,offshore
32.4758,44.5386,74672405,0.0000,synthetic-blacksea-mix,CC0-1.0,offshore
31.0279,41.2362,32656867,0.0355,synthetic-blacksea-mix,CC0-1.0,offshore
30.3678,45.9015,23660967,0.0000,synthetic-blacksea-mix,CC0-1.0,offshore
28.1034,41.3104,123168489,0.0000,synthetic-blacksea-mix,CC0-1.0,offshore
36.4961,43.0977,148531838,0.0533,synthetic-blacksea-mix,CC0-1.0,offshore
35.9090,42.8827,27436674,0.0333,synthetic-blacksea-mix,CC0-1.0,offshore
35.0568,42.5225,86191102,0.0624,synthetic-blacksea-mix,CC0-1.0,offshore
27.4402,41.9814,153368065,0.0000,synthetic-blacksea-mix,CC0-1.0,offshore
37.7666,41.8575,109376186,0.0832,synthetic-blacksea-mix,CC0-1.0,offshore
27.3868,42.8311,117872204,0.0000,synthetic-blacksea-mix,CC0-1.0,Burgas
32.6430,44.3849,107412884,0.0000,synthetic-blacksea-mix,CC0-1.0,offshore
41.8945,40.6714,127644049,0.0251,synthetic-blacksea-mix,CC0-1.0,offshore
31.8657,44.5797,114632455,0.0000,synthetic-blacksea-mix,CC0-1.0,offshore
27.7227,44.7451,49107271,0.0724,synthetic-blacksea-mix,CC0-1.0,offshore
39.8575,44.0358,53088992,0.0000,synthetic-blacksea-mix,CC0-1.0,Sochi
30.2938,41.0865,37165742,0.0025,synthetic-blacksea-mix,CC0-1.0,offshore
32.6145,43.5190,143316764,0.0000,synthetic-blacksea-mix,CC0-1.0,offshore
28.6434,43.6226,151972761,0.0296,synthetic-blacksea-mix,CC0-1.0,offshore
36.4205,46.6645,34572254,0.1071,synthetic-blacksea-mix,CC0-1.0,offshore
